[2026-08-30T11:27:16.529+0000] {manager.py:470} INFO - Processing files using up to 2 processes at a time 
[2026-08-30T11:27:16.535+0000] {manager.py:471} INFO - Process each file at most once every 30 seconds
[2026-08-30T11:27:16.537+0000] {manager.py:472} INFO - Checking for new files in /opt/airflow/dags every 300 seconds
[2026-08-30T11:27:16.540+0000] {manager.py:737} INFO - Searching for files in /opt/airflow/dags
[2026-08-30T11:27:16.652+0000] {manager.py:740} INFO - There are 1 files in /opt/airflow/dags
[2026-08-30T11:27:16.802+0000] {manager.py:878} INFO - 
================================================================================
DAG File Processing Stats

File Path                              PID  Runtime      # DAGs    # Errors  Last Runtime    Last Run
-----------------------------------  -----  ---------  --------  ----------  --------------  ----------
/opt/airflow/dags/minio-to-kafka.py     25  0.06s             0           0
================================================================================
[2026-08-30T11:27:47.020+0000] {manager.py:878} INFO - 
================================================================================
DAG File Processing Stats

File Path                            PID    Runtime      # DAGs    # Errors  Last Runtime    Last Run
-----------------------------------  -----  ---------  --------  ----------  --------------  -------------------
/opt/airflow/dags/minio-to-kafka.py                           1           0  5.27s           2026-08-30T11:27:22
================================================================================
[2026-08-30T11:28:17.361+0000] {manager.py:878} INFO - 
================================================================================
DAG File Processing Stats

File Path                            PID    Runtime      # DAGs    # Errors  Last Runtime    Last Run
-----------------------------------  -----  ---------  --------  ----------  --------------  -------------------
/opt/airflow/dags/minio-to-kafka.py                           1           0  1.14s           2026-08-30T11:27:53
================================================================================
[2026-08-30T11:28:47.369+0000] {manager.py:878} INFO - 
================================================================================
DAG File Processing Stats

File Path                            PID    Runtime      # DAGs    # Errors  Last Runtime    Last Run
-----------------------------------  -----  ---------  --------  ----------  --------------  -------------------
/opt/airflow/dags/minio-to-kafka.py                           1           0  2.77s           2026-08-30T11:28:26
================================================================================
[2026-08-30T11:29:17.814+0000] {manager.py:878} INFO - 
================================================================================
DAG File Processing Stats

File Path                            PID    Runtime      # DAGs    # Errors  Last Runtime    Last Run
-----------------------------------  -----  ---------  --------  ----------  --------------  -------------------
/opt/airflow/dags/minio-to-kafka.py                           1           0  2.45s           2026-08-30T11:28:58
================================================================================
[2026-08-30T11:29:48.531+0000] {manager.py:878} INFO - 
================================================================================
DAG File Processing Stats

File Path                            PID    Runtime      # DAGs    # Errors  Last Runtime    Last Run
-----------------------------------  -----  ---------  --------  ----------  --------------  -------------------
/opt/airflow/dags/minio-to-kafka.py                           1           0  1.07s           2026-08-30T11:29:30
================================================================================
[2026-08-30T11:30:18.921+0000] {manager.py:878} INFO - 
================================================================================
DAG File Processing Stats

File Path                            PID    Runtime      # DAGs    # Errors  Last Runtime    Last Run
-----------------------------------  -----  ---------  --------  ----------  --------------  -------------------
/opt/airflow/dags/minio-to-kafka.py                           1           0  1.10s           2026-08-30T11:30:01
================================================================================
[2026-08-30T11:30:49.357+0000] {manager.py:878} INFO - 
================================================================================
DAG File Processing Stats

File Path                            PID    Runtime      # DAGs    # Errors  Last Runtime    Last Run
-----------------------------------  -----  ---------  --------  ----------  --------------  -------------------
/opt/airflow/dags/minio-to-kafka.py                           1           0  1.05s           2026-08-30T11:30:33
================================================================================
[2026-08-30T11:31:19.734+0000] {manager.py:878} INFO - 
================================================================================
DAG File Processing Stats

File Path                            PID    Runtime      # DAGs    # Errors  Last Runtime    Last Run
-----------------------------------  -----  ---------  --------  ----------  --------------  -------------------
/opt/airflow/dags/minio-to-kafka.py                           1           0  0.96s           2026-08-30T11:31:04
================================================================================
[2026-08-30T11:31:49.990+0000] {manager.py:878} INFO - 
================================================================================
DAG File Processing Stats

File Path                            PID    Runtime      # DAGs    # Errors  Last Runtime    Last Run
-----------------------------------  -----  ---------  --------  ----------  --------------  -------------------
/opt/airflow/dags/minio-to-kafka.py                           1           0  0.95s           2026-08-30T11:31:35
================================================================================
[2026-08-30T11:32:17.247+0000] {manager.py:737} INFO - Searching for files in /opt/airflow/dags
[2026-08-30T11:32:17.289+0000] {manager.py:740} INFO - There are 1 files in /opt/airflow/dags
[2026-08-30T11:32:20.341+0000] {manager.py:878} INFO - 
================================================================================
DAG File Processing Stats

File Path                            PID    Runtime      # DAGs    # Errors  Last Runtime    Last Run
-----------------------------------  -----  ---------  --------  ----------  --------------  -------------------
/opt/airflow/dags/minio-to-kafka.py                           1           0  1.33s           2026-08-30T11:32:07
================================================================================
[2026-08-30T11:32:50.459+0000] {manager.py:878} INFO - 
================================================================================
DAG File Processing Stats

File Path                            PID    Runtime      # DAGs    # Errors  Last Runtime    Last Run
-----------------------------------  -----  ---------  --------  ----------  --------------  -------------------
/opt/airflow/dags/minio-to-kafka.py                           1           0  1.79s           2026-08-30T11:32:39
================================================================================
[2026-08-30T11:33:20.732+0000] {manager.py:878} INFO - 
================================================================================
DAG File Processing Stats

File Path                            PID    Runtime      # DAGs    # Errors  Last Runtime    Last Run
-----------------------------------  -----  ---------  --------  ----------  --------------  -------------------
/opt/airflow/dags/minio-to-kafka.py                           1           0  2.31s           2026-08-30T11:33:11
================================================================================
[2026-08-30T11:33:50.916+0000] {manager.py:878} INFO - 
================================================================================
DAG File Processing Stats

File Path                            PID    Runtime      # DAGs    # Errors  Last Runtime    Last Run
-----------------------------------  -----  ---------  --------  ----------  --------------  -------------------
/opt/airflow/dags/minio-to-kafka.py                           1           0  1.91s           2026-08-30T11:33:44
================================================================================
[2026-08-30T11:34:21.341+0000] {manager.py:878} INFO - 
================================================================================
DAG File Processing Stats

File Path                            PID    Runtime      # DAGs    # Errors  Last Runtime    Last Run
-----------------------------------  -----  ---------  --------  ----------  --------------  -------------------
/opt/airflow/dags/minio-to-kafka.py                           1           0  1.22s           2026-08-30T11:34:15
================================================================================
[2026-08-30T11:34:51.595+0000] {manager.py:878} INFO - 
================================================================================
DAG File Processing Stats

File Path                            PID    Runtime      # DAGs    # Errors  Last Runtime    Last Run
-----------------------------------  -----  ---------  --------  ----------  --------------  -------------------
/opt/airflow/dags/minio-to-kafka.py                           1           0  1.32s           2026-08-30T11:34:46
================================================================================
[2026-08-30T11:34:56.927+0000] {manager.py:452} INFO - Exiting gracefully upon receiving signal 15
[2026-08-30T11:35:20.835+0000] {manager.py:470} INFO - Processing files using up to 2 processes at a time 
[2026-08-30T11:35:20.837+0000] {manager.py:471} INFO - Process each file at most once every 30 seconds
[2026-08-30T11:35:20.839+0000] {manager.py:472} INFO - Checking for new files in /opt/airflow/dags every 300 seconds
[2026-08-30T11:35:20.841+0000] {manager.py:737} INFO - Searching for files in /opt/airflow/dags
[2026-08-30T11:35:20.876+0000] {manager.py:740} INFO - There are 1 files in /opt/airflow/dags
[2026-08-30T11:35:21.004+0000] {manager.py:878} INFO - 
================================================================================
DAG File Processing Stats

File Path                              PID  Runtime      # DAGs    # Errors  Last Runtime    Last Run
-----------------------------------  -----  ---------  --------  ----------  --------------  ----------
/opt/airflow/dags/minio-to-kafka.py     25  0.06s             0           0
================================================================================
[2026-08-30T11:35:51.244+0000] {manager.py:878} INFO - 
================================================================================
DAG File Processing Stats

File Path                            PID    Runtime      # DAGs    # Errors  Last Runtime    Last Run
-----------------------------------  -----  ---------  --------  ----------  --------------  -------------------
/opt/airflow/dags/minio-to-kafka.py                           1           0  1.39s           2026-08-30T11:35:22
================================================================================
[2026-08-30T11:36:21.576+0000] {manager.py:878} INFO - 
================================================================================
DAG File Processing Stats

File Path                            PID    Runtime      # DAGs    # Errors  Last Runtime    Last Run
-----------------------------------  -----  ---------  --------  ----------  --------------  -------------------
/opt/airflow/dags/minio-to-kafka.py                           1           0  3.00s           2026-08-30T11:35:55
================================================================================
[2026-08-30T11:36:52.037+0000] {manager.py:878} INFO - 
================================================================================
DAG File Processing Stats

File Path                            PID    Runtime      # DAGs    # Errors  Last Runtime    Last Run
-----------------------------------  -----  ---------  --------  ----------  --------------  -------------------
/opt/airflow/dags/minio-to-kafka.py                           1           0  1.19s           2026-08-30T11:36:26
================================================================================
[2026-08-30T11:37:22.618+0000] {manager.py:878} INFO - 
================================================================================
DAG File Processing Stats

File Path                            PID    Runtime      # DAGs    # Errors  Last Runtime    Last Run
-----------------------------------  -----  ---------  --------  ----------  --------------  -------------------
/opt/airflow/dags/minio-to-kafka.py                           1           0  1.34s           2026-08-30T11:36:58
================================================================================
[2026-08-30T11:37:52.949+0000] {manager.py:878} INFO - 
================================================================================
DAG File Processing Stats

File Path                            PID    Runtime      # DAGs    # Errors  Last Runtime    Last Run
-----------------------------------  -----  ---------  --------  ----------  --------------  -------------------
/opt/airflow/dags/minio-to-kafka.py                           1           0  1.16s           2026-08-30T11:37:29
================================================================================
[2026-08-30T11:38:23.200+0000] {manager.py:878} INFO - 
================================================================================
DAG File Processing Stats

File Path                            PID    Runtime      # DAGs    # Errors  Last Runtime    Last Run
-----------------------------------  -----  ---------  --------  ----------  --------------  -------------------
/opt/airflow/dags/minio-to-kafka.py                           1           0  2.13s           2026-08-30T11:38:02
================================================================================
[2026-08-30T11:38:53.533+0000] {manager.py:878} INFO - 
================================================================================
DAG File Processing Stats

File Path                            PID    Runtime      # DAGs    # Errors  Last Runtime    Last Run
-----------------------------------  -----  ---------  --------  ----------  --------------  -------------------
/opt/airflow/dags/minio-to-kafka.py                           1           0  1.18s           2026-08-30T11:38:33
================================================================================
[2026-08-30T11:39:23.816+0000] {manager.py:878} INFO - 
================================================================================
DAG File Processing Stats

File Path                            PID    Runtime      # DAGs    # Errors  Last Runtime    Last Run
-----------------------------------  -----  ---------  --------  ----------  --------------  -------------------
/opt/airflow/dags/minio-to-kafka.py                           1           0  1.04s           2026-08-30T11:39:04
================================================================================
[2026-08-30T11:39:54.136+0000] {manager.py:878} INFO - 
================================================================================
DAG File Processing Stats

File Path                            PID    Runtime      # DAGs    # Errors  Last Runtime    Last Run
-----------------------------------  -----  ---------  --------  ----------  --------------  -------------------
/opt/airflow/dags/minio-to-kafka.py                           1           0  1.12s           2026-08-30T11:39:36
================================================================================
[2026-08-30T11:40:21.358+0000] {manager.py:737} INFO - Searching for files in /opt/airflow/dags
[2026-08-30T11:40:21.380+0000] {manager.py:740} INFO - There are 1 files in /opt/airflow/dags
[2026-08-30T11:40:24.431+0000] {manager.py:878} INFO - 
================================================================================
DAG File Processing Stats

File Path                            PID    Runtime      # DAGs    # Errors  Last Runtime    Last Run
-----------------------------------  -----  ---------  --------  ----------  --------------  -------------------
/opt/airflow/dags/minio-to-kafka.py                           1           0  0.97s           2026-08-30T11:40:07
================================================================================
[2026-08-30T11:40:54.740+0000] {manager.py:878} INFO - 
================================================================================
DAG File Processing Stats

File Path                            PID    Runtime      # DAGs    # Errors  Last Runtime    Last Run
-----------------------------------  -----  ---------  --------  ----------  --------------  -------------------
/opt/airflow/dags/minio-to-kafka.py                           1           0  1.05s           2026-08-30T11:40:38
================================================================================
[2026-08-30T11:41:25.044+0000] {manager.py:878} INFO - 
================================================================================
DAG File Processing Stats

File Path                            PID    Runtime      # DAGs    # Errors  Last Runtime    Last Run
-----------------------------------  -----  ---------  --------  ----------  --------------  -------------------
/opt/airflow/dags/minio-to-kafka.py                           1           0  1.04s           2026-08-30T11:41:09
================================================================================
[2026-08-30T11:41:55.393+0000] {manager.py:878} INFO - 
================================================================================
DAG File Processing Stats

File Path                            PID    Runtime      # DAGs    # Errors  Last Runtime    Last Run
-----------------------------------  -----  ---------  --------  ----------  --------------  -------------------
/opt/airflow/dags/minio-to-kafka.py                           1           0  1.09s           2026-08-30T11:41:41
================================================================================
[2026-08-30T11:42:25.670+0000] {manager.py:878} INFO - 
================================================================================
DAG File Processing Stats

File Path                            PID    Runtime      # DAGs    # Errors  Last Runtime    Last Run
-----------------------------------  -----  ---------  --------  ----------  --------------  -------------------
/opt/airflow/dags/minio-to-kafka.py                           1           0  1.09s           2026-08-30T11:42:12
================================================================================
[2026-08-30T11:42:55.983+0000] {manager.py:878} INFO - 
================================================================================
DAG File Processing Stats

File Path                            PID    Runtime      # DAGs    # Errors  Last Runtime    Last Run
-----------------------------------  -----  ---------  --------  ----------  --------------  -------------------
/opt/airflow/dags/minio-to-kafka.py                           1           0  1.24s           2026-08-30T11:42:44
================================================================================
[2026-08-30T11:43:26.298+0000] {manager.py:878} INFO - 
================================================================================
DAG File Processing Stats

File Path                            PID    Runtime      # DAGs    # Errors  Last Runtime    Last Run
-----------------------------------  -----  ---------  --------  ----------  --------------  -------------------
/opt/airflow/dags/minio-to-kafka.py                           1           0  1.08s           2026-08-30T11:43:15
================================================================================
[2026-08-30T11:43:56.618+0000] {manager.py:878} INFO - 
================================================================================
DAG File Processing Stats

File Path                            PID    Runtime      # DAGs    # Errors  Last Runtime    Last Run
-----------------------------------  -----  ---------  --------  ----------  --------------  -------------------
/opt/airflow/dags/minio-to-kafka.py                           1           0  1.02s           2026-08-30T11:43:46
================================================================================
[2026-08-30T11:44:26.899+0000] {manager.py:878} INFO - 
================================================================================
DAG File Processing Stats

File Path                            PID    Runtime      # DAGs    # Errors  Last Runtime    Last Run
-----------------------------------  -----  ---------  --------  ----------  --------------  -------------------
/opt/airflow/dags/minio-to-kafka.py                           1           0  1.12s           2026-08-30T11:44:17
================================================================================
[2026-08-30T11:44:57.275+0000] {manager.py:878} INFO - 
================================================================================
DAG File Processing Stats

File Path                            PID    Runtime      # DAGs    # Errors  Last Runtime    Last Run
-----------------------------------  -----  ---------  --------  ----------  --------------  -------------------
/opt/airflow/dags/minio-to-kafka.py                           1           0  2.32s           2026-08-30T11:44:50
================================================================================
[2026-08-30T11:45:21.535+0000] {manager.py:737} INFO - Searching for files in /opt/airflow/dags
[2026-08-30T11:45:21.593+0000] {manager.py:740} INFO - There are 1 files in /opt/airflow/dags
[2026-08-30T11:45:27.800+0000] {manager.py:878} INFO - 
================================================================================
DAG File Processing Stats

File Path                            PID    Runtime      # DAGs    # Errors  Last Runtime    Last Run
-----------------------------------  -----  ---------  --------  ----------  --------------  -------------------
/opt/airflow/dags/minio-to-kafka.py                           1           0  1.30s           2026-08-30T11:45:21
================================================================================
[2026-08-30T11:45:58.188+0000] {manager.py:878} INFO - 
================================================================================
DAG File Processing Stats

File Path                            PID    Runtime      # DAGs    # Errors  Last Runtime    Last Run
-----------------------------------  -----  ---------  --------  ----------  --------------  -------------------
/opt/airflow/dags/minio-to-kafka.py                           1           0  1.02s           2026-08-30T11:45:53
================================================================================
[2026-08-30T11:46:28.604+0000] {manager.py:878} INFO - 
================================================================================
DAG File Processing Stats

File Path                            PID    Runtime      # DAGs    # Errors  Last Runtime    Last Run
-----------------------------------  -----  ---------  --------  ----------  --------------  -------------------
/opt/airflow/dags/minio-to-kafka.py                           1           0  1.01s           2026-08-30T11:46:24
================================================================================
[2026-08-30T11:46:58.955+0000] {manager.py:878} INFO - 
================================================================================
DAG File Processing Stats

File Path                            PID    Runtime      # DAGs    # Errors  Last Runtime    Last Run
-----------------------------------  -----  ---------  --------  ----------  --------------  -------------------
/opt/airflow/dags/minio-to-kafka.py                           1           0  0.93s           2026-08-30T11:46:55
================================================================================
[2026-08-30T11:47:29.273+0000] {manager.py:878} INFO - 
================================================================================
DAG File Processing Stats

File Path                            PID    Runtime      # DAGs    # Errors  Last Runtime    Last Run
-----------------------------------  -----  ---------  --------  ----------  --------------  -------------------
/opt/airflow/dags/minio-to-kafka.py                           1           0  0.97s           2026-08-30T11:47:27
================================================================================
[2026-08-30T11:47:59.678+0000] {manager.py:878} INFO - 
================================================================================
DAG File Processing Stats

File Path                            PID    Runtime      # DAGs    # Errors  Last Runtime    Last Run
-----------------------------------  -----  ---------  --------  ----------  --------------  -------------------
/opt/airflow/dags/minio-to-kafka.py                           1           0  1.05s           2026-08-30T11:47:58
================================================================================
[2026-08-30T11:48:29.998+0000] {manager.py:878} INFO - 
================================================================================
DAG File Processing Stats

File Path                            PID    Runtime      # DAGs    # Errors  Last Runtime    Last Run
-----------------------------------  -----  ---------  --------  ----------  --------------  -------------------
/opt/airflow/dags/minio-to-kafka.py                           1           0  0.95s           2026-08-30T11:48:29
================================================================================
[2026-08-30T11:49:00.492+0000] {manager.py:878} INFO - 
================================================================================
DAG File Processing Stats

File Path                              PID  Runtime      # DAGs    # Errors  Last Runtime    Last Run
-----------------------------------  -----  ---------  --------  ----------  --------------  -------------------
/opt/airflow/dags/minio-to-kafka.py    103  0.02s             1           0  0.95s           2026-08-30T11:48:29
================================================================================
[2026-08-30T11:49:30.821+0000] {manager.py:878} INFO - 
================================================================================
DAG File Processing Stats

File Path                            PID    Runtime      # DAGs    # Errors  Last Runtime    Last Run
-----------------------------------  -----  ---------  --------  ----------  --------------  -------------------
/opt/airflow/dags/minio-to-kafka.py                           1           0  1.02s           2026-08-30T11:49:01
================================================================================
[2026-08-30T11:50:01.170+0000] {manager.py:878} INFO - 
================================================================================
DAG File Processing Stats

File Path                            PID    Runtime      # DAGs    # Errors  Last Runtime    Last Run
-----------------------------------  -----  ---------  --------  ----------  --------------  -------------------
/opt/airflow/dags/minio-to-kafka.py                           1           0  1.06s           2026-08-30T11:49:32
================================================================================
[2026-08-30T11:50:22.343+0000] {manager.py:737} INFO - Searching for files in /opt/airflow/dags
[2026-08-30T11:50:22.389+0000] {manager.py:740} INFO - There are 1 files in /opt/airflow/dags
[2026-08-30T11:50:31.553+0000] {manager.py:878} INFO - 
================================================================================
DAG File Processing Stats

File Path                            PID    Runtime      # DAGs    # Errors  Last Runtime    Last Run
-----------------------------------  -----  ---------  --------  ----------  --------------  -------------------
/opt/airflow/dags/minio-to-kafka.py                           1           0  0.96s           2026-08-30T11:50:04
================================================================================
[2026-08-30T11:51:01.900+0000] {manager.py:878} INFO - 
================================================================================
DAG File Processing Stats

File Path                            PID    Runtime      # DAGs    # Errors  Last Runtime    Last Run
-----------------------------------  -----  ---------  --------  ----------  --------------  -------------------
/opt/airflow/dags/minio-to-kafka.py                           1           0  0.96s           2026-08-30T11:50:35
================================================================================
[2026-08-30T11:51:32.103+0000] {manager.py:878} INFO - 
================================================================================
DAG File Processing Stats

File Path                            PID    Runtime      # DAGs    # Errors  Last Runtime    Last Run
-----------------------------------  -----  ---------  --------  ----------  --------------  -------------------
/opt/airflow/dags/minio-to-kafka.py                           1           0  1.04s           2026-08-30T11:51:06
================================================================================
[2026-08-30T11:52:02.522+0000] {manager.py:878} INFO - 
================================================================================
DAG File Processing Stats

File Path                            PID    Runtime      # DAGs    # Errors  Last Runtime    Last Run
-----------------------------------  -----  ---------  --------  ----------  --------------  -------------------
/opt/airflow/dags/minio-to-kafka.py                           1           0  0.99s           2026-08-30T11:51:38
================================================================================
[2026-08-30T11:52:32.958+0000] {manager.py:878} INFO - 
================================================================================
DAG File Processing Stats

File Path                            PID    Runtime      # DAGs    # Errors  Last Runtime    Last Run
-----------------------------------  -----  ---------  --------  ----------  --------------  -------------------
/opt/airflow/dags/minio-to-kafka.py                           1           0  1.00s           2026-08-30T11:52:09
================================================================================
[2026-08-30T11:53:03.279+0000] {manager.py:878} INFO - 
================================================================================
DAG File Processing Stats

File Path                            PID    Runtime      # DAGs    # Errors  Last Runtime    Last Run
-----------------------------------  -----  ---------  --------  ----------  --------------  -------------------
/opt/airflow/dags/minio-to-kafka.py                           1           0  0.94s           2026-08-30T11:52:40
================================================================================
[2026-08-30T11:53:33.652+0000] {manager.py:878} INFO - 
================================================================================
DAG File Processing Stats

File Path                            PID    Runtime      # DAGs    # Errors  Last Runtime    Last Run
-----------------------------------  -----  ---------  --------  ----------  --------------  -------------------
/opt/airflow/dags/minio-to-kafka.py                           1           0  1.02s           2026-08-30T11:53:12
================================================================================
[2026-08-30T11:54:04.093+0000] {manager.py:878} INFO - 
================================================================================
DAG File Processing Stats

File Path                            PID    Runtime      # DAGs    # Errors  Last Runtime    Last Run
-----------------------------------  -----  ---------  --------  ----------  --------------  -------------------
/opt/airflow/dags/minio-to-kafka.py                           1           0  1.04s           2026-08-30T11:53:43
================================================================================
[2026-08-30T11:54:34.489+0000] {manager.py:878} INFO - 
================================================================================
DAG File Processing Stats

File Path                            PID    Runtime      # DAGs    # Errors  Last Runtime    Last Run
-----------------------------------  -----  ---------  --------  ----------  --------------  -------------------
/opt/airflow/dags/minio-to-kafka.py                           1           0  1.49s           2026-08-30T11:54:15
================================================================================
[2026-08-30T11:55:04.905+0000] {manager.py:878} INFO - 
================================================================================
DAG File Processing Stats

File Path                            PID    Runtime      # DAGs    # Errors  Last Runtime    Last Run
-----------------------------------  -----  ---------  --------  ----------  --------------  -------------------
/opt/airflow/dags/minio-to-kafka.py                           1           0  0.96s           2026-08-30T11:54:47
================================================================================
[2026-08-30T11:55:22.529+0000] {manager.py:737} INFO - Searching for files in /opt/airflow/dags
[2026-08-30T11:55:22.599+0000] {manager.py:740} INFO - There are 1 files in /opt/airflow/dags
[2026-08-30T11:55:35.787+0000] {manager.py:878} INFO - 
================================================================================
DAG File Processing Stats

File Path                            PID    Runtime      # DAGs    # Errors  Last Runtime    Last Run
-----------------------------------  -----  ---------  --------  ----------  --------------  -------------------
/opt/airflow/dags/minio-to-kafka.py                           1           0  1.02s           2026-08-30T11:55:18
================================================================================
[2026-08-30T11:56:05.972+0000] {manager.py:878} INFO - 
================================================================================
DAG File Processing Stats

File Path                            PID    Runtime      # DAGs    # Errors  Last Runtime    Last Run
-----------------------------------  -----  ---------  --------  ----------  --------------  -------------------
/opt/airflow/dags/minio-to-kafka.py                           1           0  1.78s           2026-08-30T11:55:50
================================================================================
[2026-08-30T11:56:36.281+0000] {manager.py:878} INFO - 
================================================================================
DAG File Processing Stats

File Path                            PID    Runtime      # DAGs    # Errors  Last Runtime    Last Run
-----------------------------------  -----  ---------  --------  ----------  --------------  -------------------
/opt/airflow/dags/minio-to-kafka.py                           1           0  0.97s           2026-08-30T11:56:22
================================================================================
[2026-08-30T11:57:06.451+0000] {manager.py:878} INFO - 
================================================================================
DAG File Processing Stats

File Path                            PID    Runtime      # DAGs    # Errors  Last Runtime    Last Run
-----------------------------------  -----  ---------  --------  ----------  --------------  -------------------
/opt/airflow/dags/minio-to-kafka.py                           1           0  0.94s           2026-08-30T11:56:53
================================================================================
[2026-08-30T11:57:36.899+0000] {manager.py:878} INFO - 
================================================================================
DAG File Processing Stats

File Path                            PID    Runtime      # DAGs    # Errors  Last Runtime    Last Run
-----------------------------------  -----  ---------  --------  ----------  --------------  -------------------
/opt/airflow/dags/minio-to-kafka.py                           1           0  1.02s           2026-08-30T11:57:24
================================================================================
[2026-08-30T11:58:07.313+0000] {manager.py:878} INFO - 
================================================================================
DAG File Processing Stats

File Path                            PID    Runtime      # DAGs    # Errors  Last Runtime    Last Run
-----------------------------------  -----  ---------  --------  ----------  --------------  -------------------
/opt/airflow/dags/minio-to-kafka.py                           1           0  1.00s           2026-08-30T11:57:56
================================================================================
[2026-08-30T11:58:37.329+0000] {manager.py:878} INFO - 
================================================================================
DAG File Processing Stats

File Path                            PID    Runtime      # DAGs    # Errors  Last Runtime    Last Run
-----------------------------------  -----  ---------  --------  ----------  --------------  -------------------
/opt/airflow/dags/minio-to-kafka.py                           1           0  0.86s           2026-08-30T11:58:27
================================================================================
[2026-08-30T11:59:07.381+0000] {manager.py:878} INFO - 
================================================================================
DAG File Processing Stats

File Path                            PID    Runtime      # DAGs    # Errors  Last Runtime    Last Run
-----------------------------------  -----  ---------  --------  ----------  --------------  -------------------
/opt/airflow/dags/minio-to-kafka.py                           1           0  0.91s           2026-08-30T11:58:58
================================================================================
[2026-08-30T11:59:37.462+0000] {manager.py:878} INFO - 
================================================================================
DAG File Processing Stats

File Path                            PID    Runtime      # DAGs    # Errors  Last Runtime    Last Run
-----------------------------------  -----  ---------  --------  ----------  --------------  -------------------
/opt/airflow/dags/minio-to-kafka.py                           1           0  0.94s           2026-08-30T11:59:29
================================================================================
[2026-08-30T12:00:07.537+0000] {manager.py:878} INFO - 
================================================================================
DAG File Processing Stats

File Path                            PID    Runtime      # DAGs    # Errors  Last Runtime    Last Run
-----------------------------------  -----  ---------  --------  ----------  --------------  -------------------
/opt/airflow/dags/minio-to-kafka.py                           1           0  0.93s           2026-08-30T12:00:00
================================================================================
[2026-08-30T12:00:22.607+0000] {manager.py:737} INFO - Searching for files in /opt/airflow/dags
[2026-08-30T12:00:22.630+0000] {manager.py:740} INFO - There are 1 files in /opt/airflow/dags
[2026-08-30T12:00:37.734+0000] {manager.py:878} INFO - 
================================================================================
DAG File Processing Stats

File Path                            PID    Runtime      # DAGs    # Errors  Last Runtime    Last Run
-----------------------------------  -----  ---------  --------  ----------  --------------  -------------------
/opt/airflow/dags/minio-to-kafka.py                           1           0  1.12s           2026-08-30T12:00:31
================================================================================
[2026-08-30T12:01:07.895+0000] {manager.py:878} INFO - 
================================================================================
DAG File Processing Stats

File Path                            PID    Runtime      # DAGs    # Errors  Last Runtime    Last Run
-----------------------------------  -----  ---------  --------  ----------  --------------  -------------------
/opt/airflow/dags/minio-to-kafka.py                           1           0  1.01s           2026-08-30T12:01:02
================================================================================
[2026-08-30T12:01:38.083+0000] {manager.py:878} INFO - 
================================================================================
DAG File Processing Stats

File Path                            PID    Runtime      # DAGs    # Errors  Last Runtime    Last Run
-----------------------------------  -----  ---------  --------  ----------  --------------  -------------------
/opt/airflow/dags/minio-to-kafka.py                           1           0  1.05s           2026-08-30T12:01:34
================================================================================
[2026-08-30T12:02:08.271+0000] {manager.py:878} INFO - 
================================================================================
DAG File Processing Stats

File Path                            PID    Runtime      # DAGs    # Errors  Last Runtime    Last Run
-----------------------------------  -----  ---------  --------  ----------  --------------  -------------------
/opt/airflow/dags/minio-to-kafka.py                           1           0  1.09s           2026-08-30T12:02:05
================================================================================
[2026-08-30T12:02:38.485+0000] {manager.py:878} INFO - 
================================================================================
DAG File Processing Stats

File Path                            PID    Runtime      # DAGs    # Errors  Last Runtime    Last Run
-----------------------------------  -----  ---------  --------  ----------  --------------  -------------------
/opt/airflow/dags/minio-to-kafka.py                           1           0  2.68s           2026-08-30T12:02:38
================================================================================
[2026-08-30T12:03:08.649+0000] {manager.py:878} INFO - 
================================================================================
DAG File Processing Stats

File Path                              PID  Runtime      # DAGs    # Errors  Last Runtime    Last Run
-----------------------------------  -----  ---------  --------  ----------  --------------  -------------------
/opt/airflow/dags/minio-to-kafka.py    184  0.38s             1           0  2.68s           2026-08-30T12:02:38
================================================================================
[2026-08-30T12:03:38.782+0000] {manager.py:878} INFO - 
================================================================================
DAG File Processing Stats

File Path                            PID    Runtime      # DAGs    # Errors  Last Runtime    Last Run
-----------------------------------  -----  ---------  --------  ----------  --------------  -------------------
/opt/airflow/dags/minio-to-kafka.py                           1           0  0.96s           2026-08-30T12:03:09
================================================================================
[2026-08-30T12:04:08.895+0000] {manager.py:878} INFO - 
================================================================================
DAG File Processing Stats

File Path                            PID    Runtime      # DAGs    # Errors  Last Runtime    Last Run
-----------------------------------  -----  ---------  --------  ----------  --------------  -------------------
/opt/airflow/dags/minio-to-kafka.py                           1           0  1.23s           2026-08-30T12:03:40
================================================================================
[2026-08-30T12:04:39.107+0000] {manager.py:878} INFO - 
================================================================================
DAG File Processing Stats

File Path                            PID    Runtime      # DAGs    # Errors  Last Runtime    Last Run
-----------------------------------  -----  ---------  --------  ----------  --------------  -------------------
/opt/airflow/dags/minio-to-kafka.py                           1           0  0.99s           2026-08-30T12:04:11
================================================================================
[2026-08-30T12:05:09.469+0000] {manager.py:878} INFO - 
================================================================================
DAG File Processing Stats

File Path                            PID    Runtime      # DAGs    # Errors  Last Runtime    Last Run
-----------------------------------  -----  ---------  --------  ----------  --------------  -------------------
/opt/airflow/dags/minio-to-kafka.py                           1           0  1.06s           2026-08-30T12:04:43
================================================================================
[2026-08-30T12:05:22.707+0000] {manager.py:737} INFO - Searching for files in /opt/airflow/dags
[2026-08-30T12:05:22.786+0000] {manager.py:740} INFO - There are 1 files in /opt/airflow/dags
[2026-08-30T12:05:40.037+0000] {manager.py:878} INFO - 
================================================================================
DAG File Processing Stats

File Path                            PID    Runtime      # DAGs    # Errors  Last Runtime    Last Run
-----------------------------------  -----  ---------  --------  ----------  --------------  -------------------
/opt/airflow/dags/minio-to-kafka.py                           1           0  1.13s           2026-08-30T12:05:14
================================================================================
[2026-08-30T12:06:10.431+0000] {manager.py:878} INFO - 
================================================================================
DAG File Processing Stats

File Path                            PID    Runtime      # DAGs    # Errors  Last Runtime    Last Run
-----------------------------------  -----  ---------  --------  ----------  --------------  -------------------
/opt/airflow/dags/minio-to-kafka.py                           1           0  0.93s           2026-08-30T12:05:46
================================================================================
[2026-08-30T12:06:40.638+0000] {manager.py:878} INFO - 
================================================================================
DAG File Processing Stats

File Path                            PID    Runtime      # DAGs    # Errors  Last Runtime    Last Run
-----------------------------------  -----  ---------  --------  ----------  --------------  -------------------
/opt/airflow/dags/minio-to-kafka.py                           1           0  0.93s           2026-08-30T12:06:17
================================================================================
[2026-08-30T12:07:10.998+0000] {manager.py:878} INFO - 
================================================================================
DAG File Processing Stats

File Path                            PID    Runtime      # DAGs    # Errors  Last Runtime    Last Run
-----------------------------------  -----  ---------  --------  ----------  --------------  -------------------
/opt/airflow/dags/minio-to-kafka.py                           1           0  0.94s           2026-08-30T12:06:48
================================================================================
[2026-08-30T12:07:41.284+0000] {manager.py:878} INFO - 
================================================================================
DAG File Processing Stats

File Path                            PID    Runtime      # DAGs    # Errors  Last Runtime    Last Run
-----------------------------------  -----  ---------  --------  ----------  --------------  -------------------
/opt/airflow/dags/minio-to-kafka.py                           1           0  1.06s           2026-08-30T12:07:20
================================================================================
[2026-08-30T12:08:11.581+0000] {manager.py:878} INFO - 
================================================================================
DAG File Processing Stats

File Path                            PID    Runtime      # DAGs    # Errors  Last Runtime    Last Run
-----------------------------------  -----  ---------  --------  ----------  --------------  -------------------
/opt/airflow/dags/minio-to-kafka.py                           1           0  0.93s           2026-08-30T12:07:51
================================================================================
[2026-08-30T12:08:42.011+0000] {manager.py:878} INFO - 
================================================================================
DAG File Processing Stats

File Path                            PID    Runtime      # DAGs    # Errors  Last Runtime    Last Run
-----------------------------------  -----  ---------  --------  ----------  --------------  -------------------
/opt/airflow/dags/minio-to-kafka.py                           1           0  1.05s           2026-08-30T12:08:22
================================================================================
[2026-08-30T12:09:12.270+0000] {manager.py:878} INFO - 
================================================================================
DAG File Processing Stats

File Path                            PID    Runtime      # DAGs    # Errors  Last Runtime    Last Run
-----------------------------------  -----  ---------  --------  ----------  --------------  -------------------
/opt/airflow/dags/minio-to-kafka.py                           1           0  1.01s           2026-08-30T12:08:54
================================================================================
[2026-08-30T12:09:42.535+0000] {manager.py:878} INFO - 
================================================================================
DAG File Processing Stats

File Path                            PID    Runtime      # DAGs    # Errors  Last Runtime    Last Run
-----------------------------------  -----  ---------  --------  ----------  --------------  -------------------
/opt/airflow/dags/minio-to-kafka.py                           1           0  0.93s           2026-08-30T12:09:25
================================================================================
[2026-08-30T12:10:12.890+0000] {manager.py:878} INFO - 
================================================================================
DAG File Processing Stats

File Path                            PID    Runtime      # DAGs    # Errors  Last Runtime    Last Run
-----------------------------------  -----  ---------  --------  ----------  --------------  -------------------
/opt/airflow/dags/minio-to-kafka.py                           1           0  0.95s           2026-08-30T12:09:56
================================================================================
[2026-08-30T12:10:22.982+0000] {manager.py:737} INFO - Searching for files in /opt/airflow/dags
[2026-08-30T12:10:23.009+0000] {manager.py:740} INFO - There are 1 files in /opt/airflow/dags
[2026-08-30T12:10:43.127+0000] {manager.py:878} INFO - 
================================================================================
DAG File Processing Stats

File Path                            PID    Runtime      # DAGs    # Errors  Last Runtime    Last Run
-----------------------------------  -----  ---------  --------  ----------  --------------  -------------------
/opt/airflow/dags/minio-to-kafka.py                           1           0  0.91s           2026-08-30T12:10:27
================================================================================
[2026-08-30T12:11:13.621+0000] {manager.py:878} INFO - 
================================================================================
DAG File Processing Stats

File Path                            PID    Runtime      # DAGs    # Errors  Last Runtime    Last Run
-----------------------------------  -----  ---------  --------  ----------  --------------  -------------------
/opt/airflow/dags/minio-to-kafka.py                           1           0  1.23s           2026-08-30T12:10:59
================================================================================
[2026-08-30T12:11:44.017+0000] {manager.py:878} INFO - 
================================================================================
DAG File Processing Stats

File Path                            PID    Runtime      # DAGs    # Errors  Last Runtime    Last Run
-----------------------------------  -----  ---------  --------  ----------  --------------  -------------------
/opt/airflow/dags/minio-to-kafka.py                           1           0  1.29s           2026-08-30T12:11:31
================================================================================
[2026-08-30T12:54:38.172+0000] {manager.py:737} INFO - Searching for files in /opt/airflow/dags
[2026-08-30T12:54:41.945+0000] {manager.py:740} INFO - There are 1 files in /opt/airflow/dags
[2026-08-30T12:54:49.133+0000] {manager.py:878} INFO - 
================================================================================
DAG File Processing Stats

File Path                            PID    Runtime      # DAGs    # Errors  Last Runtime    Last Run
-----------------------------------  -----  ---------  --------  ----------  --------------  -------------------
/opt/airflow/dags/minio-to-kafka.py                           1           0  5.66s           2026-08-30T12:54:48
================================================================================
[2026-08-30T12:55:19.346+0000] {manager.py:878} INFO - 
================================================================================
DAG File Processing Stats

File Path                              PID  Runtime      # DAGs    # Errors  Last Runtime    Last Run
-----------------------------------  -----  ---------  --------  ----------  --------------  -------------------
/opt/airflow/dags/minio-to-kafka.py    238  1.03s             1           0  5.66s           2026-08-30T12:54:48
================================================================================
[2026-08-30T12:55:50.040+0000] {manager.py:878} INFO - 
================================================================================
DAG File Processing Stats

File Path                            PID    Runtime      # DAGs    # Errors  Last Runtime    Last Run
-----------------------------------  -----  ---------  --------  ----------  --------------  -------------------
/opt/airflow/dags/minio-to-kafka.py                           1           0  1.78s           2026-08-30T12:55:20
================================================================================
[2026-08-30T12:56:20.287+0000] {manager.py:878} INFO - 
================================================================================
DAG File Processing Stats

File Path                            PID    Runtime      # DAGs    # Errors  Last Runtime    Last Run
-----------------------------------  -----  ---------  --------  ----------  --------------  -------------------
/opt/airflow/dags/minio-to-kafka.py                           1           0  0.88s           2026-08-30T12:55:51
================================================================================
[2026-08-30T12:56:50.650+0000] {manager.py:878} INFO - 
================================================================================
DAG File Processing Stats

File Path                            PID    Runtime      # DAGs    # Errors  Last Runtime    Last Run
-----------------------------------  -----  ---------  --------  ----------  --------------  -------------------
/opt/airflow/dags/minio-to-kafka.py                           1           0  1.12s           2026-08-30T12:56:22
================================================================================
[2026-08-30T12:57:21.093+0000] {manager.py:878} INFO - 
================================================================================
DAG File Processing Stats

File Path                            PID    Runtime      # DAGs    # Errors  Last Runtime    Last Run
-----------------------------------  -----  ---------  --------  ----------  --------------  -------------------
/opt/airflow/dags/minio-to-kafka.py                           1           0  0.95s           2026-08-30T12:56:53
================================================================================
[2026-08-30T12:57:51.564+0000] {manager.py:878} INFO - 
================================================================================
DAG File Processing Stats

File Path                            PID    Runtime      # DAGs    # Errors  Last Runtime    Last Run
-----------------------------------  -----  ---------  --------  ----------  --------------  -------------------
/opt/airflow/dags/minio-to-kafka.py                           1           0  1.06s           2026-08-30T12:57:25
================================================================================
[2026-08-30T12:58:21.985+0000] {manager.py:878} INFO - 
================================================================================
DAG File Processing Stats

File Path                            PID    Runtime      # DAGs    # Errors  Last Runtime    Last Run
-----------------------------------  -----  ---------  --------  ----------  --------------  -------------------
/opt/airflow/dags/minio-to-kafka.py                           1           0  1.11s           2026-08-30T12:57:56
================================================================================
[2026-08-30T12:58:52.420+0000] {manager.py:878} INFO - 
================================================================================
DAG File Processing Stats

File Path                            PID    Runtime      # DAGs    # Errors  Last Runtime    Last Run
-----------------------------------  -----  ---------  --------  ----------  --------------  -------------------
/opt/airflow/dags/minio-to-kafka.py                           1           0  1.35s           2026-08-30T12:58:28
================================================================================
[2026-08-30T12:59:23.015+0000] {manager.py:878} INFO - 
================================================================================
DAG File Processing Stats

File Path                            PID    Runtime      # DAGs    # Errors  Last Runtime    Last Run
-----------------------------------  -----  ---------  --------  ----------  --------------  -------------------
/opt/airflow/dags/minio-to-kafka.py                           1           0  1.30s           2026-08-30T12:58:59
================================================================================
[2026-08-30T12:59:38.222+0000] {manager.py:737} INFO - Searching for files in /opt/airflow/dags
[2026-08-30T12:59:38.290+0000] {manager.py:740} INFO - There are 1 files in /opt/airflow/dags
[2026-08-30T12:59:53.517+0000] {manager.py:878} INFO - 
================================================================================
DAG File Processing Stats

File Path                            PID    Runtime      # DAGs    # Errors  Last Runtime    Last Run
-----------------------------------  -----  ---------  --------  ----------  --------------  -------------------
/opt/airflow/dags/minio-to-kafka.py                           1           0  1.19s           2026-08-30T12:59:31
================================================================================
[2026-08-30T13:00:23.897+0000] {manager.py:878} INFO - 
================================================================================
DAG File Processing Stats

File Path                            PID    Runtime      # DAGs    # Errors  Last Runtime    Last Run
-----------------------------------  -----  ---------  --------  ----------  --------------  -------------------
/opt/airflow/dags/minio-to-kafka.py                           1           0  1.02s           2026-08-30T13:00:02
================================================================================
[2026-08-30T13:00:54.254+0000] {manager.py:878} INFO - 
================================================================================
DAG File Processing Stats

File Path                            PID    Runtime      # DAGs    # Errors  Last Runtime    Last Run
-----------------------------------  -----  ---------  --------  ----------  --------------  -------------------
/opt/airflow/dags/minio-to-kafka.py                           1           0  0.95s           2026-08-30T13:00:33
================================================================================
[2026-08-30T13:01:24.579+0000] {manager.py:878} INFO - 
================================================================================
DAG File Processing Stats

File Path                            PID    Runtime      # DAGs    # Errors  Last Runtime    Last Run
-----------------------------------  -----  ---------  --------  ----------  --------------  -------------------
/opt/airflow/dags/minio-to-kafka.py                           1           0  0.95s           2026-08-30T13:01:05
================================================================================
[2026-08-30T13:01:54.940+0000] {manager.py:878} INFO - 
================================================================================
DAG File Processing Stats

File Path                            PID    Runtime      # DAGs    # Errors  Last Runtime    Last Run
-----------------------------------  -----  ---------  --------  ----------  --------------  -------------------
/opt/airflow/dags/minio-to-kafka.py                           1           0  0.94s           2026-08-30T13:01:36
================================================================================
[2026-08-30T13:02:25.209+0000] {manager.py:878} INFO - 
================================================================================
DAG File Processing Stats

File Path                            PID    Runtime      # DAGs    # Errors  Last Runtime    Last Run
-----------------------------------  -----  ---------  --------  ----------  --------------  -------------------
/opt/airflow/dags/minio-to-kafka.py                           1           0  0.91s           2026-08-30T13:02:07
================================================================================
[2026-08-30T13:02:55.782+0000] {manager.py:878} INFO - 
================================================================================
DAG File Processing Stats

File Path                            PID    Runtime      # DAGs    # Errors  Last Runtime    Last Run
-----------------------------------  -----  ---------  --------  ----------  --------------  -------------------
/opt/airflow/dags/minio-to-kafka.py                           1           0  1.42s           2026-08-30T13:02:39
================================================================================
[2026-08-30T13:03:26.182+0000] {manager.py:878} INFO - 
================================================================================
DAG File Processing Stats

File Path                            PID    Runtime      # DAGs    # Errors  Last Runtime    Last Run
-----------------------------------  -----  ---------  --------  ----------  --------------  -------------------
/opt/airflow/dags/minio-to-kafka.py                           1           0  1.05s           2026-08-30T13:03:11
================================================================================
[2026-08-30T13:03:56.532+0000] {manager.py:878} INFO - 
================================================================================
DAG File Processing Stats

File Path                            PID    Runtime      # DAGs    # Errors  Last Runtime    Last Run
-----------------------------------  -----  ---------  --------  ----------  --------------  -------------------
/opt/airflow/dags/minio-to-kafka.py                           1           0  0.96s           2026-08-30T13:03:42
================================================================================
[2026-08-30T13:04:26.763+0000] {manager.py:878} INFO - 
================================================================================
DAG File Processing Stats

File Path                            PID    Runtime      # DAGs    # Errors  Last Runtime    Last Run
-----------------------------------  -----  ---------  --------  ----------  --------------  -------------------
/opt/airflow/dags/minio-to-kafka.py                           1           0  0.91s           2026-08-30T13:04:13
================================================================================
[2026-08-30T13:04:38.908+0000] {manager.py:737} INFO - Searching for files in /opt/airflow/dags
[2026-08-30T13:04:38.964+0000] {manager.py:740} INFO - There are 1 files in /opt/airflow/dags
[2026-08-30T13:04:57.217+0000] {manager.py:878} INFO - 
================================================================================
DAG File Processing Stats

File Path                            PID    Runtime      # DAGs    # Errors  Last Runtime    Last Run
-----------------------------------  -----  ---------  --------  ----------  --------------  -------------------
/opt/airflow/dags/minio-to-kafka.py                           1           0  0.96s           2026-08-30T13:04:45
================================================================================
[2026-08-30T13:05:27.496+0000] {manager.py:878} INFO - 
================================================================================
DAG File Processing Stats

File Path                            PID    Runtime      # DAGs    # Errors  Last Runtime    Last Run
-----------------------------------  -----  ---------  --------  ----------  --------------  -------------------
/opt/airflow/dags/minio-to-kafka.py                           1           0  0.90s           2026-08-30T13:05:16
================================================================================
[2026-08-30T13:05:57.849+0000] {manager.py:878} INFO - 
================================================================================
DAG File Processing Stats

File Path                            PID    Runtime      # DAGs    # Errors  Last Runtime    Last Run
-----------------------------------  -----  ---------  --------  ----------  --------------  -------------------
/opt/airflow/dags/minio-to-kafka.py                           1           0  0.92s           2026-08-30T13:05:47
================================================================================
[2026-08-30T13:06:28.178+0000] {manager.py:878} INFO - 
================================================================================
DAG File Processing Stats

File Path                            PID    Runtime      # DAGs    # Errors  Last Runtime    Last Run
-----------------------------------  -----  ---------  --------  ----------  --------------  -------------------
/opt/airflow/dags/minio-to-kafka.py                           1           0  0.91s           2026-08-30T13:06:19
================================================================================
[2026-08-30T13:06:58.620+0000] {manager.py:878} INFO - 
================================================================================
DAG File Processing Stats

File Path                            PID    Runtime      # DAGs    # Errors  Last Runtime    Last Run
-----------------------------------  -----  ---------  --------  ----------  --------------  -------------------
/opt/airflow/dags/minio-to-kafka.py                           1           0  1.03s           2026-08-30T13:06:50
================================================================================
[2026-08-30T13:07:29.033+0000] {manager.py:878} INFO - 
================================================================================
DAG File Processing Stats

File Path                            PID    Runtime      # DAGs    # Errors  Last Runtime    Last Run
-----------------------------------  -----  ---------  --------  ----------  --------------  -------------------
/opt/airflow/dags/minio-to-kafka.py                           1           0  1.29s           2026-08-30T13:07:22
================================================================================
[2026-08-30T13:07:59.458+0000] {manager.py:878} INFO - 
================================================================================
DAG File Processing Stats

File Path                            PID    Runtime      # DAGs    # Errors  Last Runtime    Last Run
-----------------------------------  -----  ---------  --------  ----------  --------------  -------------------
/opt/airflow/dags/minio-to-kafka.py                           1           0  1.15s           2026-08-30T13:07:53
================================================================================
[2026-08-30T13:08:29.873+0000] {manager.py:878} INFO - 
================================================================================
DAG File Processing Stats

File Path                            PID    Runtime      # DAGs    # Errors  Last Runtime    Last Run
-----------------------------------  -----  ---------  --------  ----------  --------------  -------------------
/opt/airflow/dags/minio-to-kafka.py                           1           0  1.01s           2026-08-30T13:08:24
================================================================================
[2026-08-30T13:09:00.163+0000] {manager.py:878} INFO - 
================================================================================
DAG File Processing Stats

File Path                            PID    Runtime      # DAGs    # Errors  Last Runtime    Last Run
-----------------------------------  -----  ---------  --------  ----------  --------------  -------------------
/opt/airflow/dags/minio-to-kafka.py                           1           0  0.92s           2026-08-30T13:08:56
================================================================================
[2026-08-30T13:09:30.498+0000] {manager.py:878} INFO - 
================================================================================
DAG File Processing Stats

File Path                            PID    Runtime      # DAGs    # Errors  Last Runtime    Last Run
-----------------------------------  -----  ---------  --------  ----------  --------------  -------------------
/opt/airflow/dags/minio-to-kafka.py                           1           0  0.91s           2026-08-30T13:09:27
================================================================================
[2026-08-30T13:09:39.615+0000] {manager.py:737} INFO - Searching for files in /opt/airflow/dags
[2026-08-30T13:09:39.685+0000] {manager.py:740} INFO - There are 1 files in /opt/airflow/dags
[2026-08-30T13:10:00.866+0000] {manager.py:878} INFO - 
================================================================================
DAG File Processing Stats

File Path                            PID    Runtime      # DAGs    # Errors  Last Runtime    Last Run
-----------------------------------  -----  ---------  --------  ----------  --------------  -------------------
/opt/airflow/dags/minio-to-kafka.py                           1           0  0.90s           2026-08-30T13:09:58
================================================================================
[2026-08-30T13:10:31.206+0000] {manager.py:878} INFO - 
================================================================================
DAG File Processing Stats

File Path                            PID    Runtime      # DAGs    # Errors  Last Runtime    Last Run
-----------------------------------  -----  ---------  --------  ----------  --------------  -------------------
/opt/airflow/dags/minio-to-kafka.py                           1           0  1.07s           2026-08-30T13:10:30
================================================================================
[2026-08-30T13:11:01.537+0000] {manager.py:878} INFO - 
================================================================================
DAG File Processing Stats

File Path                            PID    Runtime      # DAGs    # Errors  Last Runtime    Last Run
-----------------------------------  -----  ---------  --------  ----------  --------------  -------------------
/opt/airflow/dags/minio-to-kafka.py                           1           0  0.93s           2026-08-30T13:11:01
================================================================================
[2026-08-30T13:11:31.995+0000] {manager.py:878} INFO - 
================================================================================
DAG File Processing Stats

File Path                              PID  Runtime      # DAGs    # Errors  Last Runtime    Last Run
-----------------------------------  -----  ---------  --------  ----------  --------------  -------------------
/opt/airflow/dags/minio-to-kafka.py    331  0.01s             1           0  0.93s           2026-08-30T13:11:01
================================================================================
[2026-08-30T13:12:02.334+0000] {manager.py:878} INFO - 
================================================================================
DAG File Processing Stats

File Path                            PID    Runtime      # DAGs    # Errors  Last Runtime    Last Run
-----------------------------------  -----  ---------  --------  ----------  --------------  -------------------
/opt/airflow/dags/minio-to-kafka.py                           1           0  1.01s           2026-08-30T13:11:32
================================================================================
[2026-08-30T13:12:32.690+0000] {manager.py:878} INFO - 
================================================================================
DAG File Processing Stats

File Path                            PID    Runtime      # DAGs    # Errors  Last Runtime    Last Run
-----------------------------------  -----  ---------  --------  ----------  --------------  -------------------
/opt/airflow/dags/minio-to-kafka.py                           1           0  0.91s           2026-08-30T13:12:04
================================================================================
[2026-08-30T13:13:03.078+0000] {manager.py:878} INFO - 
================================================================================
DAG File Processing Stats

File Path                            PID    Runtime      # DAGs    # Errors  Last Runtime    Last Run
-----------------------------------  -----  ---------  --------  ----------  --------------  -------------------
/opt/airflow/dags/minio-to-kafka.py                           1           0  0.93s           2026-08-30T13:12:35
================================================================================
[2026-08-30T13:13:33.408+0000] {manager.py:878} INFO - 
================================================================================
DAG File Processing Stats

File Path                            PID    Runtime      # DAGs    # Errors  Last Runtime    Last Run
-----------------------------------  -----  ---------  --------  ----------  --------------  -------------------
/opt/airflow/dags/minio-to-kafka.py                           1           0  0.92s           2026-08-30T13:13:07
================================================================================
[2026-08-30T13:14:03.739+0000] {manager.py:878} INFO - 
================================================================================
DAG File Processing Stats

File Path                            PID    Runtime      # DAGs    # Errors  Last Runtime    Last Run
-----------------------------------  -----  ---------  --------  ----------  --------------  -------------------
/opt/airflow/dags/minio-to-kafka.py                           1           0  0.90s           2026-08-30T13:13:38
================================================================================
[2026-08-30T13:14:34.241+0000] {manager.py:878} INFO - 
================================================================================
DAG File Processing Stats

File Path                            PID    Runtime      # DAGs    # Errors  Last Runtime    Last Run
-----------------------------------  -----  ---------  --------  ----------  --------------  -------------------
/opt/airflow/dags/minio-to-kafka.py                           1           0  1.46s           2026-08-30T13:14:10
================================================================================
[2026-08-30T13:14:39.669+0000] {manager.py:737} INFO - Searching for files in /opt/airflow/dags
[2026-08-30T13:14:39.719+0000] {manager.py:740} INFO - There are 1 files in /opt/airflow/dags
[2026-08-30T13:15:04.721+0000] {manager.py:878} INFO - 
================================================================================
DAG File Processing Stats

File Path                            PID    Runtime      # DAGs    # Errors  Last Runtime    Last Run
-----------------------------------  -----  ---------  --------  ----------  --------------  -------------------
/opt/airflow/dags/minio-to-kafka.py                           1           0  1.05s           2026-08-30T13:14:41
================================================================================
[2026-08-30T13:15:35.192+0000] {manager.py:878} INFO - 
================================================================================
DAG File Processing Stats

File Path                            PID    Runtime      # DAGs    # Errors  Last Runtime    Last Run
-----------------------------------  -----  ---------  --------  ----------  --------------  -------------------
/opt/airflow/dags/minio-to-kafka.py                           1           0  1.02s           2026-08-30T13:15:12
================================================================================
[2026-08-30T13:16:05.511+0000] {manager.py:878} INFO - 
================================================================================
DAG File Processing Stats

File Path                            PID    Runtime      # DAGs    # Errors  Last Runtime    Last Run
-----------------------------------  -----  ---------  --------  ----------  --------------  -------------------
/opt/airflow/dags/minio-to-kafka.py                           1           0  0.93s           2026-08-30T13:15:44
================================================================================
[2026-08-30T13:16:35.886+0000] {manager.py:878} INFO - 
================================================================================
DAG File Processing Stats

File Path                            PID    Runtime      # DAGs    # Errors  Last Runtime    Last Run
-----------------------------------  -----  ---------  --------  ----------  --------------  -------------------
/opt/airflow/dags/minio-to-kafka.py                           1           0  0.94s           2026-08-30T13:16:15
================================================================================
[2026-08-30T13:17:06.231+0000] {manager.py:878} INFO - 
================================================================================
DAG File Processing Stats

File Path                            PID    Runtime      # DAGs    # Errors  Last Runtime    Last Run
-----------------------------------  -----  ---------  --------  ----------  --------------  -------------------
/opt/airflow/dags/minio-to-kafka.py                           1           0  1.00s           2026-08-30T13:16:46
================================================================================
[2026-08-30T13:17:36.580+0000] {manager.py:878} INFO - 
================================================================================
DAG File Processing Stats

File Path                            PID    Runtime      # DAGs    # Errors  Last Runtime    Last Run
-----------------------------------  -----  ---------  --------  ----------  --------------  -------------------
/opt/airflow/dags/minio-to-kafka.py                           1           0  0.97s           2026-08-30T13:17:18
================================================================================
[2026-08-30T13:18:06.970+0000] {manager.py:878} INFO - 
================================================================================
DAG File Processing Stats

File Path                            PID    Runtime      # DAGs    # Errors  Last Runtime    Last Run
-----------------------------------  -----  ---------  --------  ----------  --------------  -------------------
/opt/airflow/dags/minio-to-kafka.py                           1           0  0.98s           2026-08-30T13:17:49
================================================================================
[2026-08-30T14:24:21.175+0000] {manager.py:737} INFO - Searching for files in /opt/airflow/dags
[2026-08-30T14:24:23.006+0000] {manager.py:740} INFO - There are 1 files in /opt/airflow/dags
[2026-08-30T14:24:24.022+0000] {manager.py:878} INFO - 
================================================================================
DAG File Processing Stats

File Path                              PID  Runtime      # DAGs    # Errors  Last Runtime    Last Run
-----------------------------------  -----  ---------  --------  ----------  --------------  -------------------
/opt/airflow/dags/minio-to-kafka.py    373  0.03s             1           0  1.03s           2026-08-30T13:18:21
================================================================================
[2026-08-30T14:24:54.179+0000] {manager.py:878} INFO - 
================================================================================
DAG File Processing Stats

File Path                            PID    Runtime      # DAGs    # Errors  Last Runtime    Last Run
-----------------------------------  -----  ---------  --------  ----------  --------------  -------------------
/opt/airflow/dags/minio-to-kafka.py                           1           0  4.88s           2026-08-30T14:24:28
================================================================================
[2026-08-30T14:25:24.598+0000] {manager.py:878} INFO - 
================================================================================
DAG File Processing Stats

File Path                            PID    Runtime      # DAGs    # Errors  Last Runtime    Last Run
-----------------------------------  -----  ---------  --------  ----------  --------------  -------------------
/opt/airflow/dags/minio-to-kafka.py                           1           0  1.56s           2026-08-30T14:25:00
================================================================================
[2026-08-30T14:25:54.779+0000] {manager.py:878} INFO - 
================================================================================
DAG File Processing Stats

File Path                            PID    Runtime      # DAGs    # Errors  Last Runtime    Last Run
-----------------------------------  -----  ---------  --------  ----------  --------------  -------------------
/opt/airflow/dags/minio-to-kafka.py                           1           0  1.00s           2026-08-30T14:25:31
================================================================================
[2026-08-30T14:26:25.469+0000] {manager.py:878} INFO - 
================================================================================
DAG File Processing Stats

File Path                            PID    Runtime      # DAGs    # Errors  Last Runtime    Last Run
-----------------------------------  -----  ---------  --------  ----------  --------------  -------------------
/opt/airflow/dags/minio-to-kafka.py                           1           0  1.05s           2026-08-30T14:26:03
================================================================================
[2026-08-30T14:26:55.812+0000] {manager.py:878} INFO - 
================================================================================
DAG File Processing Stats

File Path                            PID    Runtime      # DAGs    # Errors  Last Runtime    Last Run
-----------------------------------  -----  ---------  --------  ----------  --------------  -------------------
/opt/airflow/dags/minio-to-kafka.py                           1           0  1.66s           2026-08-30T14:26:35
================================================================================
[2026-08-30T14:27:26.805+0000] {manager.py:878} INFO - 
================================================================================
DAG File Processing Stats

File Path                            PID    Runtime      # DAGs    # Errors  Last Runtime    Last Run
-----------------------------------  -----  ---------  --------  ----------  --------------  -------------------
/opt/airflow/dags/minio-to-kafka.py                           1           0  1.02s           2026-08-30T14:27:06
================================================================================
[2026-08-30T14:27:57.061+0000] {manager.py:878} INFO - 
================================================================================
DAG File Processing Stats

File Path                            PID    Runtime      # DAGs    # Errors  Last Runtime    Last Run
-----------------------------------  -----  ---------  --------  ----------  --------------  -------------------
/opt/airflow/dags/minio-to-kafka.py                           1           0  0.94s           2026-08-30T14:27:37
================================================================================
[2026-08-30T14:28:27.312+0000] {manager.py:878} INFO - 
================================================================================
DAG File Processing Stats

File Path                            PID    Runtime      # DAGs    # Errors  Last Runtime    Last Run
-----------------------------------  -----  ---------  --------  ----------  --------------  -------------------
/opt/airflow/dags/minio-to-kafka.py                           1           0  0.97s           2026-08-30T14:28:09
================================================================================
[2026-08-30T14:28:57.679+0000] {manager.py:878} INFO - 
================================================================================
DAG File Processing Stats

File Path                            PID    Runtime      # DAGs    # Errors  Last Runtime    Last Run
-----------------------------------  -----  ---------  --------  ----------  --------------  -------------------
/opt/airflow/dags/minio-to-kafka.py                           1           0  1.65s           2026-08-30T14:28:41
================================================================================
[2026-08-30T14:29:21.527+0000] {manager.py:737} INFO - Searching for files in /opt/airflow/dags
[2026-08-30T14:29:21.624+0000] {manager.py:740} INFO - There are 1 files in /opt/airflow/dags
[2026-08-30T14:29:27.718+0000] {manager.py:878} INFO - 
================================================================================
DAG File Processing Stats

File Path                            PID    Runtime      # DAGs    # Errors  Last Runtime    Last Run
-----------------------------------  -----  ---------  --------  ----------  --------------  -------------------
/opt/airflow/dags/minio-to-kafka.py                           1           0  1.33s           2026-08-30T14:29:12
================================================================================
[2026-08-30T14:29:58.199+0000] {manager.py:878} INFO - 
================================================================================
DAG File Processing Stats

File Path                            PID    Runtime      # DAGs    # Errors  Last Runtime    Last Run
-----------------------------------  -----  ---------  --------  ----------  --------------  -------------------
/opt/airflow/dags/minio-to-kafka.py                           1           0  1.31s           2026-08-30T14:29:44
================================================================================
[2026-08-30T14:30:28.652+0000] {manager.py:878} INFO - 
================================================================================
DAG File Processing Stats

File Path                            PID    Runtime      # DAGs    # Errors  Last Runtime    Last Run
-----------------------------------  -----  ---------  --------  ----------  --------------  -------------------
/opt/airflow/dags/minio-to-kafka.py                           1           0  1.12s           2026-08-30T14:30:15
================================================================================
[2026-08-30T14:30:59.076+0000] {manager.py:878} INFO - 
================================================================================
DAG File Processing Stats

File Path                            PID    Runtime      # DAGs    # Errors  Last Runtime    Last Run
-----------------------------------  -----  ---------  --------  ----------  --------------  -------------------
/opt/airflow/dags/minio-to-kafka.py                           1           0  1.05s           2026-08-30T14:30:46
================================================================================
[2026-08-30T14:31:29.328+0000] {manager.py:878} INFO - 
================================================================================
DAG File Processing Stats

File Path                            PID    Runtime      # DAGs    # Errors  Last Runtime    Last Run
-----------------------------------  -----  ---------  --------  ----------  --------------  -------------------
/opt/airflow/dags/minio-to-kafka.py                           1           0  1.97s           2026-08-30T14:31:19
================================================================================
[2026-08-30T14:31:59.689+0000] {manager.py:878} INFO - 
================================================================================
DAG File Processing Stats

File Path                            PID    Runtime      # DAGs    # Errors  Last Runtime    Last Run
-----------------------------------  -----  ---------  --------  ----------  --------------  -------------------
/opt/airflow/dags/minio-to-kafka.py                           1           0  1.42s           2026-08-30T14:31:50
================================================================================
[2026-08-30T14:32:30.072+0000] {manager.py:878} INFO - 
================================================================================
DAG File Processing Stats

File Path                            PID    Runtime      # DAGs    # Errors  Last Runtime    Last Run
-----------------------------------  -----  ---------  --------  ----------  --------------  -------------------
/opt/airflow/dags/minio-to-kafka.py                           1           0  0.98s           2026-08-30T14:32:22
================================================================================
[2026-08-30T14:33:00.436+0000] {manager.py:878} INFO - 
================================================================================
DAG File Processing Stats

File Path                            PID    Runtime      # DAGs    # Errors  Last Runtime    Last Run
-----------------------------------  -----  ---------  --------  ----------  --------------  -------------------
/opt/airflow/dags/minio-to-kafka.py                           1           0  1.09s           2026-08-30T14:32:53
================================================================================
[2026-08-30T14:33:31.013+0000] {manager.py:878} INFO - 
================================================================================
DAG File Processing Stats

File Path                            PID    Runtime      # DAGs    # Errors  Last Runtime    Last Run
-----------------------------------  -----  ---------  --------  ----------  --------------  -------------------
/opt/airflow/dags/minio-to-kafka.py                           1           0  1.54s           2026-08-30T14:33:25
================================================================================
[2026-08-30T14:34:01.698+0000] {manager.py:878} INFO - 
================================================================================
DAG File Processing Stats

File Path                            PID    Runtime      # DAGs    # Errors  Last Runtime    Last Run
-----------------------------------  -----  ---------  --------  ----------  --------------  -------------------
/opt/airflow/dags/minio-to-kafka.py                           1           0  1.18s           2026-08-30T14:33:56
================================================================================
[2026-08-30T14:34:21.872+0000] {manager.py:737} INFO - Searching for files in /opt/airflow/dags
[2026-08-30T14:34:21.928+0000] {manager.py:740} INFO - There are 1 files in /opt/airflow/dags
[2026-08-30T14:34:32.230+0000] {manager.py:878} INFO - 
================================================================================
DAG File Processing Stats

File Path                            PID    Runtime      # DAGs    # Errors  Last Runtime    Last Run
-----------------------------------  -----  ---------  --------  ----------  --------------  -------------------
/opt/airflow/dags/minio-to-kafka.py                           1           0  1.45s           2026-08-30T14:34:28
================================================================================
[2026-08-30T14:35:02.567+0000] {manager.py:878} INFO - 
================================================================================
DAG File Processing Stats

File Path                            PID    Runtime      # DAGs    # Errors  Last Runtime    Last Run
-----------------------------------  -----  ---------  --------  ----------  --------------  -------------------
/opt/airflow/dags/minio-to-kafka.py                           1           0  1.20s           2026-08-30T14:34:59
================================================================================
[2026-08-30T14:35:33.040+0000] {manager.py:878} INFO - 
================================================================================
DAG File Processing Stats

File Path                            PID    Runtime      # DAGs    # Errors  Last Runtime    Last Run
-----------------------------------  -----  ---------  --------  ----------  --------------  -------------------
/opt/airflow/dags/minio-to-kafka.py                           1           0  1.17s           2026-08-30T14:35:31
================================================================================
[2026-08-30T14:36:03.405+0000] {manager.py:878} INFO - 
================================================================================
DAG File Processing Stats

File Path                            PID    Runtime      # DAGs    # Errors  Last Runtime    Last Run
-----------------------------------  -----  ---------  --------  ----------  --------------  -------------------
/opt/airflow/dags/minio-to-kafka.py                           1           0  1.09s           2026-08-30T14:36:02
================================================================================
[2026-08-30T14:36:33.679+0000] {manager.py:878} INFO - 
================================================================================
DAG File Processing Stats

File Path                            PID    Runtime      # DAGs    # Errors  Last Runtime    Last Run
-----------------------------------  -----  ---------  --------  ----------  --------------  -------------------
/opt/airflow/dags/minio-to-kafka.py                           1           0  0.99s           2026-08-30T14:36:33
================================================================================
[2026-08-30T14:37:03.958+0000] {manager.py:878} INFO - 
================================================================================
DAG File Processing Stats

File Path                              PID  Runtime      # DAGs    # Errors  Last Runtime    Last Run
-----------------------------------  -----  ---------  --------  ----------  --------------  -------------------
/opt/airflow/dags/minio-to-kafka.py    445  0.01s             1           0  0.99s           2026-08-30T14:36:33
================================================================================
[2026-08-30T14:37:34.311+0000] {manager.py:878} INFO - 
================================================================================
DAG File Processing Stats

File Path                            PID    Runtime      # DAGs    # Errors  Last Runtime    Last Run
-----------------------------------  -----  ---------  --------  ----------  --------------  -------------------
/opt/airflow/dags/minio-to-kafka.py                           1           0  1.14s           2026-08-30T14:37:05
================================================================================
[2026-08-30T14:38:04.571+0000] {manager.py:878} INFO - 
================================================================================
DAG File Processing Stats

File Path                            PID    Runtime      # DAGs    # Errors  Last Runtime    Last Run
-----------------------------------  -----  ---------  --------  ----------  --------------  -------------------
/opt/airflow/dags/minio-to-kafka.py                           1           0  1.02s           2026-08-30T14:37:36
================================================================================
[2026-08-30T14:38:34.855+0000] {manager.py:878} INFO - 
================================================================================
DAG File Processing Stats

File Path                            PID    Runtime      # DAGs    # Errors  Last Runtime    Last Run
-----------------------------------  -----  ---------  --------  ----------  --------------  -------------------
/opt/airflow/dags/minio-to-kafka.py                           1           0  1.06s           2026-08-30T14:38:07
================================================================================
[2026-08-30T14:39:05.154+0000] {manager.py:878} INFO - 
================================================================================
DAG File Processing Stats

File Path                            PID    Runtime      # DAGs    # Errors  Last Runtime    Last Run
-----------------------------------  -----  ---------  --------  ----------  --------------  -------------------
/opt/airflow/dags/minio-to-kafka.py                           1           0  1.23s           2026-08-30T14:38:39
================================================================================
[2026-08-30T14:39:22.577+0000] {manager.py:737} INFO - Searching for files in /opt/airflow/dags
[2026-08-30T14:39:22.711+0000] {manager.py:740} INFO - There are 1 files in /opt/airflow/dags
[2026-08-30T14:39:35.861+0000] {manager.py:878} INFO - 
================================================================================
DAG File Processing Stats

File Path                            PID    Runtime      # DAGs    # Errors  Last Runtime    Last Run
-----------------------------------  -----  ---------  --------  ----------  --------------  -------------------
/opt/airflow/dags/minio-to-kafka.py                           1           0  1.30s           2026-08-30T14:39:10
================================================================================
[2026-08-30T14:40:06.140+0000] {manager.py:878} INFO - 
================================================================================
DAG File Processing Stats

File Path                            PID    Runtime      # DAGs    # Errors  Last Runtime    Last Run
-----------------------------------  -----  ---------  --------  ----------  --------------  -------------------
/opt/airflow/dags/minio-to-kafka.py                           1           0  1.03s           2026-08-30T14:39:41
================================================================================
[2026-08-30T14:40:36.398+0000] {manager.py:878} INFO - 
================================================================================
DAG File Processing Stats

File Path                            PID    Runtime      # DAGs    # Errors  Last Runtime    Last Run
-----------------------------------  -----  ---------  --------  ----------  --------------  -------------------
/opt/airflow/dags/minio-to-kafka.py                           1           0  0.98s           2026-08-30T14:40:13
================================================================================
[2026-08-30T14:41:06.657+0000] {manager.py:878} INFO - 
================================================================================
DAG File Processing Stats

File Path                            PID    Runtime      # DAGs    # Errors  Last Runtime    Last Run
-----------------------------------  -----  ---------  --------  ----------  --------------  -------------------
/opt/airflow/dags/minio-to-kafka.py                           1           0  0.97s           2026-08-30T14:40:44
================================================================================
[2026-08-30T14:41:36.793+0000] {manager.py:878} INFO - 
================================================================================
DAG File Processing Stats

File Path                            PID    Runtime      # DAGs    # Errors  Last Runtime    Last Run
-----------------------------------  -----  ---------  --------  ----------  --------------  -------------------
/opt/airflow/dags/minio-to-kafka.py                           1           0  1.84s           2026-08-30T14:41:16
================================================================================
[2026-08-30T14:42:07.187+0000] {manager.py:878} INFO - 
================================================================================
DAG File Processing Stats

File Path                            PID    Runtime      # DAGs    # Errors  Last Runtime    Last Run
-----------------------------------  -----  ---------  --------  ----------  --------------  -------------------
/opt/airflow/dags/minio-to-kafka.py                           1           0  1.26s           2026-08-30T14:41:48
================================================================================
[2026-08-30T14:42:37.582+0000] {manager.py:878} INFO - 
================================================================================
DAG File Processing Stats

File Path                            PID    Runtime      # DAGs    # Errors  Last Runtime    Last Run
-----------------------------------  -----  ---------  --------  ----------  --------------  -------------------
/opt/airflow/dags/minio-to-kafka.py                           1           0  1.09s           2026-08-30T14:42:19
================================================================================
[2026-08-30T14:43:04.577+0000] {manager.py:452} INFO - Exiting gracefully upon receiving signal 15
[2026-08-30T14:43:52.945+0000] {manager.py:470} INFO - Processing files using up to 2 processes at a time 
[2026-08-30T14:43:52.948+0000] {manager.py:471} INFO - Process each file at most once every 30 seconds
[2026-08-30T14:43:52.951+0000] {manager.py:472} INFO - Checking for new files in /opt/airflow/dags every 300 seconds
[2026-08-30T14:43:52.954+0000] {manager.py:737} INFO - Searching for files in /opt/airflow/dags
[2026-08-30T14:43:52.990+0000] {manager.py:740} INFO - There are 1 files in /opt/airflow/dags
[2026-08-30T14:43:53.170+0000] {manager.py:878} INFO - 
================================================================================
DAG File Processing Stats

File Path                              PID  Runtime      # DAGs    # Errors  Last Runtime    Last Run
-----------------------------------  -----  ---------  --------  ----------  --------------  ----------
/opt/airflow/dags/minio-to-kafka.py     26  0.09s             0           0
================================================================================
[2026-08-30T14:44:23.445+0000] {manager.py:878} INFO - 
================================================================================
DAG File Processing Stats

File Path                            PID    Runtime      # DAGs    # Errors  Last Runtime    Last Run
-----------------------------------  -----  ---------  --------  ----------  --------------  -------------------
/opt/airflow/dags/minio-to-kafka.py                           1           0  1.65s           2026-08-30T14:43:54
================================================================================
[2026-08-30T14:44:53.628+0000] {manager.py:878} INFO - 
================================================================================
DAG File Processing Stats

File Path                            PID    Runtime      # DAGs    # Errors  Last Runtime    Last Run
-----------------------------------  -----  ---------  --------  ----------  --------------  -------------------
/opt/airflow/dags/minio-to-kafka.py                           1           0  1.29s           2026-08-30T14:44:26
================================================================================
[2026-08-30T14:45:24.000+0000] {manager.py:878} INFO - 
================================================================================
DAG File Processing Stats

File Path                            PID    Runtime      # DAGs    # Errors  Last Runtime    Last Run
-----------------------------------  -----  ---------  --------  ----------  --------------  -------------------
/opt/airflow/dags/minio-to-kafka.py                           1           0  1.01s           2026-08-30T14:44:57
================================================================================
[2026-08-30T14:45:54.044+0000] {manager.py:878} INFO - 
================================================================================
DAG File Processing Stats

File Path                            PID    Runtime      # DAGs    # Errors  Last Runtime    Last Run
-----------------------------------  -----  ---------  --------  ----------  --------------  -------------------
/opt/airflow/dags/minio-to-kafka.py                           1           0  1.00s           2026-08-30T14:45:28
================================================================================
[2026-08-30T14:46:24.341+0000] {manager.py:878} INFO - 
================================================================================
DAG File Processing Stats

File Path                            PID    Runtime      # DAGs    # Errors  Last Runtime    Last Run
-----------------------------------  -----  ---------  --------  ----------  --------------  -------------------
/opt/airflow/dags/minio-to-kafka.py                           1           0  0.96s           2026-08-30T14:46:00
================================================================================
[2026-08-30T14:46:54.731+0000] {manager.py:878} INFO - 
================================================================================
DAG File Processing Stats

File Path                            PID    Runtime      # DAGs    # Errors  Last Runtime    Last Run
-----------------------------------  -----  ---------  --------  ----------  --------------  -------------------
/opt/airflow/dags/minio-to-kafka.py                           1           0  2.06s           2026-08-30T14:46:32
================================================================================
[2026-08-30T14:47:25.047+0000] {manager.py:878} INFO - 
================================================================================
DAG File Processing Stats

File Path                            PID    Runtime      # DAGs    # Errors  Last Runtime    Last Run
-----------------------------------  -----  ---------  --------  ----------  --------------  -------------------
/opt/airflow/dags/minio-to-kafka.py                           1           0  1.06s           2026-08-30T14:47:03
================================================================================
[2026-08-30T14:47:55.371+0000] {manager.py:878} INFO - 
================================================================================
DAG File Processing Stats

File Path                            PID    Runtime      # DAGs    # Errors  Last Runtime    Last Run
-----------------------------------  -----  ---------  --------  ----------  --------------  -------------------
/opt/airflow/dags/minio-to-kafka.py                           1           0  1.41s           2026-08-30T14:47:35
================================================================================
[2026-08-30T14:48:26.048+0000] {manager.py:878} INFO - 
================================================================================
DAG File Processing Stats

File Path                            PID    Runtime      # DAGs    # Errors  Last Runtime    Last Run
-----------------------------------  -----  ---------  --------  ----------  --------------  -------------------
/opt/airflow/dags/minio-to-kafka.py                           1           0  1.10s           2026-08-30T14:48:06
================================================================================
[2026-08-30T14:48:53.242+0000] {manager.py:737} INFO - Searching for files in /opt/airflow/dags
[2026-08-30T14:48:53.294+0000] {manager.py:740} INFO - There are 1 files in /opt/airflow/dags
[2026-08-30T14:48:56.352+0000] {manager.py:878} INFO - 
================================================================================
DAG File Processing Stats

File Path                            PID    Runtime      # DAGs    # Errors  Last Runtime    Last Run
-----------------------------------  -----  ---------  --------  ----------  --------------  -------------------
/opt/airflow/dags/minio-to-kafka.py                           1           0  0.98s           2026-08-30T14:48:38
================================================================================
[2026-08-30T14:49:26.598+0000] {manager.py:878} INFO - 
================================================================================
DAG File Processing Stats

File Path                            PID    Runtime      # DAGs    # Errors  Last Runtime    Last Run
-----------------------------------  -----  ---------  --------  ----------  --------------  -------------------
/opt/airflow/dags/minio-to-kafka.py                           1           0  1.20s           2026-08-30T14:49:09
================================================================================
[2026-08-30T14:49:57.015+0000] {manager.py:878} INFO - 
================================================================================
DAG File Processing Stats

File Path                            PID    Runtime      # DAGs    # Errors  Last Runtime    Last Run
-----------------------------------  -----  ---------  --------  ----------  --------------  -------------------
/opt/airflow/dags/minio-to-kafka.py                           1           0  1.64s           2026-08-30T14:49:41
================================================================================
[2026-08-30T14:50:27.795+0000] {manager.py:878} INFO - 
================================================================================
DAG File Processing Stats

File Path                            PID    Runtime      # DAGs    # Errors  Last Runtime    Last Run
-----------------------------------  -----  ---------  --------  ----------  --------------  -------------------
/opt/airflow/dags/minio-to-kafka.py                           1           0  1.07s           2026-08-30T14:50:12
================================================================================
[2026-08-30T14:50:58.004+0000] {manager.py:878} INFO - 
================================================================================
DAG File Processing Stats

File Path                            PID    Runtime      # DAGs    # Errors  Last Runtime    Last Run
-----------------------------------  -----  ---------  --------  ----------  --------------  -------------------
/opt/airflow/dags/minio-to-kafka.py                           1           0  0.91s           2026-08-30T14:50:43
================================================================================
[2026-08-30T14:51:28.242+0000] {manager.py:878} INFO - 
================================================================================
DAG File Processing Stats

File Path                            PID    Runtime      # DAGs    # Errors  Last Runtime    Last Run
-----------------------------------  -----  ---------  --------  ----------  --------------  -------------------
/opt/airflow/dags/minio-to-kafka.py                           1           0  0.97s           2026-08-30T14:51:15
================================================================================
[2026-08-30T14:51:58.489+0000] {manager.py:878} INFO - 
================================================================================
DAG File Processing Stats

File Path                            PID    Runtime      # DAGs    # Errors  Last Runtime    Last Run
-----------------------------------  -----  ---------  --------  ----------  --------------  -------------------
/opt/airflow/dags/minio-to-kafka.py                           1           0  0.96s           2026-08-30T14:51:46
================================================================================
[2026-08-30T14:52:28.781+0000] {manager.py:878} INFO - 
================================================================================
DAG File Processing Stats

File Path                            PID    Runtime      # DAGs    # Errors  Last Runtime    Last Run
-----------------------------------  -----  ---------  --------  ----------  --------------  -------------------
/opt/airflow/dags/minio-to-kafka.py                           1           0  0.99s           2026-08-30T14:52:17
================================================================================
[2026-08-30T14:52:59.114+0000] {manager.py:878} INFO - 
================================================================================
DAG File Processing Stats

File Path                            PID    Runtime      # DAGs    # Errors  Last Runtime    Last Run
-----------------------------------  -----  ---------  --------  ----------  --------------  -------------------
/opt/airflow/dags/minio-to-kafka.py                           1           0  1.07s           2026-08-30T14:52:49
================================================================================
[2026-08-30T14:53:29.539+0000] {manager.py:878} INFO - 
================================================================================
DAG File Processing Stats

File Path                            PID    Runtime      # DAGs    # Errors  Last Runtime    Last Run
-----------------------------------  -----  ---------  --------  ----------  --------------  -------------------
/opt/airflow/dags/minio-to-kafka.py                           1           0  1.00s           2026-08-30T14:53:20
================================================================================
[2026-08-30T14:53:53.866+0000] {manager.py:737} INFO - Searching for files in /opt/airflow/dags
[2026-08-30T14:53:53.922+0000] {manager.py:740} INFO - There are 1 files in /opt/airflow/dags
[2026-08-30T14:54:00.014+0000] {manager.py:878} INFO - 
================================================================================
DAG File Processing Stats

File Path                            PID    Runtime      # DAGs    # Errors  Last Runtime    Last Run
-----------------------------------  -----  ---------  --------  ----------  --------------  -------------------
/opt/airflow/dags/minio-to-kafka.py                           1           0  0.98s           2026-08-30T14:53:51
================================================================================
[2026-08-30T16:43:40.226+0000] {manager.py:737} INFO - Searching for files in /opt/airflow/dags
[2026-08-30T16:43:41.063+0000] {manager.py:740} INFO - There are 1 files in /opt/airflow/dags
[2026-08-30T16:43:44.708+0000] {manager.py:878} INFO - 
================================================================================
DAG File Processing Stats

File Path                              PID  Runtime      # DAGs    # Errors  Last Runtime    Last Run
-----------------------------------  -----  ---------  --------  ----------  --------------  -------------------
/opt/airflow/dags/minio-to-kafka.py     89  3.54s             1           0  1.05s           2026-08-30T14:54:23
================================================================================
[2026-08-30T16:44:15.452+0000] {manager.py:878} INFO - 
================================================================================
DAG File Processing Stats

File Path                            PID    Runtime      # DAGs    # Errors  Last Runtime    Last Run
-----------------------------------  -----  ---------  --------  ----------  --------------  -------------------
/opt/airflow/dags/minio-to-kafka.py                           1           0  7.66s           2026-08-30T16:43:48
================================================================================
[2026-08-30T16:44:45.995+0000] {manager.py:878} INFO - 
================================================================================
DAG File Processing Stats

File Path                            PID    Runtime      # DAGs    # Errors  Last Runtime    Last Run
-----------------------------------  -----  ---------  --------  ----------  --------------  -------------------
/opt/airflow/dags/minio-to-kafka.py                           1           0  1.50s           2026-08-30T16:44:21
================================================================================
[2026-08-30T16:45:17.762+0000] {manager.py:878} INFO - 
================================================================================
DAG File Processing Stats

File Path                            PID    Runtime      # DAGs    # Errors  Last Runtime    Last Run
-----------------------------------  -----  ---------  --------  ----------  --------------  -------------------
/opt/airflow/dags/minio-to-kafka.py                           1           0  2.45s           2026-08-30T16:44:53
================================================================================
[2026-08-30T16:45:48.161+0000] {manager.py:878} INFO - 
================================================================================
DAG File Processing Stats

File Path                            PID    Runtime      # DAGs    # Errors  Last Runtime    Last Run
-----------------------------------  -----  ---------  --------  ----------  --------------  -------------------
/opt/airflow/dags/minio-to-kafka.py                           1           0  2.04s           2026-08-30T16:45:25
================================================================================
[2026-08-30T16:46:18.557+0000] {manager.py:878} INFO - 
================================================================================
DAG File Processing Stats

File Path                            PID    Runtime      # DAGs    # Errors  Last Runtime    Last Run
-----------------------------------  -----  ---------  --------  ----------  --------------  -------------------
/opt/airflow/dags/minio-to-kafka.py                           1           0  1.96s           2026-08-30T16:45:58
================================================================================
[2026-08-30T16:46:48.790+0000] {manager.py:878} INFO - 
================================================================================
DAG File Processing Stats

File Path                            PID    Runtime      # DAGs    # Errors  Last Runtime    Last Run
-----------------------------------  -----  ---------  --------  ----------  --------------  -------------------
/opt/airflow/dags/minio-to-kafka.py                           1           0  1.58s           2026-08-30T16:46:30
================================================================================
[2026-08-30T16:47:19.158+0000] {manager.py:878} INFO - 
================================================================================
DAG File Processing Stats

File Path                            PID    Runtime      # DAGs    # Errors  Last Runtime    Last Run
-----------------------------------  -----  ---------  --------  ----------  --------------  -------------------
/opt/airflow/dags/minio-to-kafka.py                           1           0  1.87s           2026-08-30T16:47:02
================================================================================
[2026-08-30T16:47:49.247+0000] {manager.py:878} INFO - 
================================================================================
DAG File Processing Stats

File Path                            PID    Runtime      # DAGs    # Errors  Last Runtime    Last Run
-----------------------------------  -----  ---------  --------  ----------  --------------  -------------------
/opt/airflow/dags/minio-to-kafka.py                           1           0  2.01s           2026-08-30T16:47:35
================================================================================
[2026-08-30T16:48:19.319+0000] {manager.py:878} INFO - 
================================================================================
DAG File Processing Stats

File Path                            PID    Runtime      # DAGs    # Errors  Last Runtime    Last Run
-----------------------------------  -----  ---------  --------  ----------  --------------  -------------------
/opt/airflow/dags/minio-to-kafka.py                           1           0  1.58s           2026-08-30T16:48:07
================================================================================
[2026-08-30T16:48:40.307+0000] {manager.py:737} INFO - Searching for files in /opt/airflow/dags
[2026-08-30T16:48:40.528+0000] {manager.py:740} INFO - There are 1 files in /opt/airflow/dags
[2026-08-30T16:48:49.750+0000] {manager.py:878} INFO - 
================================================================================
DAG File Processing Stats

File Path                            PID    Runtime      # DAGs    # Errors  Last Runtime    Last Run
-----------------------------------  -----  ---------  --------  ----------  --------------  -------------------
/opt/airflow/dags/minio-to-kafka.py                           1           0  1.75s           2026-08-30T16:48:39
================================================================================
[2026-08-30T16:49:20.196+0000] {manager.py:878} INFO - 
================================================================================
DAG File Processing Stats

File Path                            PID    Runtime      # DAGs    # Errors  Last Runtime    Last Run
-----------------------------------  -----  ---------  --------  ----------  --------------  -------------------
/opt/airflow/dags/minio-to-kafka.py                           1           0  1.89s           2026-08-30T16:49:12
================================================================================
[2026-08-30T16:49:50.947+0000] {manager.py:878} INFO - 
================================================================================
DAG File Processing Stats

File Path                            PID    Runtime      # DAGs    # Errors  Last Runtime    Last Run
-----------------------------------  -----  ---------  --------  ----------  --------------  -------------------
/opt/airflow/dags/minio-to-kafka.py                           1           0  1.50s           2026-08-30T16:49:44
================================================================================
[2026-08-30T16:50:21.643+0000] {manager.py:878} INFO - 
================================================================================
DAG File Processing Stats

File Path                            PID    Runtime      # DAGs    # Errors  Last Runtime    Last Run
-----------------------------------  -----  ---------  --------  ----------  --------------  -------------------
/opt/airflow/dags/minio-to-kafka.py                           1           0  1.47s           2026-08-30T16:50:15
================================================================================
[2026-08-30T16:50:52.086+0000] {manager.py:878} INFO - 
================================================================================
DAG File Processing Stats

File Path                            PID    Runtime      # DAGs    # Errors  Last Runtime    Last Run
-----------------------------------  -----  ---------  --------  ----------  --------------  -------------------
/opt/airflow/dags/minio-to-kafka.py                           1           0  1.85s           2026-08-30T16:50:48
================================================================================
[2026-08-30T16:51:22.198+0000] {manager.py:878} INFO - 
================================================================================
DAG File Processing Stats

File Path                            PID    Runtime      # DAGs    # Errors  Last Runtime    Last Run
-----------------------------------  -----  ---------  --------  ----------  --------------  -------------------
/opt/airflow/dags/minio-to-kafka.py                           1           0  1.55s           2026-08-30T16:51:20
================================================================================
[2026-08-30T16:51:52.775+0000] {manager.py:878} INFO - 
================================================================================
DAG File Processing Stats

File Path                            PID    Runtime      # DAGs    # Errors  Last Runtime    Last Run
-----------------------------------  -----  ---------  --------  ----------  --------------  -------------------
/opt/airflow/dags/minio-to-kafka.py                           1           0  1.58s           2026-08-30T16:51:52
================================================================================
[2026-08-30T16:52:23.396+0000] {manager.py:878} INFO - 
================================================================================
DAG File Processing Stats

File Path                              PID  Runtime      # DAGs    # Errors  Last Runtime    Last Run
-----------------------------------  -----  ---------  --------  ----------  --------------  -------------------
/opt/airflow/dags/minio-to-kafka.py    137  1.05s             1           0  1.58s           2026-08-30T16:51:52
================================================================================
[2026-08-30T16:52:53.739+0000] {manager.py:878} INFO - 
================================================================================
DAG File Processing Stats

File Path                            PID    Runtime      # DAGs    # Errors  Last Runtime    Last Run
-----------------------------------  -----  ---------  --------  ----------  --------------  -------------------
/opt/airflow/dags/minio-to-kafka.py                           1           0  1.87s           2026-08-30T16:52:24
================================================================================
[2026-08-30T16:53:23.875+0000] {manager.py:878} INFO - 
================================================================================
DAG File Processing Stats

File Path                            PID    Runtime      # DAGs    # Errors  Last Runtime    Last Run
-----------------------------------  -----  ---------  --------  ----------  --------------  -------------------
/opt/airflow/dags/minio-to-kafka.py                           1           0  1.63s           2026-08-30T16:52:56
================================================================================
[2026-08-30T16:53:40.387+0000] {manager.py:737} INFO - Searching for files in /opt/airflow/dags
[2026-08-30T16:53:40.437+0000] {manager.py:740} INFO - There are 1 files in /opt/airflow/dags
[2026-08-30T16:53:54.209+0000] {manager.py:878} INFO - 
================================================================================
DAG File Processing Stats

File Path                            PID    Runtime      # DAGs    # Errors  Last Runtime    Last Run
-----------------------------------  -----  ---------  --------  ----------  --------------  -------------------
/opt/airflow/dags/minio-to-kafka.py                           1           0  1.51s           2026-08-30T16:53:28
================================================================================
[2026-08-30T16:54:24.661+0000] {manager.py:878} INFO - 
================================================================================
DAG File Processing Stats

File Path                            PID    Runtime      # DAGs    # Errors  Last Runtime    Last Run
-----------------------------------  -----  ---------  --------  ----------  --------------  -------------------
/opt/airflow/dags/minio-to-kafka.py                           1           0  1.29s           2026-08-30T16:53:59
================================================================================
[2026-08-30T16:54:55.149+0000] {manager.py:878} INFO - 
================================================================================
DAG File Processing Stats

File Path                            PID    Runtime      # DAGs    # Errors  Last Runtime    Last Run
-----------------------------------  -----  ---------  --------  ----------  --------------  -------------------
/opt/airflow/dags/minio-to-kafka.py                           1           0  1.96s           2026-08-30T16:54:31
================================================================================
[2026-08-30T16:55:25.227+0000] {manager.py:878} INFO - 
================================================================================
DAG File Processing Stats

File Path                            PID    Runtime      # DAGs    # Errors  Last Runtime    Last Run
-----------------------------------  -----  ---------  --------  ----------  --------------  -------------------
/opt/airflow/dags/minio-to-kafka.py                           1           0  1.62s           2026-08-30T16:55:03
================================================================================
[2026-08-30T16:55:55.307+0000] {manager.py:878} INFO - 
================================================================================
DAG File Processing Stats

File Path                            PID    Runtime      # DAGs    # Errors  Last Runtime    Last Run
-----------------------------------  -----  ---------  --------  ----------  --------------  -------------------
/opt/airflow/dags/minio-to-kafka.py                           1           0  1.86s           2026-08-30T16:55:35
================================================================================
[2026-08-30T16:56:25.818+0000] {manager.py:878} INFO - 
================================================================================
DAG File Processing Stats

File Path                            PID    Runtime      # DAGs    # Errors  Last Runtime    Last Run
-----------------------------------  -----  ---------  --------  ----------  --------------  -------------------
/opt/airflow/dags/minio-to-kafka.py                           1           0  2.08s           2026-08-30T16:56:08
================================================================================
[2026-08-30T16:56:56.364+0000] {manager.py:878} INFO - 
================================================================================
DAG File Processing Stats

File Path                            PID    Runtime      # DAGs    # Errors  Last Runtime    Last Run
-----------------------------------  -----  ---------  --------  ----------  --------------  -------------------
/opt/airflow/dags/minio-to-kafka.py                           1           0  1.28s           2026-08-30T16:56:40
================================================================================
[2026-08-30T16:57:26.552+0000] {manager.py:878} INFO - 
================================================================================
DAG File Processing Stats

File Path                            PID    Runtime      # DAGs    # Errors  Last Runtime    Last Run
-----------------------------------  -----  ---------  --------  ----------  --------------  -------------------
/opt/airflow/dags/minio-to-kafka.py                           1           0  1.68s           2026-08-30T16:57:12
================================================================================
[2026-08-30T16:57:56.583+0000] {manager.py:878} INFO - 
================================================================================
DAG File Processing Stats

File Path                            PID    Runtime      # DAGs    # Errors  Last Runtime    Last Run
-----------------------------------  -----  ---------  --------  ----------  --------------  -------------------
/opt/airflow/dags/minio-to-kafka.py                           1           0  1.51s           2026-08-30T16:57:44
================================================================================
[2026-08-30T16:58:26.800+0000] {manager.py:878} INFO - 
================================================================================
DAG File Processing Stats

File Path                            PID    Runtime      # DAGs    # Errors  Last Runtime    Last Run
-----------------------------------  -----  ---------  --------  ----------  --------------  -------------------
/opt/airflow/dags/minio-to-kafka.py                           1           0  1.81s           2026-08-30T16:58:16
================================================================================
[2026-08-30T16:58:40.960+0000] {manager.py:737} INFO - Searching for files in /opt/airflow/dags
[2026-08-30T16:58:41.038+0000] {manager.py:740} INFO - There are 1 files in /opt/airflow/dags
[2026-08-30T16:58:57.336+0000] {manager.py:878} INFO - 
================================================================================
DAG File Processing Stats

File Path                            PID    Runtime      # DAGs    # Errors  Last Runtime    Last Run
-----------------------------------  -----  ---------  --------  ----------  --------------  -------------------
/opt/airflow/dags/minio-to-kafka.py                           1           0  1.24s           2026-08-30T16:58:48
================================================================================
[2026-08-30T16:59:27.677+0000] {manager.py:878} INFO - 
================================================================================
DAG File Processing Stats

File Path                            PID    Runtime      # DAGs    # Errors  Last Runtime    Last Run
-----------------------------------  -----  ---------  --------  ----------  --------------  -------------------
/opt/airflow/dags/minio-to-kafka.py                           1           0  6.69s           2026-08-30T16:59:25
================================================================================
[2026-08-30T16:59:57.713+0000] {manager.py:878} INFO - 
================================================================================
DAG File Processing Stats

File Path                              PID  Runtime      # DAGs    # Errors  Last Runtime    Last Run
-----------------------------------  -----  ---------  --------  ----------  --------------  -------------------
/opt/airflow/dags/minio-to-kafka.py    179  2.03s             1           0  6.69s           2026-08-30T16:59:25
================================================================================
[2026-08-30T17:00:28.218+0000] {manager.py:878} INFO - 
================================================================================
DAG File Processing Stats

File Path                              PID  Runtime      # DAGs    # Errors  Last Runtime    Last Run
-----------------------------------  -----  ---------  --------  ----------  --------------  -------------------
/opt/airflow/dags/minio-to-kafka.py    182  0.02s             1           0  2.05s           2026-08-30T16:59:57
================================================================================
[2026-08-30T17:00:58.749+0000] {manager.py:878} INFO - 
================================================================================
DAG File Processing Stats

File Path                            PID    Runtime      # DAGs    # Errors  Last Runtime    Last Run
-----------------------------------  -----  ---------  --------  ----------  --------------  -------------------
/opt/airflow/dags/minio-to-kafka.py                           1           0  3.38s           2026-08-30T17:00:31
================================================================================
[2026-08-30T17:01:28.919+0000] {manager.py:878} INFO - 
================================================================================
DAG File Processing Stats

File Path                            PID    Runtime      # DAGs    # Errors  Last Runtime    Last Run
-----------------------------------  -----  ---------  --------  ----------  --------------  -------------------
/opt/airflow/dags/minio-to-kafka.py                           1           0  1.84s           2026-08-30T17:01:03
================================================================================
[2026-08-30T17:01:59.442+0000] {manager.py:878} INFO - 
================================================================================
DAG File Processing Stats

File Path                            PID    Runtime      # DAGs    # Errors  Last Runtime    Last Run
-----------------------------------  -----  ---------  --------  ----------  --------------  -------------------
/opt/airflow/dags/minio-to-kafka.py                           1           0  1.23s           2026-08-30T17:01:35
================================================================================
[2026-08-30T17:02:29.790+0000] {manager.py:878} INFO - 
================================================================================
DAG File Processing Stats

File Path                            PID    Runtime      # DAGs    # Errors  Last Runtime    Last Run
-----------------------------------  -----  ---------  --------  ----------  --------------  -------------------
/opt/airflow/dags/minio-to-kafka.py                           1           0  1.19s           2026-08-30T17:02:06
================================================================================
[2026-08-30T17:03:00.132+0000] {manager.py:878} INFO - 
================================================================================
DAG File Processing Stats

File Path                            PID    Runtime      # DAGs    # Errors  Last Runtime    Last Run
-----------------------------------  -----  ---------  --------  ----------  --------------  -------------------
/opt/airflow/dags/minio-to-kafka.py                           1           0  1.15s           2026-08-30T17:02:37
================================================================================
[2026-08-30T17:03:30.522+0000] {manager.py:878} INFO - 
================================================================================
DAG File Processing Stats

File Path                            PID    Runtime      # DAGs    # Errors  Last Runtime    Last Run
-----------------------------------  -----  ---------  --------  ----------  --------------  -------------------
/opt/airflow/dags/minio-to-kafka.py                           1           0  1.41s           2026-08-30T17:03:09
================================================================================
[2026-08-30T17:03:41.029+0000] {manager.py:737} INFO - Searching for files in /opt/airflow/dags
[2026-08-30T17:03:41.069+0000] {manager.py:740} INFO - There are 1 files in /opt/airflow/dags
[2026-08-30T17:04:00.543+0000] {manager.py:878} INFO - 
================================================================================
DAG File Processing Stats

File Path                            PID    Runtime      # DAGs    # Errors  Last Runtime    Last Run
-----------------------------------  -----  ---------  --------  ----------  --------------  -------------------
/opt/airflow/dags/minio-to-kafka.py                           1           0  1.29s           2026-08-30T17:03:41
================================================================================
[2026-08-30T17:04:30.860+0000] {manager.py:878} INFO - 
================================================================================
DAG File Processing Stats

File Path                            PID    Runtime      # DAGs    # Errors  Last Runtime    Last Run
-----------------------------------  -----  ---------  --------  ----------  --------------  -------------------
/opt/airflow/dags/minio-to-kafka.py                           1           0  1.32s           2026-08-30T17:04:12
================================================================================
[2026-08-30T17:05:01.245+0000] {manager.py:878} INFO - 
================================================================================
DAG File Processing Stats

File Path                            PID    Runtime      # DAGs    # Errors  Last Runtime    Last Run
-----------------------------------  -----  ---------  --------  ----------  --------------  -------------------
/opt/airflow/dags/minio-to-kafka.py                           1           0  1.15s           2026-08-30T17:04:44
================================================================================
[2026-08-30T17:05:31.651+0000] {manager.py:878} INFO - 
================================================================================
DAG File Processing Stats

File Path                            PID    Runtime      # DAGs    # Errors  Last Runtime    Last Run
-----------------------------------  -----  ---------  --------  ----------  --------------  -------------------
/opt/airflow/dags/minio-to-kafka.py                           1           0  1.39s           2026-08-30T17:05:15
================================================================================
[2026-08-30T17:06:02.375+0000] {manager.py:878} INFO - 
================================================================================
DAG File Processing Stats

File Path                            PID    Runtime      # DAGs    # Errors  Last Runtime    Last Run
-----------------------------------  -----  ---------  --------  ----------  --------------  -------------------
/opt/airflow/dags/minio-to-kafka.py                           1           0  1.31s           2026-08-30T17:05:47
================================================================================
[2026-08-30T17:06:33.015+0000] {manager.py:878} INFO - 
================================================================================
DAG File Processing Stats

File Path                            PID    Runtime      # DAGs    # Errors  Last Runtime    Last Run
-----------------------------------  -----  ---------  --------  ----------  --------------  -------------------
/opt/airflow/dags/minio-to-kafka.py                           1           0  1.65s           2026-08-30T17:06:19
================================================================================
[2026-08-30T17:07:03.335+0000] {manager.py:878} INFO - 
================================================================================
DAG File Processing Stats

File Path                            PID    Runtime      # DAGs    # Errors  Last Runtime    Last Run
-----------------------------------  -----  ---------  --------  ----------  --------------  -------------------
/opt/airflow/dags/minio-to-kafka.py                           1           0  2.64s           2026-08-30T17:06:52
================================================================================
[2026-08-30T17:07:33.765+0000] {manager.py:878} INFO - 
================================================================================
DAG File Processing Stats

File Path                            PID    Runtime      # DAGs    # Errors  Last Runtime    Last Run
-----------------------------------  -----  ---------  --------  ----------  --------------  -------------------
/opt/airflow/dags/minio-to-kafka.py                           1           0  1.38s           2026-08-30T17:07:23
================================================================================
[2026-08-30T17:08:04.480+0000] {manager.py:878} INFO - 
================================================================================
DAG File Processing Stats

File Path                            PID    Runtime      # DAGs    # Errors  Last Runtime    Last Run
-----------------------------------  -----  ---------  --------  ----------  --------------  -------------------
/opt/airflow/dags/minio-to-kafka.py                           1           0  1.37s           2026-08-30T17:07:55
================================================================================
[2026-08-30T17:08:34.934+0000] {manager.py:878} INFO - 
================================================================================
DAG File Processing Stats

File Path                            PID    Runtime      # DAGs    # Errors  Last Runtime    Last Run
-----------------------------------  -----  ---------  --------  ----------  --------------  -------------------
/opt/airflow/dags/minio-to-kafka.py                           1           0  1.19s           2026-08-30T17:08:26
================================================================================
[2026-08-30T17:08:41.171+0000] {manager.py:737} INFO - Searching for files in /opt/airflow/dags
[2026-08-30T17:08:41.214+0000] {manager.py:740} INFO - There are 1 files in /opt/airflow/dags
[2026-08-30T17:09:05.341+0000] {manager.py:878} INFO - 
================================================================================
DAG File Processing Stats

File Path                            PID    Runtime      # DAGs    # Errors  Last Runtime    Last Run
-----------------------------------  -----  ---------  --------  ----------  --------------  -------------------
/opt/airflow/dags/minio-to-kafka.py                           1           0  1.15s           2026-08-30T17:08:58
================================================================================
[2026-08-30T17:09:35.802+0000] {manager.py:878} INFO - 
================================================================================
DAG File Processing Stats

File Path                            PID    Runtime      # DAGs    # Errors  Last Runtime    Last Run
-----------------------------------  -----  ---------  --------  ----------  --------------  -------------------
/opt/airflow/dags/minio-to-kafka.py                           1           0  1.43s           2026-08-30T17:09:30
================================================================================
[2026-08-30T17:10:05.891+0000] {manager.py:878} INFO - 
================================================================================
DAG File Processing Stats

File Path                            PID    Runtime      # DAGs    # Errors  Last Runtime    Last Run
-----------------------------------  -----  ---------  --------  ----------  --------------  -------------------
/opt/airflow/dags/minio-to-kafka.py                           1           0  1.36s           2026-08-30T17:10:01
================================================================================
[2026-08-30T17:10:36.286+0000] {manager.py:878} INFO - 
================================================================================
DAG File Processing Stats

File Path                            PID    Runtime      # DAGs    # Errors  Last Runtime    Last Run
-----------------------------------  -----  ---------  --------  ----------  --------------  -------------------
/opt/airflow/dags/minio-to-kafka.py                           1           0  1.34s           2026-08-30T17:10:33
================================================================================
[2026-08-30T17:11:06.720+0000] {manager.py:878} INFO - 
================================================================================
DAG File Processing Stats

File Path                            PID    Runtime      # DAGs    # Errors  Last Runtime    Last Run
-----------------------------------  -----  ---------  --------  ----------  --------------  -------------------
/opt/airflow/dags/minio-to-kafka.py                           1           0  1.22s           2026-08-30T17:11:04
================================================================================
[2026-08-30T17:11:37.220+0000] {manager.py:878} INFO - 
================================================================================
DAG File Processing Stats

File Path                            PID    Runtime      # DAGs    # Errors  Last Runtime    Last Run
-----------------------------------  -----  ---------  --------  ----------  --------------  -------------------
/opt/airflow/dags/minio-to-kafka.py                           1           0  1.27s           2026-08-30T17:11:36
================================================================================
[2026-08-30T17:12:07.645+0000] {manager.py:878} INFO - 
================================================================================
DAG File Processing Stats

File Path                              PID  Runtime      # DAGs    # Errors  Last Runtime    Last Run
-----------------------------------  -----  ---------  --------  ----------  --------------  -------------------
/opt/airflow/dags/minio-to-kafka.py    248  1.03s             1           0  1.27s           2026-08-30T17:11:36
================================================================================
[2026-08-30T17:12:38.076+0000] {manager.py:878} INFO - 
================================================================================
DAG File Processing Stats

File Path                            PID    Runtime      # DAGs    # Errors  Last Runtime    Last Run
-----------------------------------  -----  ---------  --------  ----------  --------------  -------------------
/opt/airflow/dags/minio-to-kafka.py                           1           0  2.22s           2026-08-30T17:12:08
================================================================================
[2026-08-30T17:13:08.519+0000] {manager.py:878} INFO - 
================================================================================
DAG File Processing Stats

File Path                            PID    Runtime      # DAGs    # Errors  Last Runtime    Last Run
-----------------------------------  -----  ---------  --------  ----------  --------------  -------------------
/opt/airflow/dags/minio-to-kafka.py                           1           0  1.53s           2026-08-30T17:12:40
================================================================================
[2026-08-30T17:13:38.552+0000] {manager.py:878} INFO - 
================================================================================
DAG File Processing Stats

File Path                            PID    Runtime      # DAGs    # Errors  Last Runtime    Last Run
-----------------------------------  -----  ---------  --------  ----------  --------------  -------------------
/opt/airflow/dags/minio-to-kafka.py                           1           0  1.25s           2026-08-30T17:13:12
================================================================================
[2026-08-30T17:13:41.456+0000] {manager.py:737} INFO - Searching for files in /opt/airflow/dags
[2026-08-30T17:13:41.522+0000] {manager.py:740} INFO - There are 1 files in /opt/airflow/dags
[2026-08-30T17:14:08.921+0000] {manager.py:878} INFO - 
================================================================================
DAG File Processing Stats

File Path                            PID    Runtime      # DAGs    # Errors  Last Runtime    Last Run
-----------------------------------  -----  ---------  --------  ----------  --------------  -------------------
/opt/airflow/dags/minio-to-kafka.py                           1           0  1.36s           2026-08-30T17:13:43
================================================================================
[2026-08-30T17:14:39.334+0000] {manager.py:878} INFO - 
================================================================================
DAG File Processing Stats

File Path                            PID    Runtime      # DAGs    # Errors  Last Runtime    Last Run
-----------------------------------  -----  ---------  --------  ----------  --------------  -------------------
/opt/airflow/dags/minio-to-kafka.py                           1           0  1.19s           2026-08-30T17:14:15
================================================================================
[2026-08-30T17:15:09.774+0000] {manager.py:878} INFO - 
================================================================================
DAG File Processing Stats

File Path                            PID    Runtime      # DAGs    # Errors  Last Runtime    Last Run
-----------------------------------  -----  ---------  --------  ----------  --------------  -------------------
/opt/airflow/dags/minio-to-kafka.py                           1           0  2.46s           2026-08-30T17:14:47
================================================================================
[2026-08-30T17:15:40.508+0000] {manager.py:878} INFO - 
================================================================================
DAG File Processing Stats

File Path                            PID    Runtime      # DAGs    # Errors  Last Runtime    Last Run
-----------------------------------  -----  ---------  --------  ----------  --------------  -------------------
/opt/airflow/dags/minio-to-kafka.py                           1           0  1.08s           2026-08-30T17:15:19
================================================================================
[2026-08-30T17:16:10.893+0000] {manager.py:878} INFO - 
================================================================================
DAG File Processing Stats

File Path                            PID    Runtime      # DAGs    # Errors  Last Runtime    Last Run
-----------------------------------  -----  ---------  --------  ----------  --------------  -------------------
/opt/airflow/dags/minio-to-kafka.py                           1           0  1.65s           2026-08-30T17:15:51
================================================================================
[2026-08-30T17:16:41.296+0000] {manager.py:878} INFO - 
================================================================================
DAG File Processing Stats

File Path                            PID    Runtime      # DAGs    # Errors  Last Runtime    Last Run
-----------------------------------  -----  ---------  --------  ----------  --------------  -------------------
/opt/airflow/dags/minio-to-kafka.py                           1           0  1.44s           2026-08-30T17:16:23
================================================================================
[2026-08-30T17:17:11.754+0000] {manager.py:878} INFO - 
================================================================================
DAG File Processing Stats

File Path                            PID    Runtime      # DAGs    # Errors  Last Runtime    Last Run
-----------------------------------  -----  ---------  --------  ----------  --------------  -------------------
/opt/airflow/dags/minio-to-kafka.py                           1           0  1.12s           2026-08-30T17:16:54
================================================================================
[2026-08-30T17:17:42.173+0000] {manager.py:878} INFO - 
================================================================================
DAG File Processing Stats

File Path                            PID    Runtime      # DAGs    # Errors  Last Runtime    Last Run
-----------------------------------  -----  ---------  --------  ----------  --------------  -------------------
/opt/airflow/dags/minio-to-kafka.py                           1           0  1.16s           2026-08-30T17:17:26
================================================================================
[2026-08-30T17:18:12.530+0000] {manager.py:878} INFO - 
================================================================================
DAG File Processing Stats

File Path                            PID    Runtime      # DAGs    # Errors  Last Runtime    Last Run
-----------------------------------  -----  ---------  --------  ----------  --------------  -------------------
/opt/airflow/dags/minio-to-kafka.py                           1           0  1.07s           2026-08-30T17:17:57
================================================================================
[2026-08-30T17:18:41.903+0000] {manager.py:737} INFO - Searching for files in /opt/airflow/dags
[2026-08-30T17:18:41.968+0000] {manager.py:740} INFO - There are 1 files in /opt/airflow/dags
[2026-08-30T17:18:43.014+0000] {manager.py:878} INFO - 
================================================================================
DAG File Processing Stats

File Path                            PID    Runtime      # DAGs    # Errors  Last Runtime    Last Run
-----------------------------------  -----  ---------  --------  ----------  --------------  -------------------
/opt/airflow/dags/minio-to-kafka.py                           1           0  1.16s           2026-08-30T17:18:28
================================================================================
[2026-08-30T17:19:13.502+0000] {manager.py:878} INFO - 
================================================================================
DAG File Processing Stats

File Path                            PID    Runtime      # DAGs    # Errors  Last Runtime    Last Run
-----------------------------------  -----  ---------  --------  ----------  --------------  -------------------
/opt/airflow/dags/minio-to-kafka.py                           1           0  1.39s           2026-08-30T17:19:00
================================================================================
[2026-08-30T17:19:43.892+0000] {manager.py:878} INFO - 
================================================================================
DAG File Processing Stats

File Path                            PID    Runtime      # DAGs    # Errors  Last Runtime    Last Run
-----------------------------------  -----  ---------  --------  ----------  --------------  -------------------
/opt/airflow/dags/minio-to-kafka.py                           1           0  1.24s           2026-08-30T17:19:31
================================================================================
[2026-08-30T17:20:14.351+0000] {manager.py:878} INFO - 
================================================================================
DAG File Processing Stats

File Path                            PID    Runtime      # DAGs    # Errors  Last Runtime    Last Run
-----------------------------------  -----  ---------  --------  ----------  --------------  -------------------
/opt/airflow/dags/minio-to-kafka.py                           1           0  1.15s           2026-08-30T17:20:03
================================================================================
[2026-08-30T17:20:44.778+0000] {manager.py:878} INFO - 
================================================================================
DAG File Processing Stats

File Path                            PID    Runtime      # DAGs    # Errors  Last Runtime    Last Run
-----------------------------------  -----  ---------  --------  ----------  --------------  -------------------
/opt/airflow/dags/minio-to-kafka.py                           1           0  1.20s           2026-08-30T17:20:34
================================================================================
[2026-08-30T17:21:15.184+0000] {manager.py:878} INFO - 
================================================================================
DAG File Processing Stats

File Path                            PID    Runtime      # DAGs    # Errors  Last Runtime    Last Run
-----------------------------------  -----  ---------  --------  ----------  --------------  -------------------
/opt/airflow/dags/minio-to-kafka.py                           1           0  1.11s           2026-08-30T17:21:06
================================================================================
[2026-08-30T17:21:45.622+0000] {manager.py:878} INFO - 
================================================================================
DAG File Processing Stats

File Path                            PID    Runtime      # DAGs    # Errors  Last Runtime    Last Run
-----------------------------------  -----  ---------  --------  ----------  --------------  -------------------
/opt/airflow/dags/minio-to-kafka.py                           1           0  1.15s           2026-08-30T17:21:37
================================================================================
[2026-08-30T17:22:15.632+0000] {manager.py:878} INFO - 
================================================================================
DAG File Processing Stats

File Path                            PID    Runtime      # DAGs    # Errors  Last Runtime    Last Run
-----------------------------------  -----  ---------  --------  ----------  --------------  -------------------
/opt/airflow/dags/minio-to-kafka.py                           1           0  2.72s           2026-08-30T17:22:10
================================================================================
[2026-08-30T17:22:45.994+0000] {manager.py:878} INFO - 
================================================================================
DAG File Processing Stats

File Path                            PID    Runtime      # DAGs    # Errors  Last Runtime    Last Run
-----------------------------------  -----  ---------  --------  ----------  --------------  -------------------
/opt/airflow/dags/minio-to-kafka.py                           1           0  1.99s           2026-08-30T17:22:42
================================================================================
[2026-08-30T17:23:16.609+0000] {manager.py:878} INFO - 
================================================================================
DAG File Processing Stats

File Path                            PID    Runtime      # DAGs    # Errors  Last Runtime    Last Run
-----------------------------------  -----  ---------  --------  ----------  --------------  -------------------
/opt/airflow/dags/minio-to-kafka.py                           1           0  1.57s           2026-08-30T17:23:14
================================================================================
[2026-08-30T17:23:42.013+0000] {manager.py:737} INFO - Searching for files in /opt/airflow/dags
[2026-08-30T17:23:42.105+0000] {manager.py:740} INFO - There are 1 files in /opt/airflow/dags
[2026-08-30T17:23:46.625+0000] {manager.py:878} INFO - 
================================================================================
DAG File Processing Stats

File Path                            PID    Runtime      # DAGs    # Errors  Last Runtime    Last Run
-----------------------------------  -----  ---------  --------  ----------  --------------  -------------------
/opt/airflow/dags/minio-to-kafka.py                           1           0  1.45s           2026-08-30T17:23:46
================================================================================
[2026-08-30T17:24:16.836+0000] {manager.py:878} INFO - 
================================================================================
DAG File Processing Stats

File Path                              PID  Runtime      # DAGs    # Errors  Last Runtime    Last Run
-----------------------------------  -----  ---------  --------  ----------  --------------  -------------------
/opt/airflow/dags/minio-to-kafka.py    317  0.01s             1           0  1.45s           2026-08-30T17:23:46
================================================================================
[2026-08-30T17:24:47.360+0000] {manager.py:878} INFO - 
================================================================================
DAG File Processing Stats

File Path                            PID    Runtime      # DAGs    # Errors  Last Runtime    Last Run
-----------------------------------  -----  ---------  --------  ----------  --------------  -------------------
/opt/airflow/dags/minio-to-kafka.py                           1           0  1.23s           2026-08-30T17:24:18
================================================================================
[2026-08-30T17:25:17.825+0000] {manager.py:878} INFO - 
================================================================================
DAG File Processing Stats

File Path                            PID    Runtime      # DAGs    # Errors  Last Runtime    Last Run
-----------------------------------  -----  ---------  --------  ----------  --------------  -------------------
/opt/airflow/dags/minio-to-kafka.py                           1           0  1.33s           2026-08-30T17:24:49
================================================================================
[2026-08-30T17:25:48.411+0000] {manager.py:878} INFO - 
================================================================================
DAG File Processing Stats

File Path                            PID    Runtime      # DAGs    # Errors  Last Runtime    Last Run
-----------------------------------  -----  ---------  --------  ----------  --------------  -------------------
/opt/airflow/dags/minio-to-kafka.py                           1           0  3.17s           2026-08-30T17:25:23
================================================================================
[2026-08-30T17:26:18.999+0000] {manager.py:878} INFO - 
================================================================================
DAG File Processing Stats

File Path                            PID    Runtime      # DAGs    # Errors  Last Runtime    Last Run
-----------------------------------  -----  ---------  --------  ----------  --------------  -------------------
/opt/airflow/dags/minio-to-kafka.py                           1           0  2.28s           2026-08-30T17:25:55
================================================================================
[2026-08-30T17:26:49.616+0000] {manager.py:878} INFO - 
================================================================================
DAG File Processing Stats

File Path                            PID    Runtime      # DAGs    # Errors  Last Runtime    Last Run
-----------------------------------  -----  ---------  --------  ----------  --------------  -------------------
/opt/airflow/dags/minio-to-kafka.py                           1           0  1.35s           2026-08-30T17:26:27
================================================================================
[2026-08-30T17:27:19.914+0000] {manager.py:878} INFO - 
================================================================================
DAG File Processing Stats

File Path                            PID    Runtime      # DAGs    # Errors  Last Runtime    Last Run
-----------------------------------  -----  ---------  --------  ----------  --------------  -------------------
/opt/airflow/dags/minio-to-kafka.py                           1           0  1.85s           2026-08-30T17:26:59
================================================================================
[2026-08-30T17:27:50.338+0000] {manager.py:878} INFO - 
================================================================================
DAG File Processing Stats

File Path                            PID    Runtime      # DAGs    # Errors  Last Runtime    Last Run
-----------------------------------  -----  ---------  --------  ----------  --------------  -------------------
/opt/airflow/dags/minio-to-kafka.py                           1           0  1.91s           2026-08-30T17:27:32
================================================================================
[2026-08-30T17:28:20.497+0000] {manager.py:878} INFO - 
================================================================================
DAG File Processing Stats

File Path                            PID    Runtime      # DAGs    # Errors  Last Runtime    Last Run
-----------------------------------  -----  ---------  --------  ----------  --------------  -------------------
/opt/airflow/dags/minio-to-kafka.py                           1           0  1.68s           2026-08-30T17:28:04
================================================================================
[2026-08-30T17:28:42.345+0000] {manager.py:737} INFO - Searching for files in /opt/airflow/dags
[2026-08-30T17:28:42.400+0000] {manager.py:740} INFO - There are 1 files in /opt/airflow/dags
[2026-08-30T17:28:50.530+0000] {manager.py:878} INFO - 
================================================================================
DAG File Processing Stats

File Path                            PID    Runtime      # DAGs    # Errors  Last Runtime    Last Run
-----------------------------------  -----  ---------  --------  ----------  --------------  -------------------
/opt/airflow/dags/minio-to-kafka.py                           1           0  1.93s           2026-08-30T17:28:36
================================================================================
[2026-08-30T17:29:20.871+0000] {manager.py:878} INFO - 
================================================================================
DAG File Processing Stats

File Path                            PID    Runtime      # DAGs    # Errors  Last Runtime    Last Run
-----------------------------------  -----  ---------  --------  ----------  --------------  -------------------
/opt/airflow/dags/minio-to-kafka.py                           1           0  2.91s           2026-08-30T17:29:09
================================================================================
[2026-08-30T17:29:51.697+0000] {manager.py:878} INFO - 
================================================================================
DAG File Processing Stats

File Path                            PID    Runtime      # DAGs    # Errors  Last Runtime    Last Run
-----------------------------------  -----  ---------  --------  ----------  --------------  -------------------
/opt/airflow/dags/minio-to-kafka.py                           1           0  1.53s           2026-08-30T17:29:41
================================================================================
[2026-08-30T17:30:22.143+0000] {manager.py:878} INFO - 
================================================================================
DAG File Processing Stats

File Path                            PID    Runtime      # DAGs    # Errors  Last Runtime    Last Run
-----------------------------------  -----  ---------  --------  ----------  --------------  -------------------
/opt/airflow/dags/minio-to-kafka.py                           1           0  1.46s           2026-08-30T17:30:13
================================================================================
[2026-08-30T17:30:52.513+0000] {manager.py:878} INFO - 
================================================================================
DAG File Processing Stats

File Path                            PID    Runtime      # DAGs    # Errors  Last Runtime    Last Run
-----------------------------------  -----  ---------  --------  ----------  --------------  -------------------
/opt/airflow/dags/minio-to-kafka.py                           1           0  1.92s           2026-08-30T17:30:45
================================================================================
[2026-08-30T17:31:22.862+0000] {manager.py:878} INFO - 
================================================================================
DAG File Processing Stats

File Path                            PID    Runtime      # DAGs    # Errors  Last Runtime    Last Run
-----------------------------------  -----  ---------  --------  ----------  --------------  -------------------
/opt/airflow/dags/minio-to-kafka.py                           1           0  1.12s           2026-08-30T17:31:16
================================================================================
[2026-08-30T17:31:53.320+0000] {manager.py:878} INFO - 
================================================================================
DAG File Processing Stats

File Path                            PID    Runtime      # DAGs    # Errors  Last Runtime    Last Run
-----------------------------------  -----  ---------  --------  ----------  --------------  -------------------
/opt/airflow/dags/minio-to-kafka.py                           1           0  1.16s           2026-08-30T17:31:48
================================================================================
[2026-08-30T17:32:23.732+0000] {manager.py:878} INFO - 
================================================================================
DAG File Processing Stats

File Path                            PID    Runtime      # DAGs    # Errors  Last Runtime    Last Run
-----------------------------------  -----  ---------  --------  ----------  --------------  -------------------
/opt/airflow/dags/minio-to-kafka.py                           1           0  1.53s           2026-08-30T17:32:20
================================================================================
[2026-08-30T17:32:53.954+0000] {manager.py:878} INFO - 
================================================================================
DAG File Processing Stats

File Path                            PID    Runtime      # DAGs    # Errors  Last Runtime    Last Run
-----------------------------------  -----  ---------  --------  ----------  --------------  -------------------
/opt/airflow/dags/minio-to-kafka.py                           1           0  1.33s           2026-08-30T17:32:51
================================================================================
[2026-08-30T17:33:24.350+0000] {manager.py:878} INFO - 
================================================================================
DAG File Processing Stats

File Path                            PID    Runtime      # DAGs    # Errors  Last Runtime    Last Run
-----------------------------------  -----  ---------  --------  ----------  --------------  -------------------
/opt/airflow/dags/minio-to-kafka.py                           1           0  1.38s           2026-08-30T17:33:23
================================================================================
[2026-08-30T17:33:42.587+0000] {manager.py:737} INFO - Searching for files in /opt/airflow/dags
[2026-08-30T17:33:42.636+0000] {manager.py:740} INFO - There are 1 files in /opt/airflow/dags
[2026-08-30T17:33:54.847+0000] {manager.py:878} INFO - 
================================================================================
DAG File Processing Stats

File Path                              PID  Runtime      # DAGs    # Errors  Last Runtime    Last Run
-----------------------------------  -----  ---------  --------  ----------  --------------  -------------------
/opt/airflow/dags/minio-to-kafka.py    371  1.03s             1           0  1.38s           2026-08-30T17:33:23
================================================================================
[2026-08-30T17:34:25.230+0000] {manager.py:878} INFO - 
================================================================================
DAG File Processing Stats

File Path                              PID  Runtime      # DAGs    # Errors  Last Runtime    Last Run
-----------------------------------  -----  ---------  --------  ----------  --------------  -------------------
/opt/airflow/dags/minio-to-kafka.py    374  0.02s             1           0  1.23s           2026-08-30T17:33:55
================================================================================
[2026-08-30T17:34:55.799+0000] {manager.py:878} INFO - 
================================================================================
DAG File Processing Stats

File Path                            PID    Runtime      # DAGs    # Errors  Last Runtime    Last Run
-----------------------------------  -----  ---------  --------  ----------  --------------  -------------------
/opt/airflow/dags/minio-to-kafka.py                           1           0  1.25s           2026-08-30T17:34:26
================================================================================
[2026-08-30T17:35:26.107+0000] {manager.py:878} INFO - 
================================================================================
DAG File Processing Stats

File Path                            PID    Runtime      # DAGs    # Errors  Last Runtime    Last Run
-----------------------------------  -----  ---------  --------  ----------  --------------  -------------------
/opt/airflow/dags/minio-to-kafka.py                           1           0  1.78s           2026-08-30T17:34:58
================================================================================
[2026-08-30T17:35:56.525+0000] {manager.py:878} INFO - 
================================================================================
DAG File Processing Stats

File Path                            PID    Runtime      # DAGs    # Errors  Last Runtime    Last Run
-----------------------------------  -----  ---------  --------  ----------  --------------  -------------------
/opt/airflow/dags/minio-to-kafka.py                           1           0  1.13s           2026-08-30T17:35:30
================================================================================
[2026-08-30T17:36:26.974+0000] {manager.py:878} INFO - 
================================================================================
DAG File Processing Stats

File Path                            PID    Runtime      # DAGs    # Errors  Last Runtime    Last Run
-----------------------------------  -----  ---------  --------  ----------  --------------  -------------------
/opt/airflow/dags/minio-to-kafka.py                           1           0  1.24s           2026-08-30T17:36:01
================================================================================
[2026-08-30T17:36:57.428+0000] {manager.py:878} INFO - 
================================================================================
DAG File Processing Stats

File Path                            PID    Runtime      # DAGs    # Errors  Last Runtime    Last Run
-----------------------------------  -----  ---------  --------  ----------  --------------  -------------------
/opt/airflow/dags/minio-to-kafka.py                           1           0  2.03s           2026-08-30T17:36:34
================================================================================
[2026-08-30T17:37:27.728+0000] {manager.py:878} INFO - 
================================================================================
DAG File Processing Stats

File Path                            PID    Runtime      # DAGs    # Errors  Last Runtime    Last Run
-----------------------------------  -----  ---------  --------  ----------  --------------  -------------------
/opt/airflow/dags/minio-to-kafka.py                           1           0  1.86s           2026-08-30T17:37:06
================================================================================
[2026-08-30T17:37:58.271+0000] {manager.py:878} INFO - 
================================================================================
DAG File Processing Stats

File Path                            PID    Runtime      # DAGs    # Errors  Last Runtime    Last Run
-----------------------------------  -----  ---------  --------  ----------  --------------  -------------------
/opt/airflow/dags/minio-to-kafka.py                           1           0  1.55s           2026-08-30T17:37:38
================================================================================
[2026-08-30T17:38:28.298+0000] {manager.py:878} INFO - 
================================================================================
DAG File Processing Stats

File Path                            PID    Runtime      # DAGs    # Errors  Last Runtime    Last Run
-----------------------------------  -----  ---------  --------  ----------  --------------  -------------------
/opt/airflow/dags/minio-to-kafka.py                           1           0  1.21s           2026-08-30T17:38:10
================================================================================
[2026-08-30T17:38:43.239+0000] {manager.py:737} INFO - Searching for files in /opt/airflow/dags
[2026-08-30T17:38:43.280+0000] {manager.py:740} INFO - There are 1 files in /opt/airflow/dags
[2026-08-30T17:38:58.455+0000] {manager.py:878} INFO - 
================================================================================
DAG File Processing Stats

File Path                            PID    Runtime      # DAGs    # Errors  Last Runtime    Last Run
-----------------------------------  -----  ---------  --------  ----------  --------------  -------------------
/opt/airflow/dags/minio-to-kafka.py                           1           0  1.12s           2026-08-30T17:38:41
================================================================================
[2026-08-30T17:39:28.835+0000] {manager.py:878} INFO - 
================================================================================
DAG File Processing Stats

File Path                            PID    Runtime      # DAGs    # Errors  Last Runtime    Last Run
-----------------------------------  -----  ---------  --------  ----------  --------------  -------------------
/opt/airflow/dags/minio-to-kafka.py                           1           0  1.22s           2026-08-30T17:39:12
================================================================================
[2026-08-30T17:39:59.398+0000] {manager.py:878} INFO - 
================================================================================
DAG File Processing Stats

File Path                            PID    Runtime      # DAGs    # Errors  Last Runtime    Last Run
-----------------------------------  -----  ---------  --------  ----------  --------------  -------------------
/opt/airflow/dags/minio-to-kafka.py                           1           0  1.23s           2026-08-30T17:39:44
================================================================================
[2026-08-30T17:40:29.763+0000] {manager.py:878} INFO - 
================================================================================
DAG File Processing Stats

File Path                            PID    Runtime      # DAGs    # Errors  Last Runtime    Last Run
-----------------------------------  -----  ---------  --------  ----------  --------------  -------------------
/opt/airflow/dags/minio-to-kafka.py                           1           0  1.23s           2026-08-30T17:40:15
================================================================================
[2026-08-30T17:41:00.188+0000] {manager.py:878} INFO - 
================================================================================
DAG File Processing Stats

File Path                            PID    Runtime      # DAGs    # Errors  Last Runtime    Last Run
-----------------------------------  -----  ---------  --------  ----------  --------------  -------------------
/opt/airflow/dags/minio-to-kafka.py                           1           0  1.09s           2026-08-30T17:40:47
================================================================================
[2026-08-30T17:41:30.624+0000] {manager.py:878} INFO - 
================================================================================
DAG File Processing Stats

File Path                            PID    Runtime      # DAGs    # Errors  Last Runtime    Last Run
-----------------------------------  -----  ---------  --------  ----------  --------------  -------------------
/opt/airflow/dags/minio-to-kafka.py                           1           0  1.33s           2026-08-30T17:41:18
================================================================================
[2026-08-30T17:42:01.050+0000] {manager.py:878} INFO - 
================================================================================
DAG File Processing Stats

File Path                            PID    Runtime      # DAGs    # Errors  Last Runtime    Last Run
-----------------------------------  -----  ---------  --------  ----------  --------------  -------------------
/opt/airflow/dags/minio-to-kafka.py                           1           0  1.12s           2026-08-30T17:41:50
================================================================================
[2026-08-30T17:42:31.636+0000] {manager.py:878} INFO - 
================================================================================
DAG File Processing Stats

File Path                            PID    Runtime      # DAGs    # Errors  Last Runtime    Last Run
-----------------------------------  -----  ---------  --------  ----------  --------------  -------------------
/opt/airflow/dags/minio-to-kafka.py                           1           0  1.27s           2026-08-30T17:42:21
================================================================================
[2026-08-30T17:43:02.103+0000] {manager.py:878} INFO - 
================================================================================
DAG File Processing Stats

File Path                            PID    Runtime      # DAGs    # Errors  Last Runtime    Last Run
-----------------------------------  -----  ---------  --------  ----------  --------------  -------------------
/opt/airflow/dags/minio-to-kafka.py                           1           0  1.94s           2026-08-30T17:42:53
================================================================================
[2026-08-30T17:43:32.679+0000] {manager.py:878} INFO - 
================================================================================
DAG File Processing Stats

File Path                            PID    Runtime      # DAGs    # Errors  Last Runtime    Last Run
-----------------------------------  -----  ---------  --------  ----------  --------------  -------------------
/opt/airflow/dags/minio-to-kafka.py                           1           0  1.27s           2026-08-30T17:43:25
================================================================================
[2026-08-30T17:43:43.866+0000] {manager.py:737} INFO - Searching for files in /opt/airflow/dags
[2026-08-30T17:43:43.948+0000] {manager.py:740} INFO - There are 1 files in /opt/airflow/dags
[2026-08-30T17:44:03.255+0000] {manager.py:878} INFO - 
================================================================================
DAG File Processing Stats

File Path                            PID    Runtime      # DAGs    # Errors  Last Runtime    Last Run
-----------------------------------  -----  ---------  --------  ----------  --------------  -------------------
/opt/airflow/dags/minio-to-kafka.py                           1           0  2.31s           2026-08-30T17:43:58
================================================================================
[2026-08-30T17:44:33.901+0000] {manager.py:878} INFO - 
================================================================================
DAG File Processing Stats

File Path                            PID    Runtime      # DAGs    # Errors  Last Runtime    Last Run
-----------------------------------  -----  ---------  --------  ----------  --------------  -------------------
/opt/airflow/dags/minio-to-kafka.py                           1           0  1.61s           2026-08-30T17:44:30
================================================================================
[2026-08-30T17:45:03.908+0000] {manager.py:878} INFO - 
================================================================================
DAG File Processing Stats

File Path                            PID    Runtime      # DAGs    # Errors  Last Runtime    Last Run
-----------------------------------  -----  ---------  --------  ----------  --------------  -------------------
/opt/airflow/dags/minio-to-kafka.py                           1           0  1.41s           2026-08-30T17:45:01
================================================================================
[2026-08-30T17:45:34.268+0000] {manager.py:878} INFO - 
================================================================================
DAG File Processing Stats

File Path                            PID    Runtime      # DAGs    # Errors  Last Runtime    Last Run
-----------------------------------  -----  ---------  --------  ----------  --------------  -------------------
/opt/airflow/dags/minio-to-kafka.py                           1           0  1.42s           2026-08-30T17:45:33
================================================================================
[2026-08-30T17:46:04.606+0000] {manager.py:878} INFO - 
================================================================================
DAG File Processing Stats

File Path                              PID  Runtime      # DAGs    # Errors  Last Runtime    Last Run
-----------------------------------  -----  ---------  --------  ----------  --------------  -------------------
/opt/airflow/dags/minio-to-kafka.py    440  0.64s             1           0  1.42s           2026-08-30T17:45:33
================================================================================
[2026-08-30T17:46:34.836+0000] {manager.py:878} INFO - 
================================================================================
DAG File Processing Stats

File Path                            PID    Runtime      # DAGs    # Errors  Last Runtime    Last Run
-----------------------------------  -----  ---------  --------  ----------  --------------  -------------------
/opt/airflow/dags/minio-to-kafka.py                           1           0  3.58s           2026-08-30T17:46:07
================================================================================
[2026-08-30T17:47:05.318+0000] {manager.py:878} INFO - 
================================================================================
DAG File Processing Stats

File Path                            PID    Runtime      # DAGs    # Errors  Last Runtime    Last Run
-----------------------------------  -----  ---------  --------  ----------  --------------  -------------------
/opt/airflow/dags/minio-to-kafka.py                           1           0  2.12s           2026-08-30T17:46:40
================================================================================
[2026-08-30T17:47:35.746+0000] {manager.py:878} INFO - 
================================================================================
DAG File Processing Stats

File Path                            PID    Runtime      # DAGs    # Errors  Last Runtime    Last Run
-----------------------------------  -----  ---------  --------  ----------  --------------  -------------------
/opt/airflow/dags/minio-to-kafka.py                           1           0  1.99s           2026-08-30T17:47:12
================================================================================
[2026-08-30T17:48:06.120+0000] {manager.py:878} INFO - 
================================================================================
DAG File Processing Stats

File Path                            PID    Runtime      # DAGs    # Errors  Last Runtime    Last Run
-----------------------------------  -----  ---------  --------  ----------  --------------  -------------------
/opt/airflow/dags/minio-to-kafka.py                           1           0  1.29s           2026-08-30T17:47:44
================================================================================
[2026-08-30T17:48:36.701+0000] {manager.py:878} INFO - 
================================================================================
DAG File Processing Stats

File Path                            PID    Runtime      # DAGs    # Errors  Last Runtime    Last Run
-----------------------------------  -----  ---------  --------  ----------  --------------  -------------------
/opt/airflow/dags/minio-to-kafka.py                           1           0  1.36s           2026-08-30T17:48:15
================================================================================
[2026-08-30T17:48:43.876+0000] {manager.py:737} INFO - Searching for files in /opt/airflow/dags
[2026-08-30T17:48:44.001+0000] {manager.py:740} INFO - There are 1 files in /opt/airflow/dags
[2026-08-30T17:49:07.376+0000] {manager.py:878} INFO - 
================================================================================
DAG File Processing Stats

File Path                            PID    Runtime      # DAGs    # Errors  Last Runtime    Last Run
-----------------------------------  -----  ---------  --------  ----------  --------------  -------------------
/opt/airflow/dags/minio-to-kafka.py                           1           0  1.35s           2026-08-30T17:48:47
================================================================================
[2026-08-30T17:49:37.769+0000] {manager.py:878} INFO - 
================================================================================
DAG File Processing Stats

File Path                            PID    Runtime      # DAGs    # Errors  Last Runtime    Last Run
-----------------------------------  -----  ---------  --------  ----------  --------------  -------------------
/opt/airflow/dags/minio-to-kafka.py                           1           0  1.41s           2026-08-30T17:49:18
================================================================================
[2026-08-30T17:50:07.889+0000] {manager.py:878} INFO - 
================================================================================
DAG File Processing Stats

File Path                            PID    Runtime      # DAGs    # Errors  Last Runtime    Last Run
-----------------------------------  -----  ---------  --------  ----------  --------------  -------------------
/opt/airflow/dags/minio-to-kafka.py                           1           0  1.40s           2026-08-30T17:49:50
================================================================================
[2026-08-30T17:50:38.282+0000] {manager.py:878} INFO - 
================================================================================
DAG File Processing Stats

File Path                            PID    Runtime      # DAGs    # Errors  Last Runtime    Last Run
-----------------------------------  -----  ---------  --------  ----------  --------------  -------------------
/opt/airflow/dags/minio-to-kafka.py                           1           0  1.26s           2026-08-30T17:50:22
================================================================================
[2026-08-30T17:51:08.973+0000] {manager.py:878} INFO - 
================================================================================
DAG File Processing Stats

File Path                            PID    Runtime      # DAGs    # Errors  Last Runtime    Last Run
-----------------------------------  -----  ---------  --------  ----------  --------------  -------------------
/opt/airflow/dags/minio-to-kafka.py                           1           0  1.37s           2026-08-30T17:50:53
================================================================================
[2026-08-30T17:51:39.420+0000] {manager.py:878} INFO - 
================================================================================
DAG File Processing Stats

File Path                            PID    Runtime      # DAGs    # Errors  Last Runtime    Last Run
-----------------------------------  -----  ---------  --------  ----------  --------------  -------------------
/opt/airflow/dags/minio-to-kafka.py                           1           0  2.40s           2026-08-30T17:51:26
================================================================================
[2026-08-30T17:52:09.616+0000] {manager.py:878} INFO - 
================================================================================
DAG File Processing Stats

File Path                            PID    Runtime      # DAGs    # Errors  Last Runtime    Last Run
-----------------------------------  -----  ---------  --------  ----------  --------------  -------------------
/opt/airflow/dags/minio-to-kafka.py                           1           0  1.85s           2026-08-30T17:51:58
================================================================================
[2026-08-30T17:52:40.014+0000] {manager.py:878} INFO - 
================================================================================
DAG File Processing Stats

File Path                            PID    Runtime      # DAGs    # Errors  Last Runtime    Last Run
-----------------------------------  -----  ---------  --------  ----------  --------------  -------------------
/opt/airflow/dags/minio-to-kafka.py                           1           0  1.24s           2026-08-30T17:52:30
================================================================================
[2026-08-30T17:53:10.619+0000] {manager.py:878} INFO - 
================================================================================
DAG File Processing Stats

File Path                            PID    Runtime      # DAGs    # Errors  Last Runtime    Last Run
-----------------------------------  -----  ---------  --------  ----------  --------------  -------------------
/opt/airflow/dags/minio-to-kafka.py                           1           0  1.33s           2026-08-30T17:53:01
================================================================================
[2026-08-30T17:53:41.217+0000] {manager.py:878} INFO - 
================================================================================
DAG File Processing Stats

File Path                            PID    Runtime      # DAGs    # Errors  Last Runtime    Last Run
-----------------------------------  -----  ---------  --------  ----------  --------------  -------------------
/opt/airflow/dags/minio-to-kafka.py                           1           0  1.57s           2026-08-30T17:53:33
================================================================================
[2026-08-30T17:53:44.241+0000] {manager.py:737} INFO - Searching for files in /opt/airflow/dags
[2026-08-30T17:53:44.306+0000] {manager.py:740} INFO - There are 1 files in /opt/airflow/dags
[2026-08-30T17:54:11.915+0000] {manager.py:878} INFO - 
================================================================================
DAG File Processing Stats

File Path                            PID    Runtime      # DAGs    # Errors  Last Runtime    Last Run
-----------------------------------  -----  ---------  --------  ----------  --------------  -------------------
/opt/airflow/dags/minio-to-kafka.py                           1           0  1.49s           2026-08-30T17:54:05
================================================================================
[2026-08-30T17:54:42.482+0000] {manager.py:878} INFO - 
================================================================================
DAG File Processing Stats

File Path                            PID    Runtime      # DAGs    # Errors  Last Runtime    Last Run
-----------------------------------  -----  ---------  --------  ----------  --------------  -------------------
/opt/airflow/dags/minio-to-kafka.py                           1           0  1.31s           2026-08-30T17:54:36
================================================================================
[2026-08-30T17:55:12.970+0000] {manager.py:878} INFO - 
================================================================================
DAG File Processing Stats

File Path                            PID    Runtime      # DAGs    # Errors  Last Runtime    Last Run
-----------------------------------  -----  ---------  --------  ----------  --------------  -------------------
/opt/airflow/dags/minio-to-kafka.py                           1           0  1.65s           2026-08-30T17:55:08
================================================================================
[2026-08-30T17:55:43.111+0000] {manager.py:878} INFO - 
================================================================================
DAG File Processing Stats

File Path                            PID    Runtime      # DAGs    # Errors  Last Runtime    Last Run
-----------------------------------  -----  ---------  --------  ----------  --------------  -------------------
/opt/airflow/dags/minio-to-kafka.py                           1           0  1.32s           2026-08-30T17:55:40
================================================================================
[2026-08-30T17:56:13.201+0000] {manager.py:878} INFO - 
================================================================================
DAG File Processing Stats

File Path                            PID    Runtime      # DAGs    # Errors  Last Runtime    Last Run
-----------------------------------  -----  ---------  --------  ----------  --------------  -------------------
/opt/airflow/dags/minio-to-kafka.py                           1           0  1.22s           2026-08-30T17:56:11
================================================================================
[2026-08-30T17:56:43.576+0000] {manager.py:878} INFO - 
================================================================================
DAG File Processing Stats

File Path                            PID    Runtime      # DAGs    # Errors  Last Runtime    Last Run
-----------------------------------  -----  ---------  --------  ----------  --------------  -------------------
/opt/airflow/dags/minio-to-kafka.py                           1           0  1.15s           2026-08-30T17:56:42
================================================================================
[2026-08-30T17:57:13.901+0000] {manager.py:878} INFO - 
================================================================================
DAG File Processing Stats

File Path                              PID  Runtime      # DAGs    # Errors  Last Runtime    Last Run
-----------------------------------  -----  ---------  --------  ----------  --------------  -------------------
/opt/airflow/dags/minio-to-kafka.py    503  1.02s             1           0  1.15s           2026-08-30T17:56:42
================================================================================
[2026-08-30T17:57:44.441+0000] {manager.py:878} INFO - 
================================================================================
DAG File Processing Stats

File Path                              PID  Runtime      # DAGs    # Errors  Last Runtime    Last Run
-----------------------------------  -----  ---------  --------  ----------  --------------  -------------------
/opt/airflow/dags/minio-to-kafka.py    506  0.04s             1           0  1.27s           2026-08-30T17:57:14
================================================================================
[2026-08-30T17:58:14.863+0000] {manager.py:878} INFO - 
================================================================================
DAG File Processing Stats

File Path                            PID    Runtime      # DAGs    # Errors  Last Runtime    Last Run
-----------------------------------  -----  ---------  --------  ----------  --------------  -------------------
/opt/airflow/dags/minio-to-kafka.py                           1           0  1.35s           2026-08-30T17:57:45
================================================================================
[2026-08-30T17:58:44.495+0000] {manager.py:737} INFO - Searching for files in /opt/airflow/dags
[2026-08-30T17:58:44.654+0000] {manager.py:740} INFO - There are 1 files in /opt/airflow/dags
[2026-08-30T17:58:45.744+0000] {manager.py:878} INFO - 
================================================================================
DAG File Processing Stats

File Path                            PID    Runtime      # DAGs    # Errors  Last Runtime    Last Run
-----------------------------------  -----  ---------  --------  ----------  --------------  -------------------
/opt/airflow/dags/minio-to-kafka.py                           1           0  1.35s           2026-08-30T17:58:17
================================================================================
[2026-08-30T17:59:15.906+0000] {manager.py:878} INFO - 
================================================================================
DAG File Processing Stats

File Path                            PID    Runtime      # DAGs    # Errors  Last Runtime    Last Run
-----------------------------------  -----  ---------  --------  ----------  --------------  -------------------
/opt/airflow/dags/minio-to-kafka.py                           1           0  1.78s           2026-08-30T17:58:49
================================================================================
[2026-08-30T17:59:46.624+0000] {manager.py:878} INFO - 
================================================================================
DAG File Processing Stats

File Path                            PID    Runtime      # DAGs    # Errors  Last Runtime    Last Run
-----------------------------------  -----  ---------  --------  ----------  --------------  -------------------
/opt/airflow/dags/minio-to-kafka.py                           1           0  1.50s           2026-08-30T17:59:21
================================================================================
[2026-08-30T18:00:16.703+0000] {manager.py:878} INFO - 
================================================================================
DAG File Processing Stats

File Path                            PID    Runtime      # DAGs    # Errors  Last Runtime    Last Run
-----------------------------------  -----  ---------  --------  ----------  --------------  -------------------
/opt/airflow/dags/minio-to-kafka.py                           1           0  1.68s           2026-08-30T17:59:53
================================================================================
[2026-08-30T18:00:47.094+0000] {manager.py:878} INFO - 
================================================================================
DAG File Processing Stats

File Path                            PID    Runtime      # DAGs    # Errors  Last Runtime    Last Run
-----------------------------------  -----  ---------  --------  ----------  --------------  -------------------
/opt/airflow/dags/minio-to-kafka.py                           1           0  1.17s           2026-08-30T18:00:24
================================================================================
[2026-08-30T18:01:17.590+0000] {manager.py:878} INFO - 
================================================================================
DAG File Processing Stats

File Path                            PID    Runtime      # DAGs    # Errors  Last Runtime    Last Run
-----------------------------------  -----  ---------  --------  ----------  --------------  -------------------
/opt/airflow/dags/minio-to-kafka.py                           1           0  1.40s           2026-08-30T18:00:56
================================================================================
[2026-08-30T18:01:47.883+0000] {manager.py:878} INFO - 
================================================================================
DAG File Processing Stats

File Path                            PID    Runtime      # DAGs    # Errors  Last Runtime    Last Run
-----------------------------------  -----  ---------  --------  ----------  --------------  -------------------
/opt/airflow/dags/minio-to-kafka.py                           1           0  1.21s           2026-08-30T18:01:27
================================================================================
[2026-08-30T18:02:18.485+0000] {manager.py:878} INFO - 
================================================================================
DAG File Processing Stats

File Path                            PID    Runtime      # DAGs    # Errors  Last Runtime    Last Run
-----------------------------------  -----  ---------  --------  ----------  --------------  -------------------
/opt/airflow/dags/minio-to-kafka.py                           1           0  1.41s           2026-08-30T18:01:59
================================================================================
[2026-08-30T18:02:48.997+0000] {manager.py:878} INFO - 
================================================================================
DAG File Processing Stats

File Path                            PID    Runtime      # DAGs    # Errors  Last Runtime    Last Run
-----------------------------------  -----  ---------  --------  ----------  --------------  -------------------
/opt/airflow/dags/minio-to-kafka.py                           1           0  1.61s           2026-08-30T18:02:31
================================================================================
[2026-08-30T18:03:19.345+0000] {manager.py:878} INFO - 
================================================================================
DAG File Processing Stats

File Path                            PID    Runtime      # DAGs    # Errors  Last Runtime    Last Run
-----------------------------------  -----  ---------  --------  ----------  --------------  -------------------
/opt/airflow/dags/minio-to-kafka.py                           1           0  1.64s           2026-08-30T18:03:03
================================================================================
[2026-08-30T18:03:44.613+0000] {manager.py:737} INFO - Searching for files in /opt/airflow/dags
[2026-08-30T18:03:44.668+0000] {manager.py:740} INFO - There are 1 files in /opt/airflow/dags
[2026-08-30T18:03:49.734+0000] {manager.py:878} INFO - 
================================================================================
DAG File Processing Stats

File Path                            PID    Runtime      # DAGs    # Errors  Last Runtime    Last Run
-----------------------------------  -----  ---------  --------  ----------  --------------  -------------------
/opt/airflow/dags/minio-to-kafka.py                           1           0  1.37s           2026-08-30T18:03:34
================================================================================
[2026-08-30T18:04:20.366+0000] {manager.py:878} INFO - 
================================================================================
DAG File Processing Stats

File Path                            PID    Runtime      # DAGs    # Errors  Last Runtime    Last Run
-----------------------------------  -----  ---------  --------  ----------  --------------  -------------------
/opt/airflow/dags/minio-to-kafka.py                           1           0  1.27s           2026-08-30T18:04:06
================================================================================
[2026-08-30T18:04:50.750+0000] {manager.py:878} INFO - 
================================================================================
DAG File Processing Stats

File Path                            PID    Runtime      # DAGs    # Errors  Last Runtime    Last Run
-----------------------------------  -----  ---------  --------  ----------  --------------  -------------------
/opt/airflow/dags/minio-to-kafka.py                           1           0  1.19s           2026-08-30T18:04:37
================================================================================
[2026-08-30T18:05:21.174+0000] {manager.py:878} INFO - 
================================================================================
DAG File Processing Stats

File Path                            PID    Runtime      # DAGs    # Errors  Last Runtime    Last Run
-----------------------------------  -----  ---------  --------  ----------  --------------  -------------------
/opt/airflow/dags/minio-to-kafka.py                           1           0  1.23s           2026-08-30T18:05:09
================================================================================
[2026-08-30T18:05:51.657+0000] {manager.py:878} INFO - 
================================================================================
DAG File Processing Stats

File Path                            PID    Runtime      # DAGs    # Errors  Last Runtime    Last Run
-----------------------------------  -----  ---------  --------  ----------  --------------  -------------------
/opt/airflow/dags/minio-to-kafka.py                           1           0  1.31s           2026-08-30T18:05:40
================================================================================
[2026-08-30T18:06:22.128+0000] {manager.py:878} INFO - 
================================================================================
DAG File Processing Stats

File Path                            PID    Runtime      # DAGs    # Errors  Last Runtime    Last Run
-----------------------------------  -----  ---------  --------  ----------  --------------  -------------------
/opt/airflow/dags/minio-to-kafka.py                           1           0  1.29s           2026-08-30T18:06:12
================================================================================
[2026-08-30T18:06:52.699+0000] {manager.py:878} INFO - 
================================================================================
DAG File Processing Stats

File Path                            PID    Runtime      # DAGs    # Errors  Last Runtime    Last Run
-----------------------------------  -----  ---------  --------  ----------  --------------  -------------------
/opt/airflow/dags/minio-to-kafka.py                           1           0  1.40s           2026-08-30T18:06:43
================================================================================
[2026-08-30T18:07:23.254+0000] {manager.py:878} INFO - 
================================================================================
DAG File Processing Stats

File Path                            PID    Runtime      # DAGs    # Errors  Last Runtime    Last Run
-----------------------------------  -----  ---------  --------  ----------  --------------  -------------------
/opt/airflow/dags/minio-to-kafka.py                           1           0  1.41s           2026-08-30T18:07:15
================================================================================
[2026-08-30T18:07:53.344+0000] {manager.py:878} INFO - 
================================================================================
DAG File Processing Stats

File Path                            PID    Runtime      # DAGs    # Errors  Last Runtime    Last Run
-----------------------------------  -----  ---------  --------  ----------  --------------  -------------------
/opt/airflow/dags/minio-to-kafka.py                           1           0  6.29s           2026-08-30T18:07:51
================================================================================
[2026-08-30T18:08:23.766+0000] {manager.py:878} INFO - 
================================================================================
DAG File Processing Stats

File Path                              PID  Runtime      # DAGs    # Errors  Last Runtime    Last Run
-----------------------------------  -----  ---------  --------  ----------  --------------  -------------------
/opt/airflow/dags/minio-to-kafka.py    566  1.62s             1           0  6.29s           2026-08-30T18:07:51
================================================================================
[2026-08-30T18:08:44.824+0000] {manager.py:737} INFO - Searching for files in /opt/airflow/dags
[2026-08-30T18:08:44.975+0000] {manager.py:740} INFO - There are 1 files in /opt/airflow/dags
[2026-08-30T18:08:54.093+0000] {manager.py:878} INFO - 
================================================================================
DAG File Processing Stats

File Path                            PID    Runtime      # DAGs    # Errors  Last Runtime    Last Run
-----------------------------------  -----  ---------  --------  ----------  --------------  -------------------
/opt/airflow/dags/minio-to-kafka.py                           1           0  2.48s           2026-08-30T18:08:24
================================================================================
[2026-08-30T18:09:24.895+0000] {manager.py:878} INFO - 
================================================================================
DAG File Processing Stats

File Path                            PID    Runtime      # DAGs    # Errors  Last Runtime    Last Run
-----------------------------------  -----  ---------  --------  ----------  --------------  -------------------
/opt/airflow/dags/minio-to-kafka.py                           1           0  2.42s           2026-08-30T18:08:57
================================================================================
[2026-08-30T18:09:55.322+0000] {manager.py:878} INFO - 
================================================================================
DAG File Processing Stats

File Path                            PID    Runtime      # DAGs    # Errors  Last Runtime    Last Run
-----------------------------------  -----  ---------  --------  ----------  --------------  -------------------
/opt/airflow/dags/minio-to-kafka.py                           1           0  2.23s           2026-08-30T18:09:30
================================================================================
[2026-08-30T18:10:25.912+0000] {manager.py:878} INFO - 
================================================================================
DAG File Processing Stats

File Path                            PID    Runtime      # DAGs    # Errors  Last Runtime    Last Run
-----------------------------------  -----  ---------  --------  ----------  --------------  -------------------
/opt/airflow/dags/minio-to-kafka.py                           1           0  2.49s           2026-08-30T18:10:02
================================================================================
[2026-08-30T18:10:56.621+0000] {manager.py:878} INFO - 
================================================================================
DAG File Processing Stats

File Path                            PID    Runtime      # DAGs    # Errors  Last Runtime    Last Run
-----------------------------------  -----  ---------  --------  ----------  --------------  -------------------
/opt/airflow/dags/minio-to-kafka.py                           1           0  1.43s           2026-08-30T18:10:34
================================================================================
[2026-08-30T18:11:27.190+0000] {manager.py:878} INFO - 
================================================================================
DAG File Processing Stats

File Path                            PID    Runtime      # DAGs    # Errors  Last Runtime    Last Run
-----------------------------------  -----  ---------  --------  ----------  --------------  -------------------
/opt/airflow/dags/minio-to-kafka.py                           1           0  1.34s           2026-08-30T18:11:06
================================================================================
[2026-08-30T18:11:57.675+0000] {manager.py:878} INFO - 
================================================================================
DAG File Processing Stats

File Path                            PID    Runtime      # DAGs    # Errors  Last Runtime    Last Run
-----------------------------------  -----  ---------  --------  ----------  --------------  -------------------
/opt/airflow/dags/minio-to-kafka.py                           1           0  1.31s           2026-08-30T18:11:37
================================================================================
[2026-08-30T18:12:28.150+0000] {manager.py:878} INFO - 
================================================================================
DAG File Processing Stats

File Path                            PID    Runtime      # DAGs    # Errors  Last Runtime    Last Run
-----------------------------------  -----  ---------  --------  ----------  --------------  -------------------
/opt/airflow/dags/minio-to-kafka.py                           1           0  2.17s           2026-08-30T18:12:10
================================================================================
[2026-08-30T18:12:58.651+0000] {manager.py:878} INFO - 
================================================================================
DAG File Processing Stats

File Path                            PID    Runtime      # DAGs    # Errors  Last Runtime    Last Run
-----------------------------------  -----  ---------  --------  ----------  --------------  -------------------
/opt/airflow/dags/minio-to-kafka.py                           1           0  1.33s           2026-08-30T18:12:41
================================================================================
[2026-08-30T18:13:28.977+0000] {manager.py:878} INFO - 
================================================================================
DAG File Processing Stats

File Path                            PID    Runtime      # DAGs    # Errors  Last Runtime    Last Run
-----------------------------------  -----  ---------  --------  ----------  --------------  -------------------
/opt/airflow/dags/minio-to-kafka.py                           1           0  1.93s           2026-08-30T18:13:13
================================================================================
[2026-08-30T18:13:45.257+0000] {manager.py:737} INFO - Searching for files in /opt/airflow/dags
[2026-08-30T18:13:45.289+0000] {manager.py:740} INFO - There are 1 files in /opt/airflow/dags
[2026-08-30T18:13:59.492+0000] {manager.py:878} INFO - 
================================================================================
DAG File Processing Stats

File Path                            PID    Runtime      # DAGs    # Errors  Last Runtime    Last Run
-----------------------------------  -----  ---------  --------  ----------  --------------  -------------------
/opt/airflow/dags/minio-to-kafka.py                           1           0  1.13s           2026-08-30T18:13:45
================================================================================
[2026-08-30T18:14:29.945+0000] {manager.py:878} INFO - 
================================================================================
DAG File Processing Stats

File Path                            PID    Runtime      # DAGs    # Errors  Last Runtime    Last Run
-----------------------------------  -----  ---------  --------  ----------  --------------  -------------------
/opt/airflow/dags/minio-to-kafka.py                           1           0  1.21s           2026-08-30T18:14:16
================================================================================
[2026-08-30T18:15:00.471+0000] {manager.py:878} INFO - 
================================================================================
DAG File Processing Stats

File Path                            PID    Runtime      # DAGs    # Errors  Last Runtime    Last Run
-----------------------------------  -----  ---------  --------  ----------  --------------  -------------------
/opt/airflow/dags/minio-to-kafka.py                           1           0  1.22s           2026-08-30T18:14:48
================================================================================
[2026-08-30T18:15:30.965+0000] {manager.py:878} INFO - 
================================================================================
DAG File Processing Stats

File Path                            PID    Runtime      # DAGs    # Errors  Last Runtime    Last Run
-----------------------------------  -----  ---------  --------  ----------  --------------  -------------------
/opt/airflow/dags/minio-to-kafka.py                           1           0  2.33s           2026-08-30T18:15:21
================================================================================
[2026-08-30T18:16:01.593+0000] {manager.py:878} INFO - 
================================================================================
DAG File Processing Stats

File Path                            PID    Runtime      # DAGs    # Errors  Last Runtime    Last Run
-----------------------------------  -----  ---------  --------  ----------  --------------  -------------------
/opt/airflow/dags/minio-to-kafka.py                           1           0  1.32s           2026-08-30T18:15:52
================================================================================
[2026-08-30T18:16:31.672+0000] {manager.py:878} INFO - 
================================================================================
DAG File Processing Stats

File Path                            PID    Runtime      # DAGs    # Errors  Last Runtime    Last Run
-----------------------------------  -----  ---------  --------  ----------  --------------  -------------------
/opt/airflow/dags/minio-to-kafka.py                           1           0  1.64s           2026-08-30T18:16:24
================================================================================
[2026-08-30T18:17:01.950+0000] {manager.py:878} INFO - 
================================================================================
DAG File Processing Stats

File Path                            PID    Runtime      # DAGs    # Errors  Last Runtime    Last Run
-----------------------------------  -----  ---------  --------  ----------  --------------  -------------------
/opt/airflow/dags/minio-to-kafka.py                           1           0  1.91s           2026-08-30T18:16:56
================================================================================
[2026-08-30T18:17:32.508+0000] {manager.py:878} INFO - 
================================================================================
DAG File Processing Stats

File Path                            PID    Runtime      # DAGs    # Errors  Last Runtime    Last Run
-----------------------------------  -----  ---------  --------  ----------  --------------  -------------------
/opt/airflow/dags/minio-to-kafka.py                           1           0  1.93s           2026-08-30T18:17:28
================================================================================
[2026-08-30T18:18:02.658+0000] {manager.py:878} INFO - 
================================================================================
DAG File Processing Stats

File Path                            PID    Runtime      # DAGs    # Errors  Last Runtime    Last Run
-----------------------------------  -----  ---------  --------  ----------  --------------  -------------------
/opt/airflow/dags/minio-to-kafka.py                           1           0  1.68s           2026-08-30T18:18:00
================================================================================
[2026-08-30T18:18:33.122+0000] {manager.py:878} INFO - 
================================================================================
DAG File Processing Stats

File Path                            PID    Runtime      # DAGs    # Errors  Last Runtime    Last Run
-----------------------------------  -----  ---------  --------  ----------  --------------  -------------------
/opt/airflow/dags/minio-to-kafka.py                           1           0  1.57s           2026-08-30T18:18:32
================================================================================
[2026-08-30T18:18:45.292+0000] {manager.py:737} INFO - Searching for files in /opt/airflow/dags
[2026-08-30T18:18:45.429+0000] {manager.py:740} INFO - There are 1 files in /opt/airflow/dags
[2026-08-30T18:19:03.819+0000] {manager.py:878} INFO - 
================================================================================
DAG File Processing Stats

File Path                              PID  Runtime      # DAGs    # Errors  Last Runtime    Last Run
-----------------------------------  -----  ---------  --------  ----------  --------------  -------------------
/opt/airflow/dags/minio-to-kafka.py    626  1.04s             1           0  1.57s           2026-08-30T18:18:32
================================================================================
[2026-08-30T18:19:33.829+0000] {manager.py:878} INFO - 
================================================================================
DAG File Processing Stats

File Path                            PID    Runtime      # DAGs    # Errors  Last Runtime    Last Run
-----------------------------------  -----  ---------  --------  ----------  --------------  -------------------
/opt/airflow/dags/minio-to-kafka.py                           1           0  1.56s           2026-08-30T18:19:04
================================================================================
[2026-08-30T18:20:04.297+0000] {manager.py:878} INFO - 
================================================================================
DAG File Processing Stats

File Path                            PID    Runtime      # DAGs    # Errors  Last Runtime    Last Run
-----------------------------------  -----  ---------  --------  ----------  --------------  -------------------
/opt/airflow/dags/minio-to-kafka.py                           1           0  1.61s           2026-08-30T18:19:36
================================================================================
[2026-08-30T18:20:34.577+0000] {manager.py:878} INFO - 
================================================================================
DAG File Processing Stats

File Path                            PID    Runtime      # DAGs    # Errors  Last Runtime    Last Run
-----------------------------------  -----  ---------  --------  ----------  --------------  -------------------
/opt/airflow/dags/minio-to-kafka.py                           1           0  2.74s           2026-08-30T18:20:09
================================================================================
[2026-08-30T18:21:04.590+0000] {manager.py:878} INFO - 
================================================================================
DAG File Processing Stats

File Path                            PID    Runtime      # DAGs    # Errors  Last Runtime    Last Run
-----------------------------------  -----  ---------  --------  ----------  --------------  -------------------
/opt/airflow/dags/minio-to-kafka.py                           1           0  2.20s           2026-08-30T18:20:41
================================================================================
[2026-08-30T18:21:34.943+0000] {manager.py:878} INFO - 
================================================================================
DAG File Processing Stats

File Path                            PID    Runtime      # DAGs    # Errors  Last Runtime    Last Run
-----------------------------------  -----  ---------  --------  ----------  --------------  -------------------
/opt/airflow/dags/minio-to-kafka.py                           1           0  1.86s           2026-08-30T18:21:13
================================================================================
[2026-08-30T18:22:05.339+0000] {manager.py:878} INFO - 
================================================================================
DAG File Processing Stats

File Path                            PID    Runtime      # DAGs    # Errors  Last Runtime    Last Run
-----------------------------------  -----  ---------  --------  ----------  --------------  -------------------
/opt/airflow/dags/minio-to-kafka.py                           1           0  1.91s           2026-08-30T18:21:46
================================================================================
[2026-08-30T18:22:35.418+0000] {manager.py:878} INFO - 
================================================================================
DAG File Processing Stats

File Path                            PID    Runtime      # DAGs    # Errors  Last Runtime    Last Run
-----------------------------------  -----  ---------  --------  ----------  --------------  -------------------
/opt/airflow/dags/minio-to-kafka.py                           1           0  1.63s           2026-08-30T18:22:18
================================================================================
[2026-08-30T18:23:05.968+0000] {manager.py:878} INFO - 
================================================================================
DAG File Processing Stats

File Path                            PID    Runtime      # DAGs    # Errors  Last Runtime    Last Run
-----------------------------------  -----  ---------  --------  ----------  --------------  -------------------
/opt/airflow/dags/minio-to-kafka.py                           1           0  1.60s           2026-08-30T18:22:50
================================================================================
[2026-08-30T18:23:36.587+0000] {manager.py:878} INFO - 
================================================================================
DAG File Processing Stats

File Path                            PID    Runtime      # DAGs    # Errors  Last Runtime    Last Run
-----------------------------------  -----  ---------  --------  ----------  --------------  -------------------
/opt/airflow/dags/minio-to-kafka.py                           1           0  2.31s           2026-08-30T18:23:22
================================================================================
[2026-08-30T18:23:45.749+0000] {manager.py:737} INFO - Searching for files in /opt/airflow/dags
[2026-08-30T18:23:45.969+0000] {manager.py:740} INFO - There are 1 files in /opt/airflow/dags
[2026-08-30T18:24:06.839+0000] {manager.py:878} INFO - 
================================================================================
DAG File Processing Stats

File Path                            PID    Runtime      # DAGs    # Errors  Last Runtime    Last Run
-----------------------------------  -----  ---------  --------  ----------  --------------  -------------------
/opt/airflow/dags/minio-to-kafka.py                           1           0  2.49s           2026-08-30T18:23:55
================================================================================
[2026-08-30T18:24:37.270+0000] {manager.py:878} INFO - 
================================================================================
DAG File Processing Stats

File Path                            PID    Runtime      # DAGs    # Errors  Last Runtime    Last Run
-----------------------------------  -----  ---------  --------  ----------  --------------  -------------------
/opt/airflow/dags/minio-to-kafka.py                           1           0  1.81s           2026-08-30T18:24:27
================================================================================
[2026-08-30T18:25:07.776+0000] {manager.py:878} INFO - 
================================================================================
DAG File Processing Stats

File Path                            PID    Runtime      # DAGs    # Errors  Last Runtime    Last Run
-----------------------------------  -----  ---------  --------  ----------  --------------  -------------------
/opt/airflow/dags/minio-to-kafka.py                           1           0  1.55s           2026-08-30T18:24:59
================================================================================
[2026-08-30T18:25:37.919+0000] {manager.py:878} INFO - 
================================================================================
DAG File Processing Stats

File Path                            PID    Runtime      # DAGs    # Errors  Last Runtime    Last Run
-----------------------------------  -----  ---------  --------  ----------  --------------  -------------------
/opt/airflow/dags/minio-to-kafka.py                           1           0  1.63s           2026-08-30T18:25:31
================================================================================
[2026-08-30T18:26:08.468+0000] {manager.py:878} INFO - 
================================================================================
DAG File Processing Stats

File Path                            PID    Runtime      # DAGs    # Errors  Last Runtime    Last Run
-----------------------------------  -----  ---------  --------  ----------  --------------  -------------------
/opt/airflow/dags/minio-to-kafka.py                           1           0  1.35s           2026-08-30T18:26:03
================================================================================
[2026-08-30T18:26:38.697+0000] {manager.py:878} INFO - 
================================================================================
DAG File Processing Stats

File Path                            PID    Runtime      # DAGs    # Errors  Last Runtime    Last Run
-----------------------------------  -----  ---------  --------  ----------  --------------  -------------------
/opt/airflow/dags/minio-to-kafka.py                           1           0  1.72s           2026-08-30T18:26:35
================================================================================
[2026-08-30T18:27:09.159+0000] {manager.py:878} INFO - 
================================================================================
DAG File Processing Stats

File Path                            PID    Runtime      # DAGs    # Errors  Last Runtime    Last Run
-----------------------------------  -----  ---------  --------  ----------  --------------  -------------------
/opt/airflow/dags/minio-to-kafka.py                           1           0  1.93s           2026-08-30T18:27:07
================================================================================
[2026-08-30T18:27:39.231+0000] {manager.py:878} INFO - 
================================================================================
DAG File Processing Stats

File Path                              PID  Runtime      # DAGs    # Errors  Last Runtime    Last Run
-----------------------------------  -----  ---------  --------  ----------  --------------  -------------------
/opt/airflow/dags/minio-to-kafka.py    674  1.03s             1           0  1.93s           2026-08-30T18:27:07
================================================================================
[2026-08-30T18:28:09.501+0000] {manager.py:878} INFO - 
================================================================================
DAG File Processing Stats

File Path                            PID    Runtime      # DAGs    # Errors  Last Runtime    Last Run
-----------------------------------  -----  ---------  --------  ----------  --------------  -------------------
/opt/airflow/dags/minio-to-kafka.py                           1           0  1.82s           2026-08-30T18:27:40
================================================================================
[2026-08-30T18:28:39.976+0000] {manager.py:878} INFO - 
================================================================================
DAG File Processing Stats

File Path                            PID    Runtime      # DAGs    # Errors  Last Runtime    Last Run
-----------------------------------  -----  ---------  --------  ----------  --------------  -------------------
/opt/airflow/dags/minio-to-kafka.py                           1           0  1.52s           2026-08-30T18:28:11
================================================================================
[2026-08-30T18:28:45.920+0000] {manager.py:737} INFO - Searching for files in /opt/airflow/dags
[2026-08-30T18:28:46.102+0000] {manager.py:740} INFO - There are 1 files in /opt/airflow/dags
[2026-08-30T18:29:10.581+0000] {manager.py:878} INFO - 
================================================================================
DAG File Processing Stats

File Path                            PID    Runtime      # DAGs    # Errors  Last Runtime    Last Run
-----------------------------------  -----  ---------  --------  ----------  --------------  -------------------
/opt/airflow/dags/minio-to-kafka.py                           1           0  1.81s           2026-08-30T18:28:43
================================================================================
[2026-08-30T18:29:41.228+0000] {manager.py:878} INFO - 
================================================================================
DAG File Processing Stats

File Path                            PID    Runtime      # DAGs    # Errors  Last Runtime    Last Run
-----------------------------------  -----  ---------  --------  ----------  --------------  -------------------
/opt/airflow/dags/minio-to-kafka.py                           1           0  2.10s           2026-08-30T18:29:16
================================================================================
[2026-08-30T18:30:11.763+0000] {manager.py:878} INFO - 
================================================================================
DAG File Processing Stats

File Path                            PID    Runtime      # DAGs    # Errors  Last Runtime    Last Run
-----------------------------------  -----  ---------  --------  ----------  --------------  -------------------
/opt/airflow/dags/minio-to-kafka.py                           1           0  1.48s           2026-08-30T18:29:48
================================================================================
[2026-08-30T18:30:41.996+0000] {manager.py:878} INFO - 
================================================================================
DAG File Processing Stats

File Path                            PID    Runtime      # DAGs    # Errors  Last Runtime    Last Run
-----------------------------------  -----  ---------  --------  ----------  --------------  -------------------
/opt/airflow/dags/minio-to-kafka.py                           1           0  1.75s           2026-08-30T18:30:20
================================================================================
[2026-08-30T18:31:12.064+0000] {manager.py:878} INFO - 
================================================================================
DAG File Processing Stats

File Path                            PID    Runtime      # DAGs    # Errors  Last Runtime    Last Run
-----------------------------------  -----  ---------  --------  ----------  --------------  -------------------
/opt/airflow/dags/minio-to-kafka.py                           1           0  3.91s           2026-08-30T18:30:54
================================================================================
[2026-08-30T18:31:42.723+0000] {manager.py:878} INFO - 
================================================================================
DAG File Processing Stats

File Path                            PID    Runtime      # DAGs    # Errors  Last Runtime    Last Run
-----------------------------------  -----  ---------  --------  ----------  --------------  -------------------
/opt/airflow/dags/minio-to-kafka.py                           1           0  7.06s           2026-08-30T18:31:32
================================================================================
[2026-08-30T18:32:13.199+0000] {manager.py:878} INFO - 
================================================================================
DAG File Processing Stats

File Path                            PID    Runtime      # DAGs    # Errors  Last Runtime    Last Run
-----------------------------------  -----  ---------  --------  ----------  --------------  -------------------
/opt/airflow/dags/minio-to-kafka.py                           1           0  2.49s           2026-08-30T18:32:05
================================================================================
[2026-08-30T18:32:43.585+0000] {manager.py:878} INFO - 
================================================================================
DAG File Processing Stats

File Path                            PID    Runtime      # DAGs    # Errors  Last Runtime    Last Run
-----------------------------------  -----  ---------  --------  ----------  --------------  -------------------
/opt/airflow/dags/minio-to-kafka.py                           1           0  2.64s           2026-08-30T18:32:38
================================================================================
[2026-08-30T18:33:13.962+0000] {manager.py:878} INFO - 
================================================================================
DAG File Processing Stats

File Path                            PID    Runtime      # DAGs    # Errors  Last Runtime    Last Run
-----------------------------------  -----  ---------  --------  ----------  --------------  -------------------
/opt/airflow/dags/minio-to-kafka.py                           1           0  2.90s           2026-08-30T18:33:11
================================================================================
[2026-08-30T18:33:44.445+0000] {manager.py:878} INFO - 
================================================================================
DAG File Processing Stats

File Path                              PID  Runtime      # DAGs    # Errors  Last Runtime    Last Run
-----------------------------------  -----  ---------  --------  ----------  --------------  -------------------
/opt/airflow/dags/minio-to-kafka.py    707  2.05s             1           0  2.90s           2026-08-30T18:33:11
================================================================================
[2026-08-30T18:33:46.225+0000] {manager.py:737} INFO - Searching for files in /opt/airflow/dags
[2026-08-30T18:33:46.371+0000] {manager.py:740} INFO - There are 1 files in /opt/airflow/dags
[2026-08-30T18:34:14.799+0000] {manager.py:878} INFO - 
================================================================================
DAG File Processing Stats

File Path                            PID    Runtime      # DAGs    # Errors  Last Runtime    Last Run
-----------------------------------  -----  ---------  --------  ----------  --------------  -------------------
/opt/airflow/dags/minio-to-kafka.py                           1           0  2.80s           2026-08-30T18:33:45
================================================================================
[2026-08-30T18:34:45.477+0000] {manager.py:878} INFO - 
================================================================================
DAG File Processing Stats

File Path                            PID    Runtime      # DAGs    # Errors  Last Runtime    Last Run
-----------------------------------  -----  ---------  --------  ----------  --------------  -------------------
/opt/airflow/dags/minio-to-kafka.py                           1           0  2.36s           2026-08-30T18:34:18
================================================================================
[2026-08-30T18:35:15.646+0000] {manager.py:878} INFO - 
================================================================================
DAG File Processing Stats

File Path                            PID    Runtime      # DAGs    # Errors  Last Runtime    Last Run
-----------------------------------  -----  ---------  --------  ----------  --------------  -------------------
/opt/airflow/dags/minio-to-kafka.py                           1           0  2.77s           2026-08-30T18:34:51
================================================================================
[2026-08-30T18:35:46.553+0000] {manager.py:878} INFO - 
================================================================================
DAG File Processing Stats

File Path                            PID    Runtime      # DAGs    # Errors  Last Runtime    Last Run
-----------------------------------  -----  ---------  --------  ----------  --------------  -------------------
/opt/airflow/dags/minio-to-kafka.py                           1           0  2.52s           2026-08-30T18:35:24
================================================================================
[2026-08-30T18:36:16.617+0000] {manager.py:878} INFO - 
================================================================================
DAG File Processing Stats

File Path                            PID    Runtime      # DAGs    # Errors  Last Runtime    Last Run
-----------------------------------  -----  ---------  --------  ----------  --------------  -------------------
/opt/airflow/dags/minio-to-kafka.py                           1           0  2.58s           2026-08-30T18:35:57
================================================================================
[2026-08-30T18:36:47.132+0000] {manager.py:878} INFO - 
================================================================================
DAG File Processing Stats

File Path                            PID    Runtime      # DAGs    # Errors  Last Runtime    Last Run
-----------------------------------  -----  ---------  --------  ----------  --------------  -------------------
/opt/airflow/dags/minio-to-kafka.py                           1           0  2.83s           2026-08-30T18:36:30
================================================================================
[2026-08-30T18:37:17.563+0000] {manager.py:878} INFO - 
================================================================================
DAG File Processing Stats

File Path                            PID    Runtime      # DAGs    # Errors  Last Runtime    Last Run
-----------------------------------  -----  ---------  --------  ----------  --------------  -------------------
/opt/airflow/dags/minio-to-kafka.py                           1           0  2.29s           2026-08-30T18:37:02
================================================================================
[2026-08-30T18:37:47.845+0000] {manager.py:878} INFO - 
================================================================================
DAG File Processing Stats

File Path                            PID    Runtime      # DAGs    # Errors  Last Runtime    Last Run
-----------------------------------  -----  ---------  --------  ----------  --------------  -------------------
/opt/airflow/dags/minio-to-kafka.py                           1           0  2.85s           2026-08-30T18:37:35
================================================================================
[2026-08-30T18:38:18.226+0000] {manager.py:878} INFO - 
================================================================================
DAG File Processing Stats

File Path                            PID    Runtime      # DAGs    # Errors  Last Runtime    Last Run
-----------------------------------  -----  ---------  --------  ----------  --------------  -------------------
/opt/airflow/dags/minio-to-kafka.py                           1           0  3.93s           2026-08-30T18:38:10
================================================================================
[2026-08-30T18:38:46.624+0000] {manager.py:737} INFO - Searching for files in /opt/airflow/dags
[2026-08-30T18:38:46.752+0000] {manager.py:740} INFO - There are 1 files in /opt/airflow/dags
[2026-08-30T18:38:48.846+0000] {manager.py:878} INFO - 
================================================================================
DAG File Processing Stats

File Path                            PID    Runtime      # DAGs    # Errors  Last Runtime    Last Run
-----------------------------------  -----  ---------  --------  ----------  --------------  -------------------
/opt/airflow/dags/minio-to-kafka.py                           1           0  2.69s           2026-08-30T18:38:42
================================================================================
[2026-08-30T18:39:19.552+0000] {manager.py:878} INFO - 
================================================================================
DAG File Processing Stats

File Path                            PID    Runtime      # DAGs    # Errors  Last Runtime    Last Run
-----------------------------------  -----  ---------  --------  ----------  --------------  -------------------
/opt/airflow/dags/minio-to-kafka.py                           1           0  4.33s           2026-08-30T18:39:17
================================================================================
[2026-08-30T18:39:50.085+0000] {manager.py:878} INFO - 
================================================================================
DAG File Processing Stats

File Path                              PID  Runtime      # DAGs    # Errors  Last Runtime    Last Run
-----------------------------------  -----  ---------  --------  ----------  --------------  -------------------
/opt/airflow/dags/minio-to-kafka.py    740  2.07s             1           0  4.33s           2026-08-30T18:39:17
================================================================================
[2026-08-30T18:40:20.305+0000] {manager.py:878} INFO - 
================================================================================
DAG File Processing Stats

File Path                            PID    Runtime      # DAGs    # Errors  Last Runtime    Last Run
-----------------------------------  -----  ---------  --------  ----------  --------------  -------------------
/opt/airflow/dags/minio-to-kafka.py                           1           0  2.83s           2026-08-30T18:39:50
================================================================================
[2026-08-30T18:40:50.764+0000] {manager.py:878} INFO - 
================================================================================
DAG File Processing Stats

File Path                            PID    Runtime      # DAGs    # Errors  Last Runtime    Last Run
-----------------------------------  -----  ---------  --------  ----------  --------------  -------------------
/opt/airflow/dags/minio-to-kafka.py                           1           0  2.96s           2026-08-30T18:40:24
================================================================================
[2026-08-30T18:41:21.034+0000] {manager.py:878} INFO - 
================================================================================
DAG File Processing Stats

File Path                            PID    Runtime      # DAGs    # Errors  Last Runtime    Last Run
-----------------------------------  -----  ---------  --------  ----------  --------------  -------------------
/opt/airflow/dags/minio-to-kafka.py                           1           0  2.87s           2026-08-30T18:40:57
================================================================================
[2026-08-30T18:41:51.503+0000] {manager.py:878} INFO - 
================================================================================
DAG File Processing Stats

File Path                            PID    Runtime      # DAGs    # Errors  Last Runtime    Last Run
-----------------------------------  -----  ---------  --------  ----------  --------------  -------------------
/opt/airflow/dags/minio-to-kafka.py                           1           0  3.02s           2026-08-30T18:41:31
================================================================================
[2026-08-30T18:42:22.246+0000] {manager.py:878} INFO - 
================================================================================
DAG File Processing Stats

File Path                            PID    Runtime      # DAGs    # Errors  Last Runtime    Last Run
-----------------------------------  -----  ---------  --------  ----------  --------------  -------------------
/opt/airflow/dags/minio-to-kafka.py                           1           0  3.36s           2026-08-30T18:42:05
================================================================================
[2026-08-30T18:42:52.431+0000] {manager.py:878} INFO - 
================================================================================
DAG File Processing Stats

File Path                            PID    Runtime      # DAGs    # Errors  Last Runtime    Last Run
-----------------------------------  -----  ---------  --------  ----------  --------------  -------------------
/opt/airflow/dags/minio-to-kafka.py                           1           0  2.76s           2026-08-30T18:42:38
================================================================================
[2026-08-30T18:43:23.269+0000] {manager.py:878} INFO - 
================================================================================
DAG File Processing Stats

File Path                            PID    Runtime      # DAGs    # Errors  Last Runtime    Last Run
-----------------------------------  -----  ---------  --------  ----------  --------------  -------------------
/opt/airflow/dags/minio-to-kafka.py                           1           0  2.41s           2026-08-30T18:43:11
================================================================================
[2026-08-30T18:43:46.838+0000] {manager.py:737} INFO - Searching for files in /opt/airflow/dags
[2026-08-30T18:43:46.973+0000] {manager.py:740} INFO - There are 1 files in /opt/airflow/dags
[2026-08-30T18:43:53.314+0000] {manager.py:878} INFO - 
================================================================================
DAG File Processing Stats

File Path                            PID    Runtime      # DAGs    # Errors  Last Runtime    Last Run
-----------------------------------  -----  ---------  --------  ----------  --------------  -------------------
/opt/airflow/dags/minio-to-kafka.py                           1           0  2.59s           2026-08-30T18:43:44
================================================================================
[2026-08-30T18:44:23.650+0000] {manager.py:878} INFO - 
================================================================================
DAG File Processing Stats

File Path                            PID    Runtime      # DAGs    # Errors  Last Runtime    Last Run
-----------------------------------  -----  ---------  --------  ----------  --------------  -------------------
/opt/airflow/dags/minio-to-kafka.py                           1           0  3.08s           2026-08-30T18:44:17
================================================================================
[2026-08-30T18:44:54.139+0000] {manager.py:878} INFO - 
================================================================================
DAG File Processing Stats

File Path                            PID    Runtime      # DAGs    # Errors  Last Runtime    Last Run
-----------------------------------  -----  ---------  --------  ----------  --------------  -------------------
/opt/airflow/dags/minio-to-kafka.py                           1           0  2.48s           2026-08-30T18:44:50
================================================================================
[2026-08-30T18:45:24.537+0000] {manager.py:878} INFO - 
================================================================================
DAG File Processing Stats

File Path                            PID    Runtime      # DAGs    # Errors  Last Runtime    Last Run
-----------------------------------  -----  ---------  --------  ----------  --------------  -------------------
/opt/airflow/dags/minio-to-kafka.py                           1           0  2.95s           2026-08-30T18:45:23
================================================================================
[2026-08-30T18:45:54.619+0000] {manager.py:878} INFO - 
================================================================================
DAG File Processing Stats

File Path                              PID  Runtime      # DAGs    # Errors  Last Runtime    Last Run
-----------------------------------  -----  ---------  --------  ----------  --------------  -------------------
/opt/airflow/dags/minio-to-kafka.py    773  1.03s             1           0  2.95s           2026-08-30T18:45:23
================================================================================
[2026-08-30T18:46:25.078+0000] {manager.py:878} INFO - 
================================================================================
DAG File Processing Stats

File Path                            PID    Runtime      # DAGs    # Errors  Last Runtime    Last Run
-----------------------------------  -----  ---------  --------  ----------  --------------  -------------------
/opt/airflow/dags/minio-to-kafka.py                           1           0  3.31s           2026-08-30T18:45:56
================================================================================
[2026-08-30T18:46:55.192+0000] {manager.py:878} INFO - 
================================================================================
DAG File Processing Stats

File Path                            PID    Runtime      # DAGs    # Errors  Last Runtime    Last Run
-----------------------------------  -----  ---------  --------  ----------  --------------  -------------------
/opt/airflow/dags/minio-to-kafka.py                           1           0  2.66s           2026-08-30T18:46:29
================================================================================
[2026-08-30T18:47:25.619+0000] {manager.py:878} INFO - 
================================================================================
DAG File Processing Stats

File Path                            PID    Runtime      # DAGs    # Errors  Last Runtime    Last Run
-----------------------------------  -----  ---------  --------  ----------  --------------  -------------------
/opt/airflow/dags/minio-to-kafka.py                           1           0  2.66s           2026-08-30T18:47:02
================================================================================
[2026-08-30T18:47:55.666+0000] {manager.py:878} INFO - 
================================================================================
DAG File Processing Stats

File Path                            PID    Runtime      # DAGs    # Errors  Last Runtime    Last Run
-----------------------------------  -----  ---------  --------  ----------  --------------  -------------------
/opt/airflow/dags/minio-to-kafka.py                           1           0  3.47s           2026-08-30T18:47:36
================================================================================
[2026-08-30T18:48:25.848+0000] {manager.py:878} INFO - 
================================================================================
DAG File Processing Stats

File Path                            PID    Runtime      # DAGs    # Errors  Last Runtime    Last Run
-----------------------------------  -----  ---------  --------  ----------  --------------  -------------------
/opt/airflow/dags/minio-to-kafka.py                           1           0  2.73s           2026-08-30T18:48:09
================================================================================
[2026-08-30T18:48:47.213+0000] {manager.py:737} INFO - Searching for files in /opt/airflow/dags
[2026-08-30T18:48:47.400+0000] {manager.py:740} INFO - There are 1 files in /opt/airflow/dags
[2026-08-30T18:48:56.627+0000] {manager.py:878} INFO - 
================================================================================
DAG File Processing Stats

File Path                            PID    Runtime      # DAGs    # Errors  Last Runtime    Last Run
-----------------------------------  -----  ---------  --------  ----------  --------------  -------------------
/opt/airflow/dags/minio-to-kafka.py                           1           0  2.85s           2026-08-30T18:48:42
================================================================================
[2026-08-30T18:49:27.167+0000] {manager.py:878} INFO - 
================================================================================
DAG File Processing Stats

File Path                            PID    Runtime      # DAGs    # Errors  Last Runtime    Last Run
-----------------------------------  -----  ---------  --------  ----------  --------------  -------------------
/opt/airflow/dags/minio-to-kafka.py                           1           0  3.19s           2026-08-30T18:49:16
================================================================================
[2026-08-30T18:49:57.329+0000] {manager.py:878} INFO - 
================================================================================
DAG File Processing Stats

File Path                            PID    Runtime      # DAGs    # Errors  Last Runtime    Last Run
-----------------------------------  -----  ---------  --------  ----------  --------------  -------------------
/opt/airflow/dags/minio-to-kafka.py                           1           0  2.71s           2026-08-30T18:49:49
================================================================================
[2026-08-30T18:50:27.792+0000] {manager.py:878} INFO - 
================================================================================
DAG File Processing Stats

File Path                            PID    Runtime      # DAGs    # Errors  Last Runtime    Last Run
-----------------------------------  -----  ---------  --------  ----------  --------------  -------------------
/opt/airflow/dags/minio-to-kafka.py                           1           0  2.29s           2026-08-30T18:50:21
================================================================================
[2026-08-30T18:50:58.255+0000] {manager.py:878} INFO - 
================================================================================
DAG File Processing Stats

File Path                            PID    Runtime      # DAGs    # Errors  Last Runtime    Last Run
-----------------------------------  -----  ---------  --------  ----------  --------------  -------------------
/opt/airflow/dags/minio-to-kafka.py                           1           0  2.17s           2026-08-30T18:50:54
================================================================================
[2026-08-30T18:51:28.391+0000] {manager.py:878} INFO - 
================================================================================
DAG File Processing Stats

File Path                            PID    Runtime      # DAGs    # Errors  Last Runtime    Last Run
-----------------------------------  -----  ---------  --------  ----------  --------------  -------------------
/opt/airflow/dags/minio-to-kafka.py                           1           0  2.69s           2026-08-30T18:51:27
================================================================================
[2026-08-30T18:51:58.877+0000] {manager.py:878} INFO - 
================================================================================
DAG File Processing Stats

File Path                              PID  Runtime      # DAGs    # Errors  Last Runtime    Last Run
-----------------------------------  -----  ---------  --------  ----------  --------------  -------------------
/opt/airflow/dags/minio-to-kafka.py    806  1.03s             1           0  2.69s           2026-08-30T18:51:27
================================================================================
[2026-08-30T18:52:29.300+0000] {manager.py:878} INFO - 
================================================================================
DAG File Processing Stats

File Path                            PID    Runtime      # DAGs    # Errors  Last Runtime    Last Run
-----------------------------------  -----  ---------  --------  ----------  --------------  -------------------
/opt/airflow/dags/minio-to-kafka.py                           1           0  2.03s           2026-08-30T18:51:59
================================================================================
[2026-08-30T18:52:59.769+0000] {manager.py:878} INFO - 
================================================================================
DAG File Processing Stats

File Path                            PID    Runtime      # DAGs    # Errors  Last Runtime    Last Run
-----------------------------------  -----  ---------  --------  ----------  --------------  -------------------
/opt/airflow/dags/minio-to-kafka.py                           1           0  2.18s           2026-08-30T18:52:32
================================================================================
[2026-08-30T18:53:30.314+0000] {manager.py:878} INFO - 
================================================================================
DAG File Processing Stats

File Path                            PID    Runtime      # DAGs    # Errors  Last Runtime    Last Run
-----------------------------------  -----  ---------  --------  ----------  --------------  -------------------
/opt/airflow/dags/minio-to-kafka.py                           1           0  2.16s           2026-08-30T18:53:05
================================================================================
[2026-08-30T18:53:47.300+0000] {manager.py:737} INFO - Searching for files in /opt/airflow/dags
[2026-08-30T18:53:47.441+0000] {manager.py:740} INFO - There are 1 files in /opt/airflow/dags
[2026-08-30T18:54:00.670+0000] {manager.py:878} INFO - 
================================================================================
DAG File Processing Stats

File Path                            PID    Runtime      # DAGs    # Errors  Last Runtime    Last Run
-----------------------------------  -----  ---------  --------  ----------  --------------  -------------------
/opt/airflow/dags/minio-to-kafka.py                           1           0  2.73s           2026-08-30T18:53:38
================================================================================
[2026-08-30T18:54:31.235+0000] {manager.py:878} INFO - 
================================================================================
DAG File Processing Stats

File Path                            PID    Runtime      # DAGs    # Errors  Last Runtime    Last Run
-----------------------------------  -----  ---------  --------  ----------  --------------  -------------------
/opt/airflow/dags/minio-to-kafka.py                           1           0  2.28s           2026-08-30T18:54:11
================================================================================
[2026-08-30T18:55:01.862+0000] {manager.py:878} INFO - 
================================================================================
DAG File Processing Stats

File Path                            PID    Runtime      # DAGs    # Errors  Last Runtime    Last Run
-----------------------------------  -----  ---------  --------  ----------  --------------  -------------------
/opt/airflow/dags/minio-to-kafka.py                           1           0  2.43s           2026-08-30T18:54:43
================================================================================
[2026-08-30T18:55:32.548+0000] {manager.py:878} INFO - 
================================================================================
DAG File Processing Stats

File Path                            PID    Runtime      # DAGs    # Errors  Last Runtime    Last Run
-----------------------------------  -----  ---------  --------  ----------  --------------  -------------------
/opt/airflow/dags/minio-to-kafka.py                           1           0  2.48s           2026-08-30T18:55:16
================================================================================
[2026-08-30T18:56:03.218+0000] {manager.py:878} INFO - 
================================================================================
DAG File Processing Stats

File Path                            PID    Runtime      # DAGs    # Errors  Last Runtime    Last Run
-----------------------------------  -----  ---------  --------  ----------  --------------  -------------------
/opt/airflow/dags/minio-to-kafka.py                           1           0  2.36s           2026-08-30T18:55:49
================================================================================
[2026-08-30T18:56:33.793+0000] {manager.py:878} INFO - 
================================================================================
DAG File Processing Stats

File Path                            PID    Runtime      # DAGs    # Errors  Last Runtime    Last Run
-----------------------------------  -----  ---------  --------  ----------  --------------  -------------------
/opt/airflow/dags/minio-to-kafka.py                           1           0  2.35s           2026-08-30T18:56:21
================================================================================
[2026-08-30T18:57:04.076+0000] {manager.py:878} INFO - 
================================================================================
DAG File Processing Stats

File Path                            PID    Runtime      # DAGs    # Errors  Last Runtime    Last Run
-----------------------------------  -----  ---------  --------  ----------  --------------  -------------------
/opt/airflow/dags/minio-to-kafka.py                           1           0  2.86s           2026-08-30T18:56:54
================================================================================
[2026-08-30T18:57:34.857+0000] {manager.py:878} INFO - 
================================================================================
DAG File Processing Stats

File Path                            PID    Runtime      # DAGs    # Errors  Last Runtime    Last Run
-----------------------------------  -----  ---------  --------  ----------  --------------  -------------------
/opt/airflow/dags/minio-to-kafka.py                           1           0  2.38s           2026-08-30T18:57:27
================================================================================
[2026-08-30T18:58:05.088+0000] {manager.py:878} INFO - 
================================================================================
DAG File Processing Stats

File Path                            PID    Runtime      # DAGs    # Errors  Last Runtime    Last Run
-----------------------------------  -----  ---------  --------  ----------  --------------  -------------------
/opt/airflow/dags/minio-to-kafka.py                           1           0  2.69s           2026-08-30T18:58:01
================================================================================
[2026-08-30T18:58:35.608+0000] {manager.py:878} INFO - 
================================================================================
DAG File Processing Stats

File Path                            PID    Runtime      # DAGs    # Errors  Last Runtime    Last Run
-----------------------------------  -----  ---------  --------  ----------  --------------  -------------------
/opt/airflow/dags/minio-to-kafka.py                           1           0  3.10s           2026-08-30T18:58:34
================================================================================
[2026-08-30T18:58:47.773+0000] {manager.py:737} INFO - Searching for files in /opt/airflow/dags
[2026-08-30T18:58:47.902+0000] {manager.py:740} INFO - There are 1 files in /opt/airflow/dags
[2026-08-30T18:59:06.289+0000] {manager.py:878} INFO - 
================================================================================
DAG File Processing Stats

File Path                              PID  Runtime      # DAGs    # Errors  Last Runtime    Last Run
-----------------------------------  -----  ---------  --------  ----------  --------------  -------------------
/opt/airflow/dags/minio-to-kafka.py    845  1.03s             1           0  3.10s           2026-08-30T18:58:34
================================================================================
[2026-08-30T18:59:36.551+0000] {manager.py:878} INFO - 
================================================================================
DAG File Processing Stats

File Path                            PID    Runtime      # DAGs    # Errors  Last Runtime    Last Run
-----------------------------------  -----  ---------  --------  ----------  --------------  -------------------
/opt/airflow/dags/minio-to-kafka.py                           1           0  2.86s           2026-08-30T18:59:08
================================================================================
[2026-08-30T19:00:06.981+0000] {manager.py:878} INFO - 
================================================================================
DAG File Processing Stats

File Path                            PID    Runtime      # DAGs    # Errors  Last Runtime    Last Run
-----------------------------------  -----  ---------  --------  ----------  --------------  -------------------
/opt/airflow/dags/minio-to-kafka.py                           1           0  2.97s           2026-08-30T18:59:41
================================================================================
[2026-08-30T19:00:37.476+0000] {manager.py:878} INFO - 
================================================================================
DAG File Processing Stats

File Path                            PID    Runtime      # DAGs    # Errors  Last Runtime    Last Run
-----------------------------------  -----  ---------  --------  ----------  --------------  -------------------
/opt/airflow/dags/minio-to-kafka.py                           1           0  3.16s           2026-08-30T19:00:15
================================================================================
[2026-08-30T19:01:08.075+0000] {manager.py:878} INFO - 
================================================================================
DAG File Processing Stats

File Path                            PID    Runtime      # DAGs    # Errors  Last Runtime    Last Run
-----------------------------------  -----  ---------  --------  ----------  --------------  -------------------
/opt/airflow/dags/minio-to-kafka.py                           1           0  2.39s           2026-08-30T19:00:48
================================================================================
[2026-08-30T19:01:38.743+0000] {manager.py:878} INFO - 
================================================================================
DAG File Processing Stats

File Path                            PID    Runtime      # DAGs    # Errors  Last Runtime    Last Run
-----------------------------------  -----  ---------  --------  ----------  --------------  -------------------
/opt/airflow/dags/minio-to-kafka.py                           1           0  2.49s           2026-08-30T19:01:20
================================================================================
[2026-08-30T19:02:08.907+0000] {manager.py:878} INFO - 
================================================================================
DAG File Processing Stats

File Path                            PID    Runtime      # DAGs    # Errors  Last Runtime    Last Run
-----------------------------------  -----  ---------  --------  ----------  --------------  -------------------
/opt/airflow/dags/minio-to-kafka.py                           1           0  2.73s           2026-08-30T19:01:53
================================================================================
[2026-08-30T19:02:39.005+0000] {manager.py:878} INFO - 
================================================================================
DAG File Processing Stats

File Path                            PID    Runtime      # DAGs    # Errors  Last Runtime    Last Run
-----------------------------------  -----  ---------  --------  ----------  --------------  -------------------
/opt/airflow/dags/minio-to-kafka.py                           1           0  2.24s           2026-08-30T19:02:25
================================================================================
[2026-08-30T19:03:09.383+0000] {manager.py:878} INFO - 
================================================================================
DAG File Processing Stats

File Path                            PID    Runtime      # DAGs    # Errors  Last Runtime    Last Run
-----------------------------------  -----  ---------  --------  ----------  --------------  -------------------
/opt/airflow/dags/minio-to-kafka.py                           1           0  2.93s           2026-08-30T19:02:59
================================================================================
[2026-08-30T19:03:40.062+0000] {manager.py:878} INFO - 
================================================================================
DAG File Processing Stats

File Path                            PID    Runtime      # DAGs    # Errors  Last Runtime    Last Run
-----------------------------------  -----  ---------  --------  ----------  --------------  -------------------
/opt/airflow/dags/minio-to-kafka.py                           1           0  2.39s           2026-08-30T19:03:32
================================================================================
[2026-08-30T19:03:48.170+0000] {manager.py:737} INFO - Searching for files in /opt/airflow/dags
[2026-08-30T19:03:48.338+0000] {manager.py:740} INFO - There are 1 files in /opt/airflow/dags
[2026-08-30T19:04:10.346+0000] {manager.py:878} INFO - 
================================================================================
DAG File Processing Stats

File Path                            PID    Runtime      # DAGs    # Errors  Last Runtime    Last Run
-----------------------------------  -----  ---------  --------  ----------  --------------  -------------------
/opt/airflow/dags/minio-to-kafka.py                           1           0  2.81s           2026-08-30T19:04:05
================================================================================
[2026-08-30T19:04:40.651+0000] {manager.py:878} INFO - 
================================================================================
DAG File Processing Stats

File Path                            PID    Runtime      # DAGs    # Errors  Last Runtime    Last Run
-----------------------------------  -----  ---------  --------  ----------  --------------  -------------------
/opt/airflow/dags/minio-to-kafka.py                           1           0  1.04s           2026-08-30T19:04:36
================================================================================
[2026-08-30T19:05:11.071+0000] {manager.py:878} INFO - 
================================================================================
DAG File Processing Stats

File Path                            PID    Runtime      # DAGs    # Errors  Last Runtime    Last Run
-----------------------------------  -----  ---------  --------  ----------  --------------  -------------------
/opt/airflow/dags/minio-to-kafka.py                           1           0  1.15s           2026-08-30T19:05:08
================================================================================
[2026-08-30T19:05:41.459+0000] {manager.py:878} INFO - 
================================================================================
DAG File Processing Stats

File Path                            PID    Runtime      # DAGs    # Errors  Last Runtime    Last Run
-----------------------------------  -----  ---------  --------  ----------  --------------  -------------------
/opt/airflow/dags/minio-to-kafka.py                           1           0  1.07s           2026-08-30T19:05:39
================================================================================
[2026-08-30T19:06:11.726+0000] {manager.py:878} INFO - 
================================================================================
DAG File Processing Stats

File Path                            PID    Runtime      # DAGs    # Errors  Last Runtime    Last Run
-----------------------------------  -----  ---------  --------  ----------  --------------  -------------------
/opt/airflow/dags/minio-to-kafka.py                           1           0  0.96s           2026-08-30T19:06:10
================================================================================
[2026-08-30T19:06:42.012+0000] {manager.py:878} INFO - 
================================================================================
DAG File Processing Stats

File Path                              PID  Runtime      # DAGs    # Errors  Last Runtime    Last Run
-----------------------------------  -----  ---------  --------  ----------  --------------  -------------------
/opt/airflow/dags/minio-to-kafka.py    887  1.02s             1           0  0.96s           2026-08-30T19:06:10
================================================================================
[2026-08-30T19:07:12.144+0000] {manager.py:878} INFO - 
================================================================================
DAG File Processing Stats

File Path                            PID    Runtime      # DAGs    # Errors  Last Runtime    Last Run
-----------------------------------  -----  ---------  --------  ----------  --------------  -------------------
/opt/airflow/dags/minio-to-kafka.py                           1           0  1.88s           2026-08-30T19:06:42
================================================================================
[2026-08-30T19:07:42.416+0000] {manager.py:878} INFO - 
================================================================================
DAG File Processing Stats

File Path                            PID    Runtime      # DAGs    # Errors  Last Runtime    Last Run
-----------------------------------  -----  ---------  --------  ----------  --------------  -------------------
/opt/airflow/dags/minio-to-kafka.py                           1           0  0.97s           2026-08-30T19:07:14
================================================================================
[2026-08-30T19:08:12.643+0000] {manager.py:878} INFO - 
================================================================================
DAG File Processing Stats

File Path                            PID    Runtime      # DAGs    # Errors  Last Runtime    Last Run
-----------------------------------  -----  ---------  --------  ----------  --------------  -------------------
/opt/airflow/dags/minio-to-kafka.py                           1           0  1.10s           2026-08-30T19:07:45
================================================================================
[2026-08-30T19:08:42.987+0000] {manager.py:878} INFO - 
================================================================================
DAG File Processing Stats

File Path                            PID    Runtime      # DAGs    # Errors  Last Runtime    Last Run
-----------------------------------  -----  ---------  --------  ----------  --------------  -------------------
/opt/airflow/dags/minio-to-kafka.py                           1           0  3.51s           2026-08-30T19:08:19
================================================================================
[2026-08-30T19:08:48.542+0000] {manager.py:737} INFO - Searching for files in /opt/airflow/dags
[2026-08-30T19:08:48.588+0000] {manager.py:740} INFO - There are 1 files in /opt/airflow/dags
[2026-08-30T19:09:13.265+0000] {manager.py:878} INFO - 
================================================================================
DAG File Processing Stats

File Path                            PID    Runtime      # DAGs    # Errors  Last Runtime    Last Run
-----------------------------------  -----  ---------  --------  ----------  --------------  -------------------
/opt/airflow/dags/minio-to-kafka.py                           1           0  1.48s           2026-08-30T19:08:51
================================================================================
[2026-08-30T19:09:43.638+0000] {manager.py:878} INFO - 
================================================================================
DAG File Processing Stats

File Path                            PID    Runtime      # DAGs    # Errors  Last Runtime    Last Run
-----------------------------------  -----  ---------  --------  ----------  --------------  -------------------
/opt/airflow/dags/minio-to-kafka.py                           1           0  1.03s           2026-08-30T19:09:22
================================================================================
[2026-08-30T19:10:13.991+0000] {manager.py:878} INFO - 
================================================================================
DAG File Processing Stats

File Path                            PID    Runtime      # DAGs    # Errors  Last Runtime    Last Run
-----------------------------------  -----  ---------  --------  ----------  --------------  -------------------
/opt/airflow/dags/minio-to-kafka.py                           1           0  0.98s           2026-08-30T19:09:53
================================================================================
[2026-08-30T19:10:44.351+0000] {manager.py:878} INFO - 
================================================================================
DAG File Processing Stats

File Path                            PID    Runtime      # DAGs    # Errors  Last Runtime    Last Run
-----------------------------------  -----  ---------  --------  ----------  --------------  -------------------
/opt/airflow/dags/minio-to-kafka.py                           1           0  1.07s           2026-08-30T19:10:25
================================================================================
[2026-08-30T19:11:14.694+0000] {manager.py:878} INFO - 
================================================================================
DAG File Processing Stats

File Path                            PID    Runtime      # DAGs    # Errors  Last Runtime    Last Run
-----------------------------------  -----  ---------  --------  ----------  --------------  -------------------
/opt/airflow/dags/minio-to-kafka.py                           1           0  1.03s           2026-08-30T19:10:56
================================================================================
[2026-08-30T19:11:45.017+0000] {manager.py:878} INFO - 
================================================================================
DAG File Processing Stats

File Path                            PID    Runtime      # DAGs    # Errors  Last Runtime    Last Run
-----------------------------------  -----  ---------  --------  ----------  --------------  -------------------
/opt/airflow/dags/minio-to-kafka.py                           1           0  1.11s           2026-08-30T19:11:27
================================================================================
[2026-08-30T19:12:15.269+0000] {manager.py:878} INFO - 
================================================================================
DAG File Processing Stats

File Path                            PID    Runtime      # DAGs    # Errors  Last Runtime    Last Run
-----------------------------------  -----  ---------  --------  ----------  --------------  -------------------
/opt/airflow/dags/minio-to-kafka.py                           1           0  1.14s           2026-08-30T19:11:59
================================================================================
[2026-08-30T19:12:45.555+0000] {manager.py:878} INFO - 
================================================================================
DAG File Processing Stats

File Path                            PID    Runtime      # DAGs    # Errors  Last Runtime    Last Run
-----------------------------------  -----  ---------  --------  ----------  --------------  -------------------
/opt/airflow/dags/minio-to-kafka.py                           1           0  0.94s           2026-08-30T19:12:30
================================================================================
[2026-08-30T19:13:15.733+0000] {manager.py:878} INFO - 
================================================================================
DAG File Processing Stats

File Path                            PID    Runtime      # DAGs    # Errors  Last Runtime    Last Run
-----------------------------------  -----  ---------  --------  ----------  --------------  -------------------
/opt/airflow/dags/minio-to-kafka.py                           1           0  0.94s           2026-08-30T19:13:01
================================================================================
[2026-08-30T19:13:46.025+0000] {manager.py:878} INFO - 
================================================================================
DAG File Processing Stats

File Path                            PID    Runtime      # DAGs    # Errors  Last Runtime    Last Run
-----------------------------------  -----  ---------  --------  ----------  --------------  -------------------
/opt/airflow/dags/minio-to-kafka.py                           1           0  2.10s           2026-08-30T19:13:33
================================================================================
[2026-08-30T19:13:49.053+0000] {manager.py:737} INFO - Searching for files in /opt/airflow/dags
[2026-08-30T19:13:49.082+0000] {manager.py:740} INFO - There are 1 files in /opt/airflow/dags
[2026-08-30T19:14:16.314+0000] {manager.py:878} INFO - 
================================================================================
DAG File Processing Stats

File Path                            PID    Runtime      # DAGs    # Errors  Last Runtime    Last Run
-----------------------------------  -----  ---------  --------  ----------  --------------  -------------------
/opt/airflow/dags/minio-to-kafka.py                           1           0  1.99s           2026-08-30T19:14:06
================================================================================
[2026-08-30T19:14:46.669+0000] {manager.py:878} INFO - 
================================================================================
DAG File Processing Stats

File Path                            PID    Runtime      # DAGs    # Errors  Last Runtime    Last Run
-----------------------------------  -----  ---------  --------  ----------  --------------  -------------------
/opt/airflow/dags/minio-to-kafka.py                           1           0  2.28s           2026-08-30T19:14:38
================================================================================
[2026-08-30T19:15:17.903+0000] {manager.py:878} INFO - 
================================================================================
DAG File Processing Stats

File Path                            PID    Runtime      # DAGs    # Errors  Last Runtime    Last Run
-----------------------------------  -----  ---------  --------  ----------  --------------  -------------------
/opt/airflow/dags/minio-to-kafka.py                           1           0  3.74s           2026-08-30T19:15:12
================================================================================
[2026-08-30T19:15:48.366+0000] {manager.py:878} INFO - 
================================================================================
DAG File Processing Stats

File Path                            PID    Runtime      # DAGs    # Errors  Last Runtime    Last Run
-----------------------------------  -----  ---------  --------  ----------  --------------  -------------------
/opt/airflow/dags/minio-to-kafka.py                           1           0  1.66s           2026-08-30T19:15:44
================================================================================
[2026-08-30T19:16:18.640+0000] {manager.py:878} INFO - 
================================================================================
DAG File Processing Stats

File Path                            PID    Runtime      # DAGs    # Errors  Last Runtime    Last Run
-----------------------------------  -----  ---------  --------  ----------  --------------  -------------------
/opt/airflow/dags/minio-to-kafka.py                           1           0  1.01s           2026-08-30T19:16:15
================================================================================
[2026-08-30T19:16:49.059+0000] {manager.py:878} INFO - 
================================================================================
DAG File Processing Stats

File Path                            PID    Runtime      # DAGs    # Errors  Last Runtime    Last Run
-----------------------------------  -----  ---------  --------  ----------  --------------  -------------------
/opt/airflow/dags/minio-to-kafka.py                           1           0  1.01s           2026-08-30T19:16:47
================================================================================
[2026-08-30T19:17:19.413+0000] {manager.py:878} INFO - 
================================================================================
DAG File Processing Stats

File Path                            PID    Runtime      # DAGs    # Errors  Last Runtime    Last Run
-----------------------------------  -----  ---------  --------  ----------  --------------  -------------------
/opt/airflow/dags/minio-to-kafka.py                           1           0  1.49s           2026-08-30T19:17:18
================================================================================
[2026-08-30T19:17:49.756+0000] {manager.py:878} INFO - 
================================================================================
DAG File Processing Stats

File Path                              PID  Runtime      # DAGs    # Errors  Last Runtime    Last Run
-----------------------------------  -----  ---------  --------  ----------  --------------  -------------------
/opt/airflow/dags/minio-to-kafka.py    950  0.60s             1           0  1.49s           2026-08-30T19:17:18
================================================================================
[2026-08-30T19:18:20.032+0000] {manager.py:878} INFO - 
================================================================================
DAG File Processing Stats

File Path                            PID    Runtime      # DAGs    # Errors  Last Runtime    Last Run
-----------------------------------  -----  ---------  --------  ----------  --------------  -------------------
/opt/airflow/dags/minio-to-kafka.py                           1           0  1.64s           2026-08-30T19:17:50
================================================================================
[2026-08-30T19:18:49.376+0000] {manager.py:737} INFO - Searching for files in /opt/airflow/dags
[2026-08-30T19:18:49.451+0000] {manager.py:740} INFO - There are 1 files in /opt/airflow/dags
[2026-08-30T19:18:50.504+0000] {manager.py:878} INFO - 
================================================================================
DAG File Processing Stats

File Path                            PID    Runtime      # DAGs    # Errors  Last Runtime    Last Run
-----------------------------------  -----  ---------  --------  ----------  --------------  -------------------
/opt/airflow/dags/minio-to-kafka.py                           1           0  1.00s           2026-08-30T19:18:22
================================================================================
[2026-08-30T19:19:20.884+0000] {manager.py:878} INFO - 
================================================================================
DAG File Processing Stats

File Path                            PID    Runtime      # DAGs    # Errors  Last Runtime    Last Run
-----------------------------------  -----  ---------  --------  ----------  --------------  -------------------
/opt/airflow/dags/minio-to-kafka.py                           1           0  1.02s           2026-08-30T19:18:53
================================================================================
[2026-08-30T19:19:51.186+0000] {manager.py:878} INFO - 
================================================================================
DAG File Processing Stats

File Path                            PID    Runtime      # DAGs    # Errors  Last Runtime    Last Run
-----------------------------------  -----  ---------  --------  ----------  --------------  -------------------
/opt/airflow/dags/minio-to-kafka.py                           1           0  1.33s           2026-08-30T19:19:25
================================================================================
[2026-08-30T19:20:21.758+0000] {manager.py:878} INFO - 
================================================================================
DAG File Processing Stats

File Path                            PID    Runtime      # DAGs    # Errors  Last Runtime    Last Run
-----------------------------------  -----  ---------  --------  ----------  --------------  -------------------
/opt/airflow/dags/minio-to-kafka.py                           1           0  1.03s           2026-08-30T19:19:56
================================================================================
[2026-08-30T19:20:52.093+0000] {manager.py:878} INFO - 
================================================================================
DAG File Processing Stats

File Path                            PID    Runtime      # DAGs    # Errors  Last Runtime    Last Run
-----------------------------------  -----  ---------  --------  ----------  --------------  -------------------
/opt/airflow/dags/minio-to-kafka.py                           1           0  1.19s           2026-08-30T19:20:28
================================================================================
[2026-08-30T19:21:22.556+0000] {manager.py:878} INFO - 
================================================================================
DAG File Processing Stats

File Path                            PID    Runtime      # DAGs    # Errors  Last Runtime    Last Run
-----------------------------------  -----  ---------  --------  ----------  --------------  -------------------
/opt/airflow/dags/minio-to-kafka.py                           1           0  1.31s           2026-08-30T19:20:59
================================================================================
[2026-08-30T19:21:52.884+0000] {manager.py:878} INFO - 
================================================================================
DAG File Processing Stats

File Path                            PID    Runtime      # DAGs    # Errors  Last Runtime    Last Run
-----------------------------------  -----  ---------  --------  ----------  --------------  -------------------
/opt/airflow/dags/minio-to-kafka.py                           1           0  0.98s           2026-08-30T19:21:30
================================================================================
[2026-08-30T19:22:23.267+0000] {manager.py:878} INFO - 
================================================================================
DAG File Processing Stats

File Path                            PID    Runtime      # DAGs    # Errors  Last Runtime    Last Run
-----------------------------------  -----  ---------  --------  ----------  --------------  -------------------
/opt/airflow/dags/minio-to-kafka.py                           1           0  1.13s           2026-08-30T19:22:02
================================================================================
[2026-08-30T19:22:53.618+0000] {manager.py:878} INFO - 
================================================================================
DAG File Processing Stats

File Path                            PID    Runtime      # DAGs    # Errors  Last Runtime    Last Run
-----------------------------------  -----  ---------  --------  ----------  --------------  -------------------
/opt/airflow/dags/minio-to-kafka.py                           1           0  0.97s           2026-08-30T19:22:33
================================================================================
[2026-08-30T19:23:23.949+0000] {manager.py:878} INFO - 
================================================================================
DAG File Processing Stats

File Path                            PID    Runtime      # DAGs    # Errors  Last Runtime    Last Run
-----------------------------------  -----  ---------  --------  ----------  --------------  -------------------
/opt/airflow/dags/minio-to-kafka.py                           1           0  1.16s           2026-08-30T19:23:04
================================================================================
[2026-08-30T19:23:50.260+0000] {manager.py:737} INFO - Searching for files in /opt/airflow/dags
[2026-08-30T19:23:50.304+0000] {manager.py:740} INFO - There are 1 files in /opt/airflow/dags
[2026-08-30T19:23:54.366+0000] {manager.py:878} INFO - 
================================================================================
DAG File Processing Stats

File Path                            PID    Runtime      # DAGs    # Errors  Last Runtime    Last Run
-----------------------------------  -----  ---------  --------  ----------  --------------  -------------------
/opt/airflow/dags/minio-to-kafka.py                           1           0  1.01s           2026-08-30T19:23:36
================================================================================
[2026-08-30T19:24:24.740+0000] {manager.py:878} INFO - 
================================================================================
DAG File Processing Stats

File Path                            PID    Runtime      # DAGs    # Errors  Last Runtime    Last Run
-----------------------------------  -----  ---------  --------  ----------  --------------  -------------------
/opt/airflow/dags/minio-to-kafka.py                           1           0  0.98s           2026-08-30T19:24:07
================================================================================
[2026-08-30T19:24:55.083+0000] {manager.py:878} INFO - 
================================================================================
DAG File Processing Stats

File Path                            PID    Runtime      # DAGs    # Errors  Last Runtime    Last Run
-----------------------------------  -----  ---------  --------  ----------  --------------  -------------------
/opt/airflow/dags/minio-to-kafka.py                           1           0  1.51s           2026-08-30T19:24:39
================================================================================
[2026-08-30T19:25:25.842+0000] {manager.py:878} INFO - 
================================================================================
DAG File Processing Stats

File Path                            PID    Runtime      # DAGs    # Errors  Last Runtime    Last Run
-----------------------------------  -----  ---------  --------  ----------  --------------  -------------------
/opt/airflow/dags/minio-to-kafka.py                           1           0  1.26s           2026-08-30T19:25:10
================================================================================
[2026-08-30T19:25:56.277+0000] {manager.py:878} INFO - 
================================================================================
DAG File Processing Stats

File Path                            PID    Runtime      # DAGs    # Errors  Last Runtime    Last Run
-----------------------------------  -----  ---------  --------  ----------  --------------  -------------------
/opt/airflow/dags/minio-to-kafka.py                           1           0  1.27s           2026-08-30T19:25:42
================================================================================
[2026-08-30T19:26:26.607+0000] {manager.py:878} INFO - 
================================================================================
DAG File Processing Stats

File Path                            PID    Runtime      # DAGs    # Errors  Last Runtime    Last Run
-----------------------------------  -----  ---------  --------  ----------  --------------  -------------------
/opt/airflow/dags/minio-to-kafka.py                           1           0  1.02s           2026-08-30T19:26:13
================================================================================
[2026-08-30T19:26:56.890+0000] {manager.py:878} INFO - 
================================================================================
DAG File Processing Stats

File Path                            PID    Runtime      # DAGs    # Errors  Last Runtime    Last Run
-----------------------------------  -----  ---------  --------  ----------  --------------  -------------------
/opt/airflow/dags/minio-to-kafka.py                           1           0  1.07s           2026-08-30T19:26:44
================================================================================
[2026-08-30T19:27:27.181+0000] {manager.py:878} INFO - 
================================================================================
DAG File Processing Stats

File Path                            PID    Runtime      # DAGs    # Errors  Last Runtime    Last Run
-----------------------------------  -----  ---------  --------  ----------  --------------  -------------------
/opt/airflow/dags/minio-to-kafka.py                           1           0  0.99s           2026-08-30T19:27:16
================================================================================
[2026-08-30T19:27:57.501+0000] {manager.py:878} INFO - 
================================================================================
DAG File Processing Stats

File Path                            PID    Runtime      # DAGs    # Errors  Last Runtime    Last Run
-----------------------------------  -----  ---------  --------  ----------  --------------  -------------------
/opt/airflow/dags/minio-to-kafka.py                           1           0  1.62s           2026-08-30T19:27:47
================================================================================
[2026-08-30T19:28:27.831+0000] {manager.py:878} INFO - 
================================================================================
DAG File Processing Stats

File Path                            PID    Runtime      # DAGs    # Errors  Last Runtime    Last Run
-----------------------------------  -----  ---------  --------  ----------  --------------  -------------------
/opt/airflow/dags/minio-to-kafka.py                           1           0  0.94s           2026-08-30T19:28:19
================================================================================
[2026-08-30T19:28:50.451+0000] {manager.py:737} INFO - Searching for files in /opt/airflow/dags
[2026-08-30T19:28:50.480+0000] {manager.py:740} INFO - There are 1 files in /opt/airflow/dags
[2026-08-30T19:28:58.602+0000] {manager.py:878} INFO - 
================================================================================
DAG File Processing Stats

File Path                            PID    Runtime      # DAGs    # Errors  Last Runtime    Last Run
-----------------------------------  -----  ---------  --------  ----------  --------------  -------------------
/opt/airflow/dags/minio-to-kafka.py                           1           0  1.11s           2026-08-30T19:28:50
================================================================================
[2026-08-30T19:29:28.922+0000] {manager.py:878} INFO - 
================================================================================
DAG File Processing Stats

File Path                            PID    Runtime      # DAGs    # Errors  Last Runtime    Last Run
-----------------------------------  -----  ---------  --------  ----------  --------------  -------------------
/opt/airflow/dags/minio-to-kafka.py                           1           0  0.95s           2026-08-30T19:29:21
================================================================================
[2026-08-30T19:29:59.186+0000] {manager.py:878} INFO - 
================================================================================
DAG File Processing Stats

File Path                            PID    Runtime      # DAGs    # Errors  Last Runtime    Last Run
-----------------------------------  -----  ---------  --------  ----------  --------------  -------------------
/opt/airflow/dags/minio-to-kafka.py                           1           0  1.03s           2026-08-30T19:29:53
================================================================================
[2026-08-30T19:30:29.708+0000] {manager.py:878} INFO - 
================================================================================
DAG File Processing Stats

File Path                            PID    Runtime      # DAGs    # Errors  Last Runtime    Last Run
-----------------------------------  -----  ---------  --------  ----------  --------------  -------------------
/opt/airflow/dags/minio-to-kafka.py                           1           0  2.15s           2026-08-30T19:30:25
================================================================================
[2026-08-30T19:31:00.208+0000] {manager.py:878} INFO - 
================================================================================
DAG File Processing Stats

File Path                            PID    Runtime      # DAGs    # Errors  Last Runtime    Last Run
-----------------------------------  -----  ---------  --------  ----------  --------------  -------------------
/opt/airflow/dags/minio-to-kafka.py                           1           0  1.15s           2026-08-30T19:30:57
================================================================================
[2026-08-30T19:31:30.532+0000] {manager.py:878} INFO - 
================================================================================
DAG File Processing Stats

File Path                            PID    Runtime      # DAGs    # Errors  Last Runtime    Last Run
-----------------------------------  -----  ---------  --------  ----------  --------------  -------------------
/opt/airflow/dags/minio-to-kafka.py                           1           0  1.20s           2026-08-30T19:31:28
================================================================================
[2026-08-30T19:32:00.888+0000] {manager.py:878} INFO - 
================================================================================
DAG File Processing Stats

File Path                            PID    Runtime      # DAGs    # Errors  Last Runtime    Last Run
-----------------------------------  -----  ---------  --------  ----------  --------------  -------------------
/opt/airflow/dags/minio-to-kafka.py                           1           0  1.02s           2026-08-30T19:31:59
================================================================================
[2026-08-30T19:32:31.177+0000] {manager.py:878} INFO - 
================================================================================
DAG File Processing Stats

File Path                              PID  Runtime      # DAGs    # Errors  Last Runtime    Last Run
-----------------------------------  -----  ---------  --------  ----------  --------------  -------------------
/opt/airflow/dags/minio-to-kafka.py   1034  1.01s             1           0  1.02s           2026-08-30T19:31:59
================================================================================
[2026-08-30T19:33:01.569+0000] {manager.py:878} INFO - 
================================================================================
DAG File Processing Stats

File Path                              PID  Runtime      # DAGs    # Errors  Last Runtime    Last Run
-----------------------------------  -----  ---------  --------  ----------  --------------  -------------------
/opt/airflow/dags/minio-to-kafka.py   1037  0.01s             1           0  1.13s           2026-08-30T19:32:31
================================================================================
[2026-08-30T19:33:31.983+0000] {manager.py:878} INFO - 
================================================================================
DAG File Processing Stats

File Path                            PID    Runtime      # DAGs    # Errors  Last Runtime    Last Run
-----------------------------------  -----  ---------  --------  ----------  --------------  -------------------
/opt/airflow/dags/minio-to-kafka.py                           1           0  1.48s           2026-08-30T19:33:03
================================================================================
[2026-08-30T19:33:50.573+0000] {manager.py:737} INFO - Searching for files in /opt/airflow/dags
[2026-08-30T19:33:50.632+0000] {manager.py:740} INFO - There are 1 files in /opt/airflow/dags
[2026-08-30T19:34:02.239+0000] {manager.py:878} INFO - 
================================================================================
DAG File Processing Stats

File Path                            PID    Runtime      # DAGs    # Errors  Last Runtime    Last Run
-----------------------------------  -----  ---------  --------  ----------  --------------  -------------------
/opt/airflow/dags/minio-to-kafka.py                           1           0  1.40s           2026-08-30T19:33:34
================================================================================
[2026-08-30T19:34:32.643+0000] {manager.py:878} INFO - 
================================================================================
DAG File Processing Stats

File Path                            PID    Runtime      # DAGs    # Errors  Last Runtime    Last Run
-----------------------------------  -----  ---------  --------  ----------  --------------  -------------------
/opt/airflow/dags/minio-to-kafka.py                           1           0  2.43s           2026-08-30T19:34:07
================================================================================
[2026-08-30T19:35:02.990+0000] {manager.py:878} INFO - 
================================================================================
DAG File Processing Stats

File Path                            PID    Runtime      # DAGs    # Errors  Last Runtime    Last Run
-----------------------------------  -----  ---------  --------  ----------  --------------  -------------------
/opt/airflow/dags/minio-to-kafka.py                           1           0  1.57s           2026-08-30T19:34:39
================================================================================
[2026-08-30T19:35:33.448+0000] {manager.py:878} INFO - 
================================================================================
DAG File Processing Stats

File Path                            PID    Runtime      # DAGs    # Errors  Last Runtime    Last Run
-----------------------------------  -----  ---------  --------  ----------  --------------  -------------------
/opt/airflow/dags/minio-to-kafka.py                           1           0  1.40s           2026-08-30T19:35:11
================================================================================
[2026-08-30T19:36:04.104+0000] {manager.py:878} INFO - 
================================================================================
DAG File Processing Stats

File Path                            PID    Runtime      # DAGs    # Errors  Last Runtime    Last Run
-----------------------------------  -----  ---------  --------  ----------  --------------  -------------------
/opt/airflow/dags/minio-to-kafka.py                           1           0  1.42s           2026-08-30T19:35:43
================================================================================
[2026-08-30T19:36:34.571+0000] {manager.py:878} INFO - 
================================================================================
DAG File Processing Stats

File Path                            PID    Runtime      # DAGs    # Errors  Last Runtime    Last Run
-----------------------------------  -----  ---------  --------  ----------  --------------  -------------------
/opt/airflow/dags/minio-to-kafka.py                           1           0  1.22s           2026-08-30T19:36:14
================================================================================
[2026-08-30T19:37:04.983+0000] {manager.py:878} INFO - 
================================================================================
DAG File Processing Stats

File Path                            PID    Runtime      # DAGs    # Errors  Last Runtime    Last Run
-----------------------------------  -----  ---------  --------  ----------  --------------  -------------------
/opt/airflow/dags/minio-to-kafka.py                           1           0  1.27s           2026-08-30T19:36:45
================================================================================
[2026-08-30T19:37:35.510+0000] {manager.py:878} INFO - 
================================================================================
DAG File Processing Stats

File Path                            PID    Runtime      # DAGs    # Errors  Last Runtime    Last Run
-----------------------------------  -----  ---------  --------  ----------  --------------  -------------------
/opt/airflow/dags/minio-to-kafka.py                           1           0  1.20s           2026-08-30T19:37:17
================================================================================
[2026-08-30T19:38:05.928+0000] {manager.py:878} INFO - 
================================================================================
DAG File Processing Stats

File Path                            PID    Runtime      # DAGs    # Errors  Last Runtime    Last Run
-----------------------------------  -----  ---------  --------  ----------  --------------  -------------------
/opt/airflow/dags/minio-to-kafka.py                           1           0  1.32s           2026-08-30T19:37:48
================================================================================
[2026-08-30T19:38:36.269+0000] {manager.py:878} INFO - 
================================================================================
DAG File Processing Stats

File Path                            PID    Runtime      # DAGs    # Errors  Last Runtime    Last Run
-----------------------------------  -----  ---------  --------  ----------  --------------  -------------------
/opt/airflow/dags/minio-to-kafka.py                           1           0  1.23s           2026-08-30T19:38:20
================================================================================
[2026-08-30T19:38:50.710+0000] {manager.py:737} INFO - Searching for files in /opt/airflow/dags
[2026-08-30T19:38:50.756+0000] {manager.py:740} INFO - There are 1 files in /opt/airflow/dags
[2026-08-30T19:39:06.376+0000] {manager.py:878} INFO - 
================================================================================
DAG File Processing Stats

File Path                            PID    Runtime      # DAGs    # Errors  Last Runtime    Last Run
-----------------------------------  -----  ---------  --------  ----------  --------------  -------------------
/opt/airflow/dags/minio-to-kafka.py                           1           0  1.73s           2026-08-30T19:38:52
================================================================================
[2026-08-30T19:39:36.452+0000] {manager.py:878} INFO - 
================================================================================
DAG File Processing Stats

File Path                            PID    Runtime      # DAGs    # Errors  Last Runtime    Last Run
-----------------------------------  -----  ---------  --------  ----------  --------------  -------------------
/opt/airflow/dags/minio-to-kafka.py                           1           0  1.32s           2026-08-30T19:39:23
================================================================================
[2026-08-30T19:40:06.804+0000] {manager.py:878} INFO - 
================================================================================
DAG File Processing Stats

File Path                            PID    Runtime      # DAGs    # Errors  Last Runtime    Last Run
-----------------------------------  -----  ---------  --------  ----------  --------------  -------------------
/opt/airflow/dags/minio-to-kafka.py                           1           0  1.26s           2026-08-30T19:39:54
================================================================================
[2026-08-30T19:40:37.142+0000] {manager.py:878} INFO - 
================================================================================
DAG File Processing Stats

File Path                            PID    Runtime      # DAGs    # Errors  Last Runtime    Last Run
-----------------------------------  -----  ---------  --------  ----------  --------------  -------------------
/opt/airflow/dags/minio-to-kafka.py                           1           0  1.25s           2026-08-30T19:40:26
================================================================================
[2026-08-30T19:41:07.764+0000] {manager.py:878} INFO - 
================================================================================
DAG File Processing Stats

File Path                            PID    Runtime      # DAGs    # Errors  Last Runtime    Last Run
-----------------------------------  -----  ---------  --------  ----------  --------------  -------------------
/opt/airflow/dags/minio-to-kafka.py                           1           0  1.26s           2026-08-30T19:40:57
================================================================================
[2026-08-30T19:41:38.227+0000] {manager.py:878} INFO - 
================================================================================
DAG File Processing Stats

File Path                            PID    Runtime      # DAGs    # Errors  Last Runtime    Last Run
-----------------------------------  -----  ---------  --------  ----------  --------------  -------------------
/opt/airflow/dags/minio-to-kafka.py                           1           0  1.38s           2026-08-30T19:41:29
================================================================================
[2026-08-30T19:42:08.896+0000] {manager.py:878} INFO - 
================================================================================
DAG File Processing Stats

File Path                            PID    Runtime      # DAGs    # Errors  Last Runtime    Last Run
-----------------------------------  -----  ---------  --------  ----------  --------------  -------------------
/opt/airflow/dags/minio-to-kafka.py                           1           0  1.32s           2026-08-30T19:42:00
================================================================================
[2026-08-30T19:42:39.347+0000] {manager.py:878} INFO - 
================================================================================
DAG File Processing Stats

File Path                            PID    Runtime      # DAGs    # Errors  Last Runtime    Last Run
-----------------------------------  -----  ---------  --------  ----------  --------------  -------------------
/opt/airflow/dags/minio-to-kafka.py                           1           0  1.16s           2026-08-30T19:42:32
================================================================================
[2026-08-30T19:43:09.783+0000] {manager.py:878} INFO - 
================================================================================
DAG File Processing Stats

File Path                            PID    Runtime      # DAGs    # Errors  Last Runtime    Last Run
-----------------------------------  -----  ---------  --------  ----------  --------------  -------------------
/opt/airflow/dags/minio-to-kafka.py                           1           0  1.22s           2026-08-30T19:43:03
================================================================================
[2026-08-30T19:43:40.348+0000] {manager.py:878} INFO - 
================================================================================
DAG File Processing Stats

File Path                            PID    Runtime      # DAGs    # Errors  Last Runtime    Last Run
-----------------------------------  -----  ---------  --------  ----------  --------------  -------------------
/opt/airflow/dags/minio-to-kafka.py                           1           0  1.25s           2026-08-30T19:43:35
================================================================================
[2026-08-30T19:43:51.486+0000] {manager.py:737} INFO - Searching for files in /opt/airflow/dags
[2026-08-30T19:43:51.518+0000] {manager.py:740} INFO - There are 1 files in /opt/airflow/dags
[2026-08-30T19:44:10.856+0000] {manager.py:878} INFO - 
================================================================================
DAG File Processing Stats

File Path                            PID    Runtime      # DAGs    # Errors  Last Runtime    Last Run
-----------------------------------  -----  ---------  --------  ----------  --------------  -------------------
/opt/airflow/dags/minio-to-kafka.py                           1           0  1.23s           2026-08-30T19:44:07
================================================================================
[2026-08-30T19:44:41.211+0000] {manager.py:878} INFO - 
================================================================================
DAG File Processing Stats

File Path                            PID    Runtime      # DAGs    # Errors  Last Runtime    Last Run
-----------------------------------  -----  ---------  --------  ----------  --------------  -------------------
/opt/airflow/dags/minio-to-kafka.py                           1           0  1.22s           2026-08-30T19:44:38
================================================================================
[2026-08-30T19:45:11.754+0000] {manager.py:878} INFO - 
================================================================================
DAG File Processing Stats

File Path                            PID    Runtime      # DAGs    # Errors  Last Runtime    Last Run
-----------------------------------  -----  ---------  --------  ----------  --------------  -------------------
/opt/airflow/dags/minio-to-kafka.py                           1           0  1.41s           2026-08-30T19:45:09
================================================================================
[2026-08-30T19:45:42.347+0000] {manager.py:878} INFO - 
================================================================================
DAG File Processing Stats

File Path                            PID    Runtime      # DAGs    # Errors  Last Runtime    Last Run
-----------------------------------  -----  ---------  --------  ----------  --------------  -------------------
/opt/airflow/dags/minio-to-kafka.py                           1           0  1.24s           2026-08-30T19:45:41
================================================================================
[2026-08-30T19:46:12.775+0000] {manager.py:878} INFO - 
================================================================================
DAG File Processing Stats

File Path                              PID  Runtime      # DAGs    # Errors  Last Runtime    Last Run
-----------------------------------  -----  ---------  --------  ----------  --------------  -------------------
/opt/airflow/dags/minio-to-kafka.py   1112  1.01s             1           0  1.24s           2026-08-30T19:45:41
================================================================================
[2026-08-30T19:46:43.151+0000] {manager.py:878} INFO - 
================================================================================
DAG File Processing Stats

File Path                              PID  Runtime      # DAGs    # Errors  Last Runtime    Last Run
-----------------------------------  -----  ---------  --------  ----------  --------------  -------------------
/opt/airflow/dags/minio-to-kafka.py   1115  0.01s             1           0  1.24s           2026-08-30T19:46:12
================================================================================
[2026-08-30T19:47:13.785+0000] {manager.py:878} INFO - 
================================================================================
DAG File Processing Stats

File Path                            PID    Runtime      # DAGs    # Errors  Last Runtime    Last Run
-----------------------------------  -----  ---------  --------  ----------  --------------  -------------------
/opt/airflow/dags/minio-to-kafka.py                           1           0  1.48s           2026-08-30T19:46:44
================================================================================
[2026-08-30T19:47:44.382+0000] {manager.py:878} INFO - 
================================================================================
DAG File Processing Stats

File Path                            PID    Runtime      # DAGs    # Errors  Last Runtime    Last Run
-----------------------------------  -----  ---------  --------  ----------  --------------  -------------------
/opt/airflow/dags/minio-to-kafka.py                           1           0  1.19s           2026-08-30T19:47:16
================================================================================
[2026-08-30T19:48:14.727+0000] {manager.py:878} INFO - 
================================================================================
DAG File Processing Stats

File Path                            PID    Runtime      # DAGs    # Errors  Last Runtime    Last Run
-----------------------------------  -----  ---------  --------  ----------  --------------  -------------------
/opt/airflow/dags/minio-to-kafka.py                           1           0  1.42s           2026-08-30T19:47:47
================================================================================
[2026-08-30T19:48:44.996+0000] {manager.py:878} INFO - 
================================================================================
DAG File Processing Stats

File Path                            PID    Runtime      # DAGs    # Errors  Last Runtime    Last Run
-----------------------------------  -----  ---------  --------  ----------  --------------  -------------------
/opt/airflow/dags/minio-to-kafka.py                           1           0  7.80s           2026-08-30T19:48:25
================================================================================
[2026-08-30T19:48:52.108+0000] {manager.py:737} INFO - Searching for files in /opt/airflow/dags
[2026-08-30T19:48:52.143+0000] {manager.py:740} INFO - There are 1 files in /opt/airflow/dags
[2026-08-30T19:49:15.434+0000] {manager.py:878} INFO - 
================================================================================
DAG File Processing Stats

File Path                            PID    Runtime      # DAGs    # Errors  Last Runtime    Last Run
-----------------------------------  -----  ---------  --------  ----------  --------------  -------------------
/opt/airflow/dags/minio-to-kafka.py                           1           0  3.03s           2026-08-30T19:48:59
================================================================================
[2026-08-30T19:49:45.724+0000] {manager.py:878} INFO - 
================================================================================
DAG File Processing Stats

File Path                            PID    Runtime      # DAGs    # Errors  Last Runtime    Last Run
-----------------------------------  -----  ---------  --------  ----------  --------------  -------------------
/opt/airflow/dags/minio-to-kafka.py                           1           0  1.89s           2026-08-30T19:49:31
================================================================================
[2026-08-30T19:50:16.012+0000] {manager.py:878} INFO - 
================================================================================
DAG File Processing Stats

File Path                            PID    Runtime      # DAGs    # Errors  Last Runtime    Last Run
-----------------------------------  -----  ---------  --------  ----------  --------------  -------------------
/opt/airflow/dags/minio-to-kafka.py                           1           0  1.07s           2026-08-30T19:50:02
================================================================================
[2026-08-30T19:50:46.315+0000] {manager.py:878} INFO - 
================================================================================
DAG File Processing Stats

File Path                            PID    Runtime      # DAGs    # Errors  Last Runtime    Last Run
-----------------------------------  -----  ---------  --------  ----------  --------------  -------------------
/opt/airflow/dags/minio-to-kafka.py                           1           0  1.10s           2026-08-30T19:50:34
================================================================================
[2026-08-30T19:51:16.706+0000] {manager.py:878} INFO - 
================================================================================
DAG File Processing Stats

File Path                            PID    Runtime      # DAGs    # Errors  Last Runtime    Last Run
-----------------------------------  -----  ---------  --------  ----------  --------------  -------------------
/opt/airflow/dags/minio-to-kafka.py                           1           0  1.49s           2026-08-30T19:51:06
================================================================================
[2026-08-30T19:51:46.984+0000] {manager.py:878} INFO - 
================================================================================
DAG File Processing Stats

File Path                            PID    Runtime      # DAGs    # Errors  Last Runtime    Last Run
-----------------------------------  -----  ---------  --------  ----------  --------------  -------------------
/opt/airflow/dags/minio-to-kafka.py                           1           0  1.85s           2026-08-30T19:51:38
================================================================================
[2026-08-30T19:52:17.335+0000] {manager.py:878} INFO - 
================================================================================
DAG File Processing Stats

File Path                            PID    Runtime      # DAGs    # Errors  Last Runtime    Last Run
-----------------------------------  -----  ---------  --------  ----------  --------------  -------------------
/opt/airflow/dags/minio-to-kafka.py                           1           0  1.14s           2026-08-30T19:52:09
================================================================================
[2026-08-30T19:52:47.674+0000] {manager.py:878} INFO - 
================================================================================
DAG File Processing Stats

File Path                            PID    Runtime      # DAGs    # Errors  Last Runtime    Last Run
-----------------------------------  -----  ---------  --------  ----------  --------------  -------------------
/opt/airflow/dags/minio-to-kafka.py                           1           0  0.97s           2026-08-30T19:52:40
================================================================================
[2026-08-30T19:53:17.842+0000] {manager.py:878} INFO - 
================================================================================
DAG File Processing Stats

File Path                            PID    Runtime      # DAGs    # Errors  Last Runtime    Last Run
-----------------------------------  -----  ---------  --------  ----------  --------------  -------------------
/opt/airflow/dags/minio-to-kafka.py                           1           0  1.81s           2026-08-30T19:53:12
================================================================================
[2026-08-30T19:53:48.379+0000] {manager.py:878} INFO - 
================================================================================
DAG File Processing Stats

File Path                            PID    Runtime      # DAGs    # Errors  Last Runtime    Last Run
-----------------------------------  -----  ---------  --------  ----------  --------------  -------------------
/opt/airflow/dags/minio-to-kafka.py                           1           0  1.61s           2026-08-30T19:53:44
================================================================================
[2026-08-30T19:53:52.408+0000] {manager.py:737} INFO - Searching for files in /opt/airflow/dags
[2026-08-30T19:53:52.450+0000] {manager.py:740} INFO - There are 1 files in /opt/airflow/dags
[2026-08-30T19:54:19.205+0000] {manager.py:878} INFO - 
================================================================================
DAG File Processing Stats

File Path                            PID    Runtime      # DAGs    # Errors  Last Runtime    Last Run
-----------------------------------  -----  ---------  --------  ----------  --------------  -------------------
/opt/airflow/dags/minio-to-kafka.py                           1           0  1.07s           2026-08-30T19:54:16
================================================================================
[2026-08-30T19:54:49.606+0000] {manager.py:878} INFO - 
================================================================================
DAG File Processing Stats

File Path                            PID    Runtime      # DAGs    # Errors  Last Runtime    Last Run
-----------------------------------  -----  ---------  --------  ----------  --------------  -------------------
/opt/airflow/dags/minio-to-kafka.py                           1           0  1.40s           2026-08-30T19:54:47
================================================================================
[2026-08-30T19:55:20.226+0000] {manager.py:878} INFO - 
================================================================================
DAG File Processing Stats

File Path                            PID    Runtime      # DAGs    # Errors  Last Runtime    Last Run
-----------------------------------  -----  ---------  --------  ----------  --------------  -------------------
/opt/airflow/dags/minio-to-kafka.py                           1           0  1.23s           2026-08-30T19:55:19
================================================================================
[2026-08-30T19:55:50.530+0000] {manager.py:878} INFO - 
================================================================================
DAG File Processing Stats

File Path                              PID  Runtime      # DAGs    # Errors  Last Runtime    Last Run
-----------------------------------  -----  ---------  --------  ----------  --------------  -------------------
/opt/airflow/dags/minio-to-kafka.py   1166  1.01s             1           0  1.23s           2026-08-30T19:55:19
================================================================================
[2026-08-30T19:56:20.977+0000] {manager.py:878} INFO - 
================================================================================
DAG File Processing Stats

File Path                              PID  Runtime      # DAGs    # Errors  Last Runtime    Last Run
-----------------------------------  -----  ---------  --------  ----------  --------------  -------------------
/opt/airflow/dags/minio-to-kafka.py   1169  0.01s             1           0  1.15s           2026-08-30T19:55:50
================================================================================
[2026-08-30T19:56:51.348+0000] {manager.py:878} INFO - 
================================================================================
DAG File Processing Stats

File Path                            PID    Runtime      # DAGs    # Errors  Last Runtime    Last Run
-----------------------------------  -----  ---------  --------  ----------  --------------  -------------------
/opt/airflow/dags/minio-to-kafka.py                           1           0  1.35s           2026-08-30T19:56:22
================================================================================
[2026-08-30T19:57:21.882+0000] {manager.py:878} INFO - 
================================================================================
DAG File Processing Stats

File Path                            PID    Runtime      # DAGs    # Errors  Last Runtime    Last Run
-----------------------------------  -----  ---------  --------  ----------  --------------  -------------------
/opt/airflow/dags/minio-to-kafka.py                           1           0  1.34s           2026-08-30T19:56:53
================================================================================
[2026-08-30T19:57:51.955+0000] {manager.py:878} INFO - 
================================================================================
DAG File Processing Stats

File Path                            PID    Runtime      # DAGs    # Errors  Last Runtime    Last Run
-----------------------------------  -----  ---------  --------  ----------  --------------  -------------------
/opt/airflow/dags/minio-to-kafka.py                           1           0  1.78s           2026-08-30T19:57:25
================================================================================
[2026-08-30T19:58:22.386+0000] {manager.py:878} INFO - 
================================================================================
DAG File Processing Stats

File Path                            PID    Runtime      # DAGs    # Errors  Last Runtime    Last Run
-----------------------------------  -----  ---------  --------  ----------  --------------  -------------------
/opt/airflow/dags/minio-to-kafka.py                           1           0  1.20s           2026-08-30T19:57:57
================================================================================
[2026-08-30T19:58:52.708+0000] {manager.py:737} INFO - Searching for files in /opt/airflow/dags
[2026-08-30T19:58:52.766+0000] {manager.py:740} INFO - There are 1 files in /opt/airflow/dags
[2026-08-30T19:58:52.800+0000] {manager.py:878} INFO - 
================================================================================
DAG File Processing Stats

File Path                              PID  Runtime      # DAGs    # Errors  Last Runtime    Last Run
-----------------------------------  -----  ---------  --------  ----------  --------------  -------------------
/opt/airflow/dags/minio-to-kafka.py   1184  1.12s             1           0  1.07s           2026-08-30T19:58:28
================================================================================
[2026-08-30T19:59:23.336+0000] {manager.py:878} INFO - 
================================================================================
DAG File Processing Stats

File Path                            PID    Runtime      # DAGs    # Errors  Last Runtime    Last Run
-----------------------------------  -----  ---------  --------  ----------  --------------  -------------------
/opt/airflow/dags/minio-to-kafka.py                           1           0  2.74s           2026-08-30T19:58:54
================================================================================
[2026-08-30T19:59:53.843+0000] {manager.py:878} INFO - 
================================================================================
DAG File Processing Stats

File Path                            PID    Runtime      # DAGs    # Errors  Last Runtime    Last Run
-----------------------------------  -----  ---------  --------  ----------  --------------  -------------------
/opt/airflow/dags/minio-to-kafka.py                           1           0  6.81s           2026-08-30T19:59:32
================================================================================
[2026-08-30T20:00:24.115+0000] {manager.py:878} INFO - 
================================================================================
DAG File Processing Stats

File Path                            PID    Runtime      # DAGs    # Errors  Last Runtime    Last Run
-----------------------------------  -----  ---------  --------  ----------  --------------  -------------------
/opt/airflow/dags/minio-to-kafka.py                           1           0  4.80s           2026-08-30T20:00:07
================================================================================
[2026-08-30T20:00:54.908+0000] {manager.py:878} INFO - 
================================================================================
DAG File Processing Stats

File Path                            PID    Runtime      # DAGs    # Errors  Last Runtime    Last Run
-----------------------------------  -----  ---------  --------  ----------  --------------  -------------------
/opt/airflow/dags/minio-to-kafka.py                           1           0  1.13s           2026-08-30T20:00:38
================================================================================
[2026-08-30T20:01:24.909+0000] {manager.py:878} INFO - 
================================================================================
DAG File Processing Stats

File Path                            PID    Runtime      # DAGs    # Errors  Last Runtime    Last Run
-----------------------------------  -----  ---------  --------  ----------  --------------  -------------------
/opt/airflow/dags/minio-to-kafka.py                           1           0  5.77s           2026-08-30T20:01:14
================================================================================
[2026-08-30T20:01:55.191+0000] {manager.py:878} INFO - 
================================================================================
DAG File Processing Stats

File Path                            PID    Runtime      # DAGs    # Errors  Last Runtime    Last Run
-----------------------------------  -----  ---------  --------  ----------  --------------  -------------------
/opt/airflow/dags/minio-to-kafka.py                           1           0  3.22s           2026-08-30T20:01:48
================================================================================
[2026-08-30T20:02:25.613+0000] {manager.py:878} INFO - 
================================================================================
DAG File Processing Stats

File Path                            PID    Runtime      # DAGs    # Errors  Last Runtime    Last Run
-----------------------------------  -----  ---------  --------  ----------  --------------  -------------------
/opt/airflow/dags/minio-to-kafka.py                           1           0  2.20s           2026-08-30T20:02:20
================================================================================
[2026-08-30T20:02:55.964+0000] {manager.py:878} INFO - 
================================================================================
DAG File Processing Stats

File Path                            PID    Runtime      # DAGs    # Errors  Last Runtime    Last Run
-----------------------------------  -----  ---------  --------  ----------  --------------  -------------------
/opt/airflow/dags/minio-to-kafka.py                           1           0  1.83s           2026-08-30T20:02:52
================================================================================
[2026-08-30T20:03:26.296+0000] {manager.py:878} INFO - 
================================================================================
DAG File Processing Stats

File Path                            PID    Runtime      # DAGs    # Errors  Last Runtime    Last Run
-----------------------------------  -----  ---------  --------  ----------  --------------  -------------------
/opt/airflow/dags/minio-to-kafka.py                           1           0  2.03s           2026-08-30T20:03:25
================================================================================
[2026-08-30T20:03:53.628+0000] {manager.py:737} INFO - Searching for files in /opt/airflow/dags
[2026-08-30T20:03:53.658+0000] {manager.py:740} INFO - There are 1 files in /opt/airflow/dags
[2026-08-30T20:03:56.754+0000] {manager.py:878} INFO - 
================================================================================
DAG File Processing Stats

File Path                              PID  Runtime      # DAGs    # Errors  Last Runtime    Last Run
-----------------------------------  -----  ---------  --------  ----------  --------------  -------------------
/opt/airflow/dags/minio-to-kafka.py   1233  1.02s             1           0  2.03s           2026-08-30T20:03:25
================================================================================
[2026-08-30T20:04:27.069+0000] {manager.py:878} INFO - 
================================================================================
DAG File Processing Stats

File Path                            PID    Runtime      # DAGs    # Errors  Last Runtime    Last Run
-----------------------------------  -----  ---------  --------  ----------  --------------  -------------------
/opt/airflow/dags/minio-to-kafka.py                           1           0  2.20s           2026-08-30T20:03:57
================================================================================
[2026-08-30T20:04:57.550+0000] {manager.py:878} INFO - 
================================================================================
DAG File Processing Stats

File Path                            PID    Runtime      # DAGs    # Errors  Last Runtime    Last Run
-----------------------------------  -----  ---------  --------  ----------  --------------  -------------------
/opt/airflow/dags/minio-to-kafka.py                           1           0  1.28s           2026-08-30T20:04:29
================================================================================
[2026-08-30T20:05:27.731+0000] {manager.py:878} INFO - 
================================================================================
DAG File Processing Stats

File Path                            PID    Runtime      # DAGs    # Errors  Last Runtime    Last Run
-----------------------------------  -----  ---------  --------  ----------  --------------  -------------------
/opt/airflow/dags/minio-to-kafka.py                           1           0  1.88s           2026-08-30T20:05:01
================================================================================
[2026-08-30T20:05:58.168+0000] {manager.py:878} INFO - 
================================================================================
DAG File Processing Stats

File Path                            PID    Runtime      # DAGs    # Errors  Last Runtime    Last Run
-----------------------------------  -----  ---------  --------  ----------  --------------  -------------------
/opt/airflow/dags/minio-to-kafka.py                           1           0  1.55s           2026-08-30T20:05:33
================================================================================
[2026-08-30T20:06:28.171+0000] {manager.py:878} INFO - 
================================================================================
DAG File Processing Stats

File Path                            PID    Runtime      # DAGs    # Errors  Last Runtime    Last Run
-----------------------------------  -----  ---------  --------  ----------  --------------  -------------------
/opt/airflow/dags/minio-to-kafka.py                           1           0  1.18s           2026-08-30T20:06:04
================================================================================
[2026-08-30T20:06:58.428+0000] {manager.py:878} INFO - 
================================================================================
DAG File Processing Stats

File Path                            PID    Runtime      # DAGs    # Errors  Last Runtime    Last Run
-----------------------------------  -----  ---------  --------  ----------  --------------  -------------------
/opt/airflow/dags/minio-to-kafka.py                           1           0  1.06s           2026-08-30T20:06:36
================================================================================
[2026-08-30T20:07:28.836+0000] {manager.py:878} INFO - 
================================================================================
DAG File Processing Stats

File Path                            PID    Runtime      # DAGs    # Errors  Last Runtime    Last Run
-----------------------------------  -----  ---------  --------  ----------  --------------  -------------------
/opt/airflow/dags/minio-to-kafka.py                           1           0  1.14s           2026-08-30T20:07:07
================================================================================
[2026-08-30T20:07:59.299+0000] {manager.py:878} INFO - 
================================================================================
DAG File Processing Stats

File Path                            PID    Runtime      # DAGs    # Errors  Last Runtime    Last Run
-----------------------------------  -----  ---------  --------  ----------  --------------  -------------------
/opt/airflow/dags/minio-to-kafka.py                           1           0  1.18s           2026-08-30T20:07:39
================================================================================
[2026-08-30T20:08:29.632+0000] {manager.py:878} INFO - 
================================================================================
DAG File Processing Stats

File Path                            PID    Runtime      # DAGs    # Errors  Last Runtime    Last Run
-----------------------------------  -----  ---------  --------  ----------  --------------  -------------------
/opt/airflow/dags/minio-to-kafka.py                           1           0  0.96s           2026-08-30T20:08:10
================================================================================
[2026-08-30T20:08:53.905+0000] {manager.py:737} INFO - Searching for files in /opt/airflow/dags
[2026-08-30T20:08:53.935+0000] {manager.py:740} INFO - There are 1 files in /opt/airflow/dags
[2026-08-30T20:09:00.015+0000] {manager.py:878} INFO - 
================================================================================
DAG File Processing Stats

File Path                            PID    Runtime      # DAGs    # Errors  Last Runtime    Last Run
-----------------------------------  -----  ---------  --------  ----------  --------------  -------------------
/opt/airflow/dags/minio-to-kafka.py                           1           0  0.97s           2026-08-30T20:08:41
================================================================================
[2026-08-30T20:09:30.430+0000] {manager.py:878} INFO - 
================================================================================
DAG File Processing Stats

File Path                            PID    Runtime      # DAGs    # Errors  Last Runtime    Last Run
-----------------------------------  -----  ---------  --------  ----------  --------------  -------------------
/opt/airflow/dags/minio-to-kafka.py                           1           0  1.05s           2026-08-30T20:09:13
================================================================================
[2026-08-30T20:10:00.752+0000] {manager.py:878} INFO - 
================================================================================
DAG File Processing Stats

File Path                            PID    Runtime      # DAGs    # Errors  Last Runtime    Last Run
-----------------------------------  -----  ---------  --------  ----------  --------------  -------------------
/opt/airflow/dags/minio-to-kafka.py                           1           0  0.94s           2026-08-30T20:09:44
================================================================================
[2026-08-30T20:10:31.118+0000] {manager.py:878} INFO - 
================================================================================
DAG File Processing Stats

File Path                            PID    Runtime      # DAGs    # Errors  Last Runtime    Last Run
-----------------------------------  -----  ---------  --------  ----------  --------------  -------------------
/opt/airflow/dags/minio-to-kafka.py                           1           0  0.97s           2026-08-30T20:10:15
================================================================================
[2026-08-30T20:11:01.527+0000] {manager.py:878} INFO - 
================================================================================
DAG File Processing Stats

File Path                            PID    Runtime      # DAGs    # Errors  Last Runtime    Last Run
-----------------------------------  -----  ---------  --------  ----------  --------------  -------------------
/opt/airflow/dags/minio-to-kafka.py                           1           0  1.22s           2026-08-30T20:10:47
================================================================================
[2026-08-30T20:11:31.953+0000] {manager.py:878} INFO - 
================================================================================
DAG File Processing Stats

File Path                            PID    Runtime      # DAGs    # Errors  Last Runtime    Last Run
-----------------------------------  -----  ---------  --------  ----------  --------------  -------------------
/opt/airflow/dags/minio-to-kafka.py                           1           0  1.05s           2026-08-30T20:11:18
================================================================================
[2026-08-30T20:12:02.451+0000] {manager.py:878} INFO - 
================================================================================
DAG File Processing Stats

File Path                            PID    Runtime      # DAGs    # Errors  Last Runtime    Last Run
-----------------------------------  -----  ---------  --------  ----------  --------------  -------------------
/opt/airflow/dags/minio-to-kafka.py                           1           0  1.08s           2026-08-30T20:11:50
================================================================================
[2026-08-30T20:12:32.754+0000] {manager.py:878} INFO - 
================================================================================
DAG File Processing Stats

File Path                            PID    Runtime      # DAGs    # Errors  Last Runtime    Last Run
-----------------------------------  -----  ---------  --------  ----------  --------------  -------------------
/opt/airflow/dags/minio-to-kafka.py                           1           0  0.92s           2026-08-30T20:12:21
================================================================================
[2026-08-30T20:13:03.196+0000] {manager.py:878} INFO - 
================================================================================
DAG File Processing Stats

File Path                            PID    Runtime      # DAGs    # Errors  Last Runtime    Last Run
-----------------------------------  -----  ---------  --------  ----------  --------------  -------------------
/opt/airflow/dags/minio-to-kafka.py                           1           0  0.99s           2026-08-30T20:12:53
================================================================================
[2026-08-30T20:13:33.603+0000] {manager.py:878} INFO - 
================================================================================
DAG File Processing Stats

File Path                            PID    Runtime      # DAGs    # Errors  Last Runtime    Last Run
-----------------------------------  -----  ---------  --------  ----------  --------------  -------------------
/opt/airflow/dags/minio-to-kafka.py                           1           0  0.99s           2026-08-30T20:13:24
================================================================================
[2026-08-30T20:13:54.825+0000] {manager.py:737} INFO - Searching for files in /opt/airflow/dags
[2026-08-30T20:13:54.893+0000] {manager.py:740} INFO - There are 1 files in /opt/airflow/dags
[2026-08-30T20:14:04.015+0000] {manager.py:878} INFO - 
================================================================================
DAG File Processing Stats

File Path                            PID    Runtime      # DAGs    # Errors  Last Runtime    Last Run
-----------------------------------  -----  ---------  --------  ----------  --------------  -------------------
/opt/airflow/dags/minio-to-kafka.py                           1           0  1.23s           2026-08-30T20:13:56
================================================================================
[2026-08-30T20:14:34.438+0000] {manager.py:878} INFO - 
================================================================================
DAG File Processing Stats

File Path                            PID    Runtime      # DAGs    # Errors  Last Runtime    Last Run
-----------------------------------  -----  ---------  --------  ----------  --------------  -------------------
/opt/airflow/dags/minio-to-kafka.py                           1           0  1.16s           2026-08-30T20:14:27
================================================================================
[2026-08-30T20:15:04.950+0000] {manager.py:878} INFO - 
================================================================================
DAG File Processing Stats

File Path                            PID    Runtime      # DAGs    # Errors  Last Runtime    Last Run
-----------------------------------  -----  ---------  --------  ----------  --------------  -------------------
/opt/airflow/dags/minio-to-kafka.py                           1           0  1.25s           2026-08-30T20:14:59
================================================================================
[2026-08-30T20:15:35.350+0000] {manager.py:878} INFO - 
================================================================================
DAG File Processing Stats

File Path                            PID    Runtime      # DAGs    # Errors  Last Runtime    Last Run
-----------------------------------  -----  ---------  --------  ----------  --------------  -------------------
/opt/airflow/dags/minio-to-kafka.py                           1           0  1.00s           2026-08-30T20:15:30
================================================================================
[2026-08-30T20:16:05.704+0000] {manager.py:878} INFO - 
================================================================================
DAG File Processing Stats

File Path                            PID    Runtime      # DAGs    # Errors  Last Runtime    Last Run
-----------------------------------  -----  ---------  --------  ----------  --------------  -------------------
/opt/airflow/dags/minio-to-kafka.py                           1           0  0.95s           2026-08-30T20:16:01
================================================================================
[2026-08-30T20:16:36.021+0000] {manager.py:878} INFO - 
================================================================================
DAG File Processing Stats

File Path                            PID    Runtime      # DAGs    # Errors  Last Runtime    Last Run
-----------------------------------  -----  ---------  --------  ----------  --------------  -------------------
/opt/airflow/dags/minio-to-kafka.py                           1           0  1.00s           2026-08-30T20:16:32
================================================================================
[2026-08-30T20:17:06.421+0000] {manager.py:878} INFO - 
================================================================================
DAG File Processing Stats

File Path                            PID    Runtime      # DAGs    # Errors  Last Runtime    Last Run
-----------------------------------  -----  ---------  --------  ----------  --------------  -------------------
/opt/airflow/dags/minio-to-kafka.py                           1           0  1.13s           2026-08-30T20:17:04
================================================================================
[2026-08-30T20:17:36.841+0000] {manager.py:878} INFO - 
================================================================================
DAG File Processing Stats

File Path                            PID    Runtime      # DAGs    # Errors  Last Runtime    Last Run
-----------------------------------  -----  ---------  --------  ----------  --------------  -------------------
/opt/airflow/dags/minio-to-kafka.py                           1           0  1.16s           2026-08-30T20:17:35
================================================================================
[2026-08-30T20:18:07.107+0000] {manager.py:878} INFO - 
================================================================================
DAG File Processing Stats

File Path                              PID  Runtime      # DAGs    # Errors  Last Runtime    Last Run
-----------------------------------  -----  ---------  --------  ----------  --------------  -------------------
/opt/airflow/dags/minio-to-kafka.py   1336  1.01s             1           0  1.16s           2026-08-30T20:17:35
================================================================================
[2026-08-30T20:18:37.389+0000] {manager.py:878} INFO - 
================================================================================
DAG File Processing Stats

File Path                              PID  Runtime      # DAGs    # Errors  Last Runtime    Last Run
-----------------------------------  -----  ---------  --------  ----------  --------------  -------------------
/opt/airflow/dags/minio-to-kafka.py   1339  0.01s             1           0  1.19s           2026-08-30T20:18:07
================================================================================
[2026-08-30T20:18:55.055+0000] {manager.py:737} INFO - Searching for files in /opt/airflow/dags
[2026-08-30T20:18:55.084+0000] {manager.py:740} INFO - There are 1 files in /opt/airflow/dags
[2026-08-30T20:19:07.892+0000] {manager.py:878} INFO - 
================================================================================
DAG File Processing Stats

File Path                            PID    Runtime      # DAGs    # Errors  Last Runtime    Last Run
-----------------------------------  -----  ---------  --------  ----------  --------------  -------------------
/opt/airflow/dags/minio-to-kafka.py                           1           0  1.50s           2026-08-30T20:18:38
================================================================================
[2026-08-30T20:19:38.534+0000] {manager.py:878} INFO - 
================================================================================
DAG File Processing Stats

File Path                            PID    Runtime      # DAGs    # Errors  Last Runtime    Last Run
-----------------------------------  -----  ---------  --------  ----------  --------------  -------------------
/opt/airflow/dags/minio-to-kafka.py                           1           0  2.53s           2026-08-30T20:19:11
================================================================================
[2026-08-30T20:20:08.947+0000] {manager.py:878} INFO - 
================================================================================
DAG File Processing Stats

File Path                            PID    Runtime      # DAGs    # Errors  Last Runtime    Last Run
-----------------------------------  -----  ---------  --------  ----------  --------------  -------------------
/opt/airflow/dags/minio-to-kafka.py                           1           0  1.72s           2026-08-30T20:19:43
================================================================================
[2026-08-30T20:20:39.012+0000] {manager.py:878} INFO - 
================================================================================
DAG File Processing Stats

File Path                            PID    Runtime      # DAGs    # Errors  Last Runtime    Last Run
-----------------------------------  -----  ---------  --------  ----------  --------------  -------------------
/opt/airflow/dags/minio-to-kafka.py                           1           0  1.23s           2026-08-30T20:20:14
================================================================================
[2026-08-30T20:21:09.265+0000] {manager.py:878} INFO - 
================================================================================
DAG File Processing Stats

File Path                            PID    Runtime      # DAGs    # Errors  Last Runtime    Last Run
-----------------------------------  -----  ---------  --------  ----------  --------------  -------------------
/opt/airflow/dags/minio-to-kafka.py                           1           0  1.02s           2026-08-30T20:20:45
================================================================================
[2026-08-30T20:21:39.337+0000] {manager.py:878} INFO - 
================================================================================
DAG File Processing Stats

File Path                            PID    Runtime      # DAGs    # Errors  Last Runtime    Last Run
-----------------------------------  -----  ---------  --------  ----------  --------------  -------------------
/opt/airflow/dags/minio-to-kafka.py                           1           0  1.80s           2026-08-30T20:21:18
================================================================================
[2026-08-30T20:22:09.695+0000] {manager.py:878} INFO - 
================================================================================
DAG File Processing Stats

File Path                            PID    Runtime      # DAGs    # Errors  Last Runtime    Last Run
-----------------------------------  -----  ---------  --------  ----------  --------------  -------------------
/opt/airflow/dags/minio-to-kafka.py                           1           0  1.15s           2026-08-30T20:21:49
================================================================================
[2026-08-30T20:22:40.106+0000] {manager.py:878} INFO - 
================================================================================
DAG File Processing Stats

File Path                            PID    Runtime      # DAGs    # Errors  Last Runtime    Last Run
-----------------------------------  -----  ---------  --------  ----------  --------------  -------------------
/opt/airflow/dags/minio-to-kafka.py                           1           0  1.16s           2026-08-30T20:22:21
================================================================================
[2026-08-30T20:23:10.411+0000] {manager.py:878} INFO - 
================================================================================
DAG File Processing Stats

File Path                            PID    Runtime      # DAGs    # Errors  Last Runtime    Last Run
-----------------------------------  -----  ---------  --------  ----------  --------------  -------------------
/opt/airflow/dags/minio-to-kafka.py                           1           0  1.06s           2026-08-30T20:22:52
================================================================================
[2026-08-30T20:23:40.724+0000] {manager.py:878} INFO - 
================================================================================
DAG File Processing Stats

File Path                            PID    Runtime      # DAGs    # Errors  Last Runtime    Last Run
-----------------------------------  -----  ---------  --------  ----------  --------------  -------------------
/opt/airflow/dags/minio-to-kafka.py                           1           0  1.45s           2026-08-30T20:23:23
================================================================================
[2026-08-30T20:23:55.264+0000] {manager.py:737} INFO - Searching for files in /opt/airflow/dags
[2026-08-30T20:23:55.409+0000] {manager.py:740} INFO - There are 1 files in /opt/airflow/dags
[2026-08-30T20:24:10.892+0000] {manager.py:878} INFO - 
================================================================================
DAG File Processing Stats

File Path                            PID    Runtime      # DAGs    # Errors  Last Runtime    Last Run
-----------------------------------  -----  ---------  --------  ----------  --------------  -------------------
/opt/airflow/dags/minio-to-kafka.py                           1           0  1.49s           2026-08-30T20:23:55
================================================================================
[2026-08-30T20:24:41.202+0000] {manager.py:878} INFO - 
================================================================================
DAG File Processing Stats

File Path                            PID    Runtime      # DAGs    # Errors  Last Runtime    Last Run
-----------------------------------  -----  ---------  --------  ----------  --------------  -------------------
/opt/airflow/dags/minio-to-kafka.py                           1           0  1.26s           2026-08-30T20:24:27
================================================================================
[2026-08-30T20:25:11.529+0000] {manager.py:878} INFO - 
================================================================================
DAG File Processing Stats

File Path                              PID  Runtime      # DAGs    # Errors  Last Runtime    Last Run
-----------------------------------  -----  ---------  --------  ----------  --------------  -------------------
/opt/airflow/dags/minio-to-kafka.py   1384  0.01s             1           0  1.06s           2026-08-30T20:24:58
================================================================================
[2026-08-30T20:25:41.795+0000] {manager.py:878} INFO - 
================================================================================
DAG File Processing Stats

File Path                            PID    Runtime      # DAGs    # Errors  Last Runtime    Last Run
-----------------------------------  -----  ---------  --------  ----------  --------------  -------------------
/opt/airflow/dags/minio-to-kafka.py                           1           0  1.53s           2026-08-30T20:25:13
================================================================================
[2026-08-30T20:26:12.081+0000] {manager.py:878} INFO - 
================================================================================
DAG File Processing Stats

File Path                            PID    Runtime      # DAGs    # Errors  Last Runtime    Last Run
-----------------------------------  -----  ---------  --------  ----------  --------------  -------------------
/opt/airflow/dags/minio-to-kafka.py                           1           0  1.38s           2026-08-30T20:25:44
================================================================================
[2026-08-30T20:26:42.374+0000] {manager.py:878} INFO - 
================================================================================
DAG File Processing Stats

File Path                            PID    Runtime      # DAGs    # Errors  Last Runtime    Last Run
-----------------------------------  -----  ---------  --------  ----------  --------------  -------------------
/opt/airflow/dags/minio-to-kafka.py                           1           0  1.00s           2026-08-30T20:26:16
================================================================================
[2026-08-30T20:27:12.729+0000] {manager.py:878} INFO - 
================================================================================
DAG File Processing Stats

File Path                            PID    Runtime      # DAGs    # Errors  Last Runtime    Last Run
-----------------------------------  -----  ---------  --------  ----------  --------------  -------------------
/opt/airflow/dags/minio-to-kafka.py                           1           0  1.25s           2026-08-30T20:26:47
================================================================================
[2026-08-30T20:27:43.146+0000] {manager.py:878} INFO - 
================================================================================
DAG File Processing Stats

File Path                            PID    Runtime      # DAGs    # Errors  Last Runtime    Last Run
-----------------------------------  -----  ---------  --------  ----------  --------------  -------------------
/opt/airflow/dags/minio-to-kafka.py                           1           0  1.09s           2026-08-30T20:27:18
================================================================================
[2026-08-30T20:28:13.465+0000] {manager.py:878} INFO - 
================================================================================
DAG File Processing Stats

File Path                            PID    Runtime      # DAGs    # Errors  Last Runtime    Last Run
-----------------------------------  -----  ---------  --------  ----------  --------------  -------------------
/opt/airflow/dags/minio-to-kafka.py                           1           0  1.07s           2026-08-30T20:27:50
================================================================================
[2026-08-30T20:28:43.794+0000] {manager.py:878} INFO - 
================================================================================
DAG File Processing Stats

File Path                            PID    Runtime      # DAGs    # Errors  Last Runtime    Last Run
-----------------------------------  -----  ---------  --------  ----------  --------------  -------------------
/opt/airflow/dags/minio-to-kafka.py                           1           0  1.20s           2026-08-30T20:28:21
================================================================================
[2026-08-30T20:28:55.498+0000] {manager.py:737} INFO - Searching for files in /opt/airflow/dags
[2026-08-30T20:28:55.537+0000] {manager.py:740} INFO - There are 1 files in /opt/airflow/dags
[2026-08-30T20:29:13.813+0000] {manager.py:878} INFO - 
================================================================================
DAG File Processing Stats

File Path                            PID    Runtime      # DAGs    # Errors  Last Runtime    Last Run
-----------------------------------  -----  ---------  --------  ----------  --------------  -------------------
/opt/airflow/dags/minio-to-kafka.py                           1           0  1.54s           2026-08-30T20:28:53
================================================================================
[2026-08-30T20:29:44.230+0000] {manager.py:878} INFO - 
================================================================================
DAG File Processing Stats

File Path                            PID    Runtime      # DAGs    # Errors  Last Runtime    Last Run
-----------------------------------  -----  ---------  --------  ----------  --------------  -------------------
/opt/airflow/dags/minio-to-kafka.py                           1           0  1.27s           2026-08-30T20:29:25
================================================================================
[2026-08-30T20:30:14.862+0000] {manager.py:878} INFO - 
================================================================================
DAG File Processing Stats

File Path                            PID    Runtime      # DAGs    # Errors  Last Runtime    Last Run
-----------------------------------  -----  ---------  --------  ----------  --------------  -------------------
/opt/airflow/dags/minio-to-kafka.py                           1           0  3.66s           2026-08-30T20:29:58
================================================================================
[2026-08-30T20:30:45.390+0000] {manager.py:878} INFO - 
================================================================================
DAG File Processing Stats

File Path                            PID    Runtime      # DAGs    # Errors  Last Runtime    Last Run
-----------------------------------  -----  ---------  --------  ----------  --------------  -------------------
/opt/airflow/dags/minio-to-kafka.py                           1           0  1.43s           2026-08-30T20:30:30
================================================================================
[2026-08-30T20:31:15.626+0000] {manager.py:878} INFO - 
================================================================================
DAG File Processing Stats

File Path                            PID    Runtime      # DAGs    # Errors  Last Runtime    Last Run
-----------------------------------  -----  ---------  --------  ----------  --------------  -------------------
/opt/airflow/dags/minio-to-kafka.py                           1           0  1.79s           2026-08-30T20:31:02
================================================================================
[2026-08-30T20:31:46.158+0000] {manager.py:878} INFO - 
================================================================================
DAG File Processing Stats

File Path                            PID    Runtime      # DAGs    # Errors  Last Runtime    Last Run
-----------------------------------  -----  ---------  --------  ----------  --------------  -------------------
/opt/airflow/dags/minio-to-kafka.py                           1           0  1.26s           2026-08-30T20:31:34
================================================================================
[2026-08-30T20:32:16.507+0000] {manager.py:878} INFO - 
================================================================================
DAG File Processing Stats

File Path                            PID    Runtime      # DAGs    # Errors  Last Runtime    Last Run
-----------------------------------  -----  ---------  --------  ----------  --------------  -------------------
/opt/airflow/dags/minio-to-kafka.py                           1           0  1.58s           2026-08-30T20:32:05
================================================================================
[2026-08-30T20:32:46.511+0000] {manager.py:878} INFO - 
================================================================================
DAG File Processing Stats

File Path                            PID    Runtime      # DAGs    # Errors  Last Runtime    Last Run
-----------------------------------  -----  ---------  --------  ----------  --------------  -------------------
/opt/airflow/dags/minio-to-kafka.py                           1           0  1.11s           2026-08-30T20:32:37
================================================================================
[2026-08-30T20:33:16.874+0000] {manager.py:878} INFO - 
================================================================================
DAG File Processing Stats

File Path                            PID    Runtime      # DAGs    # Errors  Last Runtime    Last Run
-----------------------------------  -----  ---------  --------  ----------  --------------  -------------------
/opt/airflow/dags/minio-to-kafka.py                           1           0  1.02s           2026-08-30T20:33:08
================================================================================
[2026-08-30T20:33:47.274+0000] {manager.py:878} INFO - 
================================================================================
DAG File Processing Stats

File Path                            PID    Runtime      # DAGs    # Errors  Last Runtime    Last Run
-----------------------------------  -----  ---------  --------  ----------  --------------  -------------------
/opt/airflow/dags/minio-to-kafka.py                           1           0  1.59s           2026-08-30T20:33:40
================================================================================
[2026-08-30T20:33:55.940+0000] {manager.py:737} INFO - Searching for files in /opt/airflow/dags
[2026-08-30T20:33:56.003+0000] {manager.py:740} INFO - There are 1 files in /opt/airflow/dags
[2026-08-30T20:34:17.296+0000] {manager.py:878} INFO - 
================================================================================
DAG File Processing Stats

File Path                            PID    Runtime      # DAGs    # Errors  Last Runtime    Last Run
-----------------------------------  -----  ---------  --------  ----------  --------------  -------------------
/opt/airflow/dags/minio-to-kafka.py                           1           0  1.06s           2026-08-30T20:34:12
================================================================================
[2026-08-30T20:34:47.703+0000] {manager.py:878} INFO - 
================================================================================
DAG File Processing Stats

File Path                            PID    Runtime      # DAGs    # Errors  Last Runtime    Last Run
-----------------------------------  -----  ---------  --------  ----------  --------------  -------------------
/opt/airflow/dags/minio-to-kafka.py                           1           0  1.26s           2026-08-30T20:34:43
================================================================================
[2026-08-30T20:35:18.049+0000] {manager.py:878} INFO - 
================================================================================
DAG File Processing Stats

File Path                            PID    Runtime      # DAGs    # Errors  Last Runtime    Last Run
-----------------------------------  -----  ---------  --------  ----------  --------------  -------------------
/opt/airflow/dags/minio-to-kafka.py                           1           0  0.96s           2026-08-30T20:35:15
================================================================================
[2026-08-30T20:35:48.429+0000] {manager.py:878} INFO - 
================================================================================
DAG File Processing Stats

File Path                            PID    Runtime      # DAGs    # Errors  Last Runtime    Last Run
-----------------------------------  -----  ---------  --------  ----------  --------------  -------------------
/opt/airflow/dags/minio-to-kafka.py                           1           0  0.98s           2026-08-30T20:35:46
================================================================================
[2026-08-30T20:36:18.847+0000] {manager.py:878} INFO - 
================================================================================
DAG File Processing Stats

File Path                            PID    Runtime      # DAGs    # Errors  Last Runtime    Last Run
-----------------------------------  -----  ---------  --------  ----------  --------------  -------------------
/opt/airflow/dags/minio-to-kafka.py                           1           0  1.15s           2026-08-30T20:36:17
================================================================================
[2026-08-30T20:36:49.286+0000] {manager.py:878} INFO - 
================================================================================
DAG File Processing Stats

File Path                              PID  Runtime      # DAGs    # Errors  Last Runtime    Last Run
-----------------------------------  -----  ---------  --------  ----------  --------------  -------------------
/opt/airflow/dags/minio-to-kafka.py   1472  1.02s             1           0  1.15s           2026-08-30T20:36:17
================================================================================
[2026-08-30T20:37:19.698+0000] {manager.py:878} INFO - 
================================================================================
DAG File Processing Stats

File Path                              PID  Runtime      # DAGs    # Errors  Last Runtime    Last Run
-----------------------------------  -----  ---------  --------  ----------  --------------  -------------------
/opt/airflow/dags/minio-to-kafka.py   1475  0.02s             1           0  1.04s           2026-08-30T20:36:49
================================================================================
[2026-08-30T20:37:50.059+0000] {manager.py:878} INFO - 
================================================================================
DAG File Processing Stats

File Path                            PID    Runtime      # DAGs    # Errors  Last Runtime    Last Run
-----------------------------------  -----  ---------  --------  ----------  --------------  -------------------
/opt/airflow/dags/minio-to-kafka.py                           1           0  1.01s           2026-08-30T20:37:20
================================================================================
[2026-08-30T20:38:20.379+0000] {manager.py:878} INFO - 
================================================================================
DAG File Processing Stats

File Path                            PID    Runtime      # DAGs    # Errors  Last Runtime    Last Run
-----------------------------------  -----  ---------  --------  ----------  --------------  -------------------
/opt/airflow/dags/minio-to-kafka.py                           1           0  0.97s           2026-08-30T20:37:52
================================================================================
[2026-08-30T20:38:51.050+0000] {manager.py:878} INFO - 
================================================================================
DAG File Processing Stats

File Path                            PID    Runtime      # DAGs    # Errors  Last Runtime    Last Run
-----------------------------------  -----  ---------  --------  ----------  --------------  -------------------
/opt/airflow/dags/minio-to-kafka.py                           1           0  1.04s           2026-08-30T20:38:23
================================================================================
[2026-08-30T20:38:56.098+0000] {manager.py:737} INFO - Searching for files in /opt/airflow/dags
[2026-08-30T20:38:56.167+0000] {manager.py:740} INFO - There are 1 files in /opt/airflow/dags
[2026-08-30T20:39:21.444+0000] {manager.py:878} INFO - 
================================================================================
DAG File Processing Stats

File Path                            PID    Runtime      # DAGs    # Errors  Last Runtime    Last Run
-----------------------------------  -----  ---------  --------  ----------  --------------  -------------------
/opt/airflow/dags/minio-to-kafka.py                           1           0  0.99s           2026-08-30T20:38:55
================================================================================
[2026-08-30T20:39:51.806+0000] {manager.py:878} INFO - 
================================================================================
DAG File Processing Stats

File Path                            PID    Runtime      # DAGs    # Errors  Last Runtime    Last Run
-----------------------------------  -----  ---------  --------  ----------  --------------  -------------------
/opt/airflow/dags/minio-to-kafka.py                           1           0  1.01s           2026-08-30T20:39:26
================================================================================
[2026-08-30T20:40:22.231+0000] {manager.py:878} INFO - 
================================================================================
DAG File Processing Stats

File Path                            PID    Runtime      # DAGs    # Errors  Last Runtime    Last Run
-----------------------------------  -----  ---------  --------  ----------  --------------  -------------------
/opt/airflow/dags/minio-to-kafka.py                           1           0  1.07s           2026-08-30T20:39:57
================================================================================
[2026-08-30T20:40:52.603+0000] {manager.py:878} INFO - 
================================================================================
DAG File Processing Stats

File Path                            PID    Runtime      # DAGs    # Errors  Last Runtime    Last Run
-----------------------------------  -----  ---------  --------  ----------  --------------  -------------------
/opt/airflow/dags/minio-to-kafka.py                           1           0  0.97s           2026-08-30T20:40:29
================================================================================
[2026-08-30T20:41:23.017+0000] {manager.py:878} INFO - 
================================================================================
DAG File Processing Stats

File Path                            PID    Runtime      # DAGs    # Errors  Last Runtime    Last Run
-----------------------------------  -----  ---------  --------  ----------  --------------  -------------------
/opt/airflow/dags/minio-to-kafka.py                           1           0  1.01s           2026-08-30T20:41:00
================================================================================
[2026-08-30T20:41:53.378+0000] {manager.py:878} INFO - 
================================================================================
DAG File Processing Stats

File Path                            PID    Runtime      # DAGs    # Errors  Last Runtime    Last Run
-----------------------------------  -----  ---------  --------  ----------  --------------  -------------------
/opt/airflow/dags/minio-to-kafka.py                           1           0  0.94s           2026-08-30T20:41:32
================================================================================
[2026-08-30T20:42:23.778+0000] {manager.py:878} INFO - 
================================================================================
DAG File Processing Stats

File Path                            PID    Runtime      # DAGs    # Errors  Last Runtime    Last Run
-----------------------------------  -----  ---------  --------  ----------  --------------  -------------------
/opt/airflow/dags/minio-to-kafka.py                           1           0  0.96s           2026-08-30T20:42:03
================================================================================
[2026-08-30T20:42:54.180+0000] {manager.py:878} INFO - 
================================================================================
DAG File Processing Stats

File Path                            PID    Runtime      # DAGs    # Errors  Last Runtime    Last Run
-----------------------------------  -----  ---------  --------  ----------  --------------  -------------------
/opt/airflow/dags/minio-to-kafka.py                           1           0  0.97s           2026-08-30T20:42:34
================================================================================
[2026-08-30T20:43:24.575+0000] {manager.py:878} INFO - 
================================================================================
DAG File Processing Stats

File Path                            PID    Runtime      # DAGs    # Errors  Last Runtime    Last Run
-----------------------------------  -----  ---------  --------  ----------  --------------  -------------------
/opt/airflow/dags/minio-to-kafka.py                           1           0  0.93s           2026-08-30T20:43:06
================================================================================
[2026-08-30T20:43:55.009+0000] {manager.py:878} INFO - 
================================================================================
DAG File Processing Stats

File Path                            PID    Runtime      # DAGs    # Errors  Last Runtime    Last Run
-----------------------------------  -----  ---------  --------  ----------  --------------  -------------------
/opt/airflow/dags/minio-to-kafka.py                           1           0  1.01s           2026-08-30T20:43:37
================================================================================
[2026-08-30T20:43:57.029+0000] {manager.py:737} INFO - Searching for files in /opt/airflow/dags
[2026-08-30T20:43:57.092+0000] {manager.py:740} INFO - There are 1 files in /opt/airflow/dags
[2026-08-30T20:44:25.463+0000] {manager.py:878} INFO - 
================================================================================
DAG File Processing Stats

File Path                            PID    Runtime      # DAGs    # Errors  Last Runtime    Last Run
-----------------------------------  -----  ---------  --------  ----------  --------------  -------------------
/opt/airflow/dags/minio-to-kafka.py                           1           0  0.99s           2026-08-30T20:44:09
================================================================================
[2026-08-30T20:44:55.612+0000] {manager.py:878} INFO - 
================================================================================
DAG File Processing Stats

File Path                            PID    Runtime      # DAGs    # Errors  Last Runtime    Last Run
-----------------------------------  -----  ---------  --------  ----------  --------------  -------------------
/opt/airflow/dags/minio-to-kafka.py                           1           0  1.88s           2026-08-30T20:44:41
================================================================================
[2026-08-30T20:45:25.918+0000] {manager.py:878} INFO - 
================================================================================
DAG File Processing Stats

File Path                            PID    Runtime      # DAGs    # Errors  Last Runtime    Last Run
-----------------------------------  -----  ---------  --------  ----------  --------------  -------------------
/opt/airflow/dags/minio-to-kafka.py                           1           0  1.04s           2026-08-30T20:45:12
================================================================================
[2026-08-30T20:45:56.169+0000] {manager.py:878} INFO - 
================================================================================
DAG File Processing Stats

File Path                            PID    Runtime      # DAGs    # Errors  Last Runtime    Last Run
-----------------------------------  -----  ---------  --------  ----------  --------------  -------------------
/opt/airflow/dags/minio-to-kafka.py                           1           0  1.09s           2026-08-30T20:45:44
================================================================================
[2026-08-30T20:46:26.506+0000] {manager.py:878} INFO - 
================================================================================
DAG File Processing Stats

File Path                            PID    Runtime      # DAGs    # Errors  Last Runtime    Last Run
-----------------------------------  -----  ---------  --------  ----------  --------------  -------------------
/opt/airflow/dags/minio-to-kafka.py                           1           0  1.26s           2026-08-30T20:46:15
================================================================================
[2026-08-30T20:46:56.851+0000] {manager.py:878} INFO - 
================================================================================
DAG File Processing Stats

File Path                            PID    Runtime      # DAGs    # Errors  Last Runtime    Last Run
-----------------------------------  -----  ---------  --------  ----------  --------------  -------------------
/opt/airflow/dags/minio-to-kafka.py                           1           0  2.16s           2026-08-30T20:46:35
================================================================================
[2026-08-30T20:47:27.161+0000] {manager.py:878} INFO - 
================================================================================
DAG File Processing Stats

File Path                            PID    Runtime      # DAGs    # Errors  Last Runtime    Last Run
-----------------------------------  -----  ---------  --------  ----------  --------------  -------------------
/opt/airflow/dags/minio-to-kafka.py                           1           0  1.02s           2026-08-30T20:47:15
================================================================================
[2026-08-30T20:47:57.496+0000] {manager.py:878} INFO - 
================================================================================
DAG File Processing Stats

File Path                            PID    Runtime      # DAGs    # Errors  Last Runtime    Last Run
-----------------------------------  -----  ---------  --------  ----------  --------------  -------------------
/opt/airflow/dags/minio-to-kafka.py                           1           0  0.98s           2026-08-30T20:47:46
================================================================================
[2026-08-30T20:48:27.750+0000] {manager.py:878} INFO - 
================================================================================
DAG File Processing Stats

File Path                            PID    Runtime      # DAGs    # Errors  Last Runtime    Last Run
-----------------------------------  -----  ---------  --------  ----------  --------------  -------------------
/opt/airflow/dags/minio-to-kafka.py                           1           0  1.39s           2026-08-30T20:48:18
================================================================================
[2026-08-30T20:48:57.482+0000] {manager.py:737} INFO - Searching for files in /opt/airflow/dags
[2026-08-30T20:48:57.560+0000] {manager.py:740} INFO - There are 1 files in /opt/airflow/dags
[2026-08-30T20:48:58.583+0000] {manager.py:878} INFO - 
================================================================================
DAG File Processing Stats

File Path                            PID    Runtime      # DAGs    # Errors  Last Runtime    Last Run
-----------------------------------  -----  ---------  --------  ----------  --------------  -------------------
/opt/airflow/dags/minio-to-kafka.py                           1           0  1.07s           2026-08-30T20:48:49
================================================================================
[2026-08-30T20:49:28.944+0000] {manager.py:878} INFO - 
================================================================================
DAG File Processing Stats

File Path                            PID    Runtime      # DAGs    # Errors  Last Runtime    Last Run
-----------------------------------  -----  ---------  --------  ----------  --------------  -------------------
/opt/airflow/dags/minio-to-kafka.py                           1           0  1.45s           2026-08-30T20:49:21
================================================================================
[2026-08-30T20:49:59.776+0000] {manager.py:878} INFO - 
================================================================================
DAG File Processing Stats

File Path                            PID    Runtime      # DAGs    # Errors  Last Runtime    Last Run
-----------------------------------  -----  ---------  --------  ----------  --------------  -------------------
/opt/airflow/dags/minio-to-kafka.py                           1           0  1.02s           2026-08-30T20:49:52
================================================================================
[2026-08-30T20:50:30.079+0000] {manager.py:878} INFO - 
================================================================================
DAG File Processing Stats

File Path                            PID    Runtime      # DAGs    # Errors  Last Runtime    Last Run
-----------------------------------  -----  ---------  --------  ----------  --------------  -------------------
/opt/airflow/dags/minio-to-kafka.py                           1           0  1.24s           2026-08-30T20:50:24
================================================================================
[2026-08-30T20:51:00.460+0000] {manager.py:878} INFO - 
================================================================================
DAG File Processing Stats

File Path                            PID    Runtime      # DAGs    # Errors  Last Runtime    Last Run
-----------------------------------  -----  ---------  --------  ----------  --------------  -------------------
/opt/airflow/dags/minio-to-kafka.py                           1           0  1.01s           2026-08-30T20:50:55
================================================================================
[2026-08-30T20:51:31.030+0000] {manager.py:878} INFO - 
================================================================================
DAG File Processing Stats

File Path                            PID    Runtime      # DAGs    # Errors  Last Runtime    Last Run
-----------------------------------  -----  ---------  --------  ----------  --------------  -------------------
/opt/airflow/dags/minio-to-kafka.py                           1           0  1.20s           2026-08-30T20:51:27
================================================================================
[2026-08-30T20:52:01.477+0000] {manager.py:878} INFO - 
================================================================================
DAG File Processing Stats

File Path                            PID    Runtime      # DAGs    # Errors  Last Runtime    Last Run
-----------------------------------  -----  ---------  --------  ----------  --------------  -------------------
/opt/airflow/dags/minio-to-kafka.py                           1           0  1.60s           2026-08-30T20:51:58
================================================================================
[2026-08-30T20:52:31.814+0000] {manager.py:878} INFO - 
================================================================================
DAG File Processing Stats

File Path                            PID    Runtime      # DAGs    # Errors  Last Runtime    Last Run
-----------------------------------  -----  ---------  --------  ----------  --------------  -------------------
/opt/airflow/dags/minio-to-kafka.py                           1           0  1.38s           2026-08-30T20:52:30
================================================================================
[2026-08-30T20:53:01.883+0000] {manager.py:878} INFO - 
================================================================================
DAG File Processing Stats

File Path                              PID  Runtime      # DAGs    # Errors  Last Runtime    Last Run
-----------------------------------  -----  ---------  --------  ----------  --------------  -------------------
/opt/airflow/dags/minio-to-kafka.py   1608  1.02s             1           0  1.38s           2026-08-30T20:52:30
================================================================================
[2026-08-30T20:53:32.233+0000] {manager.py:878} INFO - 
================================================================================
DAG File Processing Stats

File Path                              PID  Runtime      # DAGs    # Errors  Last Runtime    Last Run
-----------------------------------  -----  ---------  --------  ----------  --------------  -------------------
/opt/airflow/dags/minio-to-kafka.py   1611  0.01s             1           0  1.21s           2026-08-30T20:53:02
================================================================================
[2026-08-30T20:53:57.523+0000] {manager.py:737} INFO - Searching for files in /opt/airflow/dags
[2026-08-30T20:53:57.576+0000] {manager.py:740} INFO - There are 1 files in /opt/airflow/dags
[2026-08-30T20:54:02.688+0000] {manager.py:878} INFO - 
================================================================================
DAG File Processing Stats

File Path                            PID    Runtime      # DAGs    # Errors  Last Runtime    Last Run
-----------------------------------  -----  ---------  --------  ----------  --------------  -------------------
/opt/airflow/dags/minio-to-kafka.py                           1           0  1.18s           2026-08-30T20:53:33
================================================================================
[2026-08-30T20:54:33.216+0000] {manager.py:878} INFO - 
================================================================================
DAG File Processing Stats

File Path                            PID    Runtime      # DAGs    # Errors  Last Runtime    Last Run
-----------------------------------  -----  ---------  --------  ----------  --------------  -------------------
/opt/airflow/dags/minio-to-kafka.py                           1           0  1.36s           2026-08-30T20:54:05
================================================================================
[2026-08-30T20:55:03.805+0000] {manager.py:878} INFO - 
================================================================================
DAG File Processing Stats

File Path                            PID    Runtime      # DAGs    # Errors  Last Runtime    Last Run
-----------------------------------  -----  ---------  --------  ----------  --------------  -------------------
/opt/airflow/dags/minio-to-kafka.py                           1           0  1.24s           2026-08-30T20:54:36
================================================================================
[2026-08-30T20:55:34.096+0000] {manager.py:878} INFO - 
================================================================================
DAG File Processing Stats

File Path                            PID    Runtime      # DAGs    # Errors  Last Runtime    Last Run
-----------------------------------  -----  ---------  --------  ----------  --------------  -------------------
/opt/airflow/dags/minio-to-kafka.py                           1           0  0.98s           2026-08-30T20:55:07
================================================================================
[2026-08-30T20:56:04.486+0000] {manager.py:878} INFO - 
================================================================================
DAG File Processing Stats

File Path                            PID    Runtime      # DAGs    # Errors  Last Runtime    Last Run
-----------------------------------  -----  ---------  --------  ----------  --------------  -------------------
/opt/airflow/dags/minio-to-kafka.py                           1           0  1.31s           2026-08-30T20:55:39
================================================================================
[2026-08-30T20:56:34.893+0000] {manager.py:878} INFO - 
================================================================================
DAG File Processing Stats

File Path                            PID    Runtime      # DAGs    # Errors  Last Runtime    Last Run
-----------------------------------  -----  ---------  --------  ----------  --------------  -------------------
/opt/airflow/dags/minio-to-kafka.py                           1           0  1.12s           2026-08-30T20:56:10
================================================================================
[2026-08-30T20:57:05.233+0000] {manager.py:878} INFO - 
================================================================================
DAG File Processing Stats

File Path                            PID    Runtime      # DAGs    # Errors  Last Runtime    Last Run
-----------------------------------  -----  ---------  --------  ----------  --------------  -------------------
/opt/airflow/dags/minio-to-kafka.py                           1           0  1.04s           2026-08-30T20:56:42
================================================================================
[2026-08-30T20:57:35.657+0000] {manager.py:878} INFO - 
================================================================================
DAG File Processing Stats

File Path                            PID    Runtime      # DAGs    # Errors  Last Runtime    Last Run
-----------------------------------  -----  ---------  --------  ----------  --------------  -------------------
/opt/airflow/dags/minio-to-kafka.py                           1           0  1.05s           2026-08-30T20:57:13
================================================================================
[2026-08-30T20:58:06.109+0000] {manager.py:878} INFO - 
================================================================================
DAG File Processing Stats

File Path                            PID    Runtime      # DAGs    # Errors  Last Runtime    Last Run
-----------------------------------  -----  ---------  --------  ----------  --------------  -------------------
/opt/airflow/dags/minio-to-kafka.py                           1           0  1.21s           2026-08-30T20:57:45
================================================================================
[2026-08-30T20:58:36.500+0000] {manager.py:878} INFO - 
================================================================================
DAG File Processing Stats

File Path                            PID    Runtime      # DAGs    # Errors  Last Runtime    Last Run
-----------------------------------  -----  ---------  --------  ----------  --------------  -------------------
/opt/airflow/dags/minio-to-kafka.py                           1           0  0.99s           2026-08-30T20:58:16
================================================================================
[2026-08-30T20:58:57.803+0000] {manager.py:737} INFO - Searching for files in /opt/airflow/dags
[2026-08-30T20:58:57.850+0000] {manager.py:740} INFO - There are 1 files in /opt/airflow/dags
[2026-08-30T20:59:06.985+0000] {manager.py:878} INFO - 
================================================================================
DAG File Processing Stats

File Path                            PID    Runtime      # DAGs    # Errors  Last Runtime    Last Run
-----------------------------------  -----  ---------  --------  ----------  --------------  -------------------
/opt/airflow/dags/minio-to-kafka.py                           1           0  1.02s           2026-08-30T20:58:47
================================================================================
[2026-08-30T20:59:37.476+0000] {manager.py:878} INFO - 
================================================================================
DAG File Processing Stats

File Path                            PID    Runtime      # DAGs    # Errors  Last Runtime    Last Run
-----------------------------------  -----  ---------  --------  ----------  --------------  -------------------
/opt/airflow/dags/minio-to-kafka.py                           1           0  1.14s           2026-08-30T20:59:19
================================================================================
[2026-08-30T21:00:07.816+0000] {manager.py:878} INFO - 
================================================================================
DAG File Processing Stats

File Path                            PID    Runtime      # DAGs    # Errors  Last Runtime    Last Run
-----------------------------------  -----  ---------  --------  ----------  --------------  -------------------
/opt/airflow/dags/minio-to-kafka.py                           1           0  1.07s           2026-08-30T20:59:50
================================================================================
[2026-08-30T21:00:38.199+0000] {manager.py:878} INFO - 
================================================================================
DAG File Processing Stats

File Path                            PID    Runtime      # DAGs    # Errors  Last Runtime    Last Run
-----------------------------------  -----  ---------  --------  ----------  --------------  -------------------
/opt/airflow/dags/minio-to-kafka.py                           1           0  1.16s           2026-08-30T21:00:22
================================================================================
[2026-08-30T21:01:08.549+0000] {manager.py:878} INFO - 
================================================================================
DAG File Processing Stats

File Path                            PID    Runtime      # DAGs    # Errors  Last Runtime    Last Run
-----------------------------------  -----  ---------  --------  ----------  --------------  -------------------
/opt/airflow/dags/minio-to-kafka.py                           1           0  1.02s           2026-08-30T21:00:53
================================================================================
[2026-08-30T21:01:38.968+0000] {manager.py:878} INFO - 
================================================================================
DAG File Processing Stats

File Path                            PID    Runtime      # DAGs    # Errors  Last Runtime    Last Run
-----------------------------------  -----  ---------  --------  ----------  --------------  -------------------
/opt/airflow/dags/minio-to-kafka.py                           1           0  1.48s           2026-08-30T21:01:25
================================================================================
[2026-08-30T21:02:09.695+0000] {manager.py:878} INFO - 
================================================================================
DAG File Processing Stats

File Path                            PID    Runtime      # DAGs    # Errors  Last Runtime    Last Run
-----------------------------------  -----  ---------  --------  ----------  --------------  -------------------
/opt/airflow/dags/minio-to-kafka.py                           1           0  1.15s           2026-08-30T21:01:56
================================================================================
[2026-08-30T21:02:39.955+0000] {manager.py:878} INFO - 
================================================================================
DAG File Processing Stats

File Path                            PID    Runtime      # DAGs    # Errors  Last Runtime    Last Run
-----------------------------------  -----  ---------  --------  ----------  --------------  -------------------
/opt/airflow/dags/minio-to-kafka.py                           1           0  0.99s           2026-08-30T21:02:27
================================================================================
[2026-08-30T21:03:10.353+0000] {manager.py:878} INFO - 
================================================================================
DAG File Processing Stats

File Path                            PID    Runtime      # DAGs    # Errors  Last Runtime    Last Run
-----------------------------------  -----  ---------  --------  ----------  --------------  -------------------
/opt/airflow/dags/minio-to-kafka.py                           1           0  2.09s           2026-08-30T21:03:00
================================================================================
[2026-08-30T21:03:40.729+0000] {manager.py:878} INFO - 
================================================================================
DAG File Processing Stats

File Path                            PID    Runtime      # DAGs    # Errors  Last Runtime    Last Run
-----------------------------------  -----  ---------  --------  ----------  --------------  -------------------
/opt/airflow/dags/minio-to-kafka.py                           1           0  1.09s           2026-08-30T21:03:31
================================================================================
[2026-08-30T21:03:57.914+0000] {manager.py:737} INFO - Searching for files in /opt/airflow/dags
[2026-08-30T21:03:57.968+0000] {manager.py:740} INFO - There are 1 files in /opt/airflow/dags
[2026-08-30T21:04:11.124+0000] {manager.py:878} INFO - 
================================================================================
DAG File Processing Stats

File Path                            PID    Runtime      # DAGs    # Errors  Last Runtime    Last Run
-----------------------------------  -----  ---------  --------  ----------  --------------  -------------------
/opt/airflow/dags/minio-to-kafka.py                           1           0  1.04s           2026-08-30T21:04:03
================================================================================
[2026-08-30T21:04:41.424+0000] {manager.py:878} INFO - 
================================================================================
DAG File Processing Stats

File Path                            PID    Runtime      # DAGs    # Errors  Last Runtime    Last Run
-----------------------------------  -----  ---------  --------  ----------  --------------  -------------------
/opt/airflow/dags/minio-to-kafka.py                           1           0  1.11s           2026-08-30T21:04:34
================================================================================
[2026-08-30T21:05:11.758+0000] {manager.py:878} INFO - 
================================================================================
DAG File Processing Stats

File Path                            PID    Runtime      # DAGs    # Errors  Last Runtime    Last Run
-----------------------------------  -----  ---------  --------  ----------  --------------  -------------------
/opt/airflow/dags/minio-to-kafka.py                           1           0  1.10s           2026-08-30T21:05:05
================================================================================
[2026-08-30T21:05:42.022+0000] {manager.py:878} INFO - 
================================================================================
DAG File Processing Stats

File Path                            PID    Runtime      # DAGs    # Errors  Last Runtime    Last Run
-----------------------------------  -----  ---------  --------  ----------  --------------  -------------------
/opt/airflow/dags/minio-to-kafka.py                           1           0  1.96s           2026-08-30T21:05:37
================================================================================
[2026-08-30T21:06:12.301+0000] {manager.py:878} INFO - 
================================================================================
DAG File Processing Stats

File Path                            PID    Runtime      # DAGs    # Errors  Last Runtime    Last Run
-----------------------------------  -----  ---------  --------  ----------  --------------  -------------------
/opt/airflow/dags/minio-to-kafka.py                           1           0  1.26s           2026-08-30T21:06:09
================================================================================
[2026-08-30T21:06:42.839+0000] {manager.py:878} INFO - 
================================================================================
DAG File Processing Stats

File Path                            PID    Runtime      # DAGs    # Errors  Last Runtime    Last Run
-----------------------------------  -----  ---------  --------  ----------  --------------  -------------------
/opt/airflow/dags/minio-to-kafka.py                           1           0  1.36s           2026-08-30T21:06:41
================================================================================
[2026-08-30T21:07:13.441+0000] {manager.py:878} INFO - 
================================================================================
DAG File Processing Stats

File Path                            PID    Runtime      # DAGs    # Errors  Last Runtime    Last Run
-----------------------------------  -----  ---------  --------  ----------  --------------  -------------------
/opt/airflow/dags/minio-to-kafka.py                           1           0  1.06s           2026-08-30T21:07:12
================================================================================
[2026-08-30T21:07:43.802+0000] {manager.py:878} INFO - 
================================================================================
DAG File Processing Stats

File Path                              PID  Runtime      # DAGs    # Errors  Last Runtime    Last Run
-----------------------------------  -----  ---------  --------  ----------  --------------  -------------------
/opt/airflow/dags/minio-to-kafka.py   1767  1.02s             1           0  1.06s           2026-08-30T21:07:12
================================================================================
[2026-08-30T21:08:14.153+0000] {manager.py:878} INFO - 
================================================================================
DAG File Processing Stats

File Path                              PID  Runtime      # DAGs    # Errors  Last Runtime    Last Run
-----------------------------------  -----  ---------  --------  ----------  --------------  -------------------
/opt/airflow/dags/minio-to-kafka.py   1770  0.01s             1           0  1.09s           2026-08-30T21:07:43
================================================================================
[2026-08-30T21:08:44.476+0000] {manager.py:878} INFO - 
================================================================================
DAG File Processing Stats

File Path                            PID    Runtime      # DAGs    # Errors  Last Runtime    Last Run
-----------------------------------  -----  ---------  --------  ----------  --------------  -------------------
/opt/airflow/dags/minio-to-kafka.py                           1           0  1.11s           2026-08-30T21:08:15
================================================================================
[2026-08-30T21:08:58.658+0000] {manager.py:737} INFO - Searching for files in /opt/airflow/dags
[2026-08-30T21:08:58.702+0000] {manager.py:740} INFO - There are 1 files in /opt/airflow/dags
[2026-08-30T21:09:14.925+0000] {manager.py:878} INFO - 
================================================================================
DAG File Processing Stats

File Path                            PID    Runtime      # DAGs    # Errors  Last Runtime    Last Run
-----------------------------------  -----  ---------  --------  ----------  --------------  -------------------
/opt/airflow/dags/minio-to-kafka.py                           1           0  1.14s           2026-08-30T21:08:46
================================================================================
[2026-08-30T21:09:45.282+0000] {manager.py:878} INFO - 
================================================================================
DAG File Processing Stats

File Path                            PID    Runtime      # DAGs    # Errors  Last Runtime    Last Run
-----------------------------------  -----  ---------  --------  ----------  --------------  -------------------
/opt/airflow/dags/minio-to-kafka.py                           1           0  1.03s           2026-08-30T21:09:18
================================================================================
[2026-08-30T21:10:15.526+0000] {manager.py:878} INFO - 
================================================================================
DAG File Processing Stats

File Path                            PID    Runtime      # DAGs    # Errors  Last Runtime    Last Run
-----------------------------------  -----  ---------  --------  ----------  --------------  -------------------
/opt/airflow/dags/minio-to-kafka.py                           1           0  1.17s           2026-08-30T21:09:49
================================================================================
[2026-08-30T21:10:45.837+0000] {manager.py:878} INFO - 
================================================================================
DAG File Processing Stats

File Path                            PID    Runtime      # DAGs    # Errors  Last Runtime    Last Run
-----------------------------------  -----  ---------  --------  ----------  --------------  -------------------
/opt/airflow/dags/minio-to-kafka.py                           1           0  1.00s           2026-08-30T21:10:20
================================================================================
[2026-08-30T21:11:16.341+0000] {manager.py:878} INFO - 
================================================================================
DAG File Processing Stats

File Path                            PID    Runtime      # DAGs    # Errors  Last Runtime    Last Run
-----------------------------------  -----  ---------  --------  ----------  --------------  -------------------
/opt/airflow/dags/minio-to-kafka.py                           1           0  2.42s           2026-08-30T21:10:53
================================================================================
[2026-08-30T21:11:46.345+0000] {manager.py:878} INFO - 
================================================================================
DAG File Processing Stats

File Path                            PID    Runtime      # DAGs    # Errors  Last Runtime    Last Run
-----------------------------------  -----  ---------  --------  ----------  --------------  -------------------
/opt/airflow/dags/minio-to-kafka.py                           1           0  1.33s           2026-08-30T21:11:24
================================================================================
[2026-08-30T21:12:16.859+0000] {manager.py:878} INFO - 
================================================================================
DAG File Processing Stats

File Path                            PID    Runtime      # DAGs    # Errors  Last Runtime    Last Run
-----------------------------------  -----  ---------  --------  ----------  --------------  -------------------
/opt/airflow/dags/minio-to-kafka.py                           1           0  1.83s           2026-08-30T21:11:57
================================================================================
[2026-08-30T21:12:47.252+0000] {manager.py:878} INFO - 
================================================================================
DAG File Processing Stats

File Path                            PID    Runtime      # DAGs    # Errors  Last Runtime    Last Run
-----------------------------------  -----  ---------  --------  ----------  --------------  -------------------
/opt/airflow/dags/minio-to-kafka.py                           1           0  1.59s           2026-08-30T21:12:29
================================================================================
[2026-08-30T21:13:18.168+0000] {manager.py:878} INFO - 
================================================================================
DAG File Processing Stats

File Path                            PID    Runtime      # DAGs    # Errors  Last Runtime    Last Run
-----------------------------------  -----  ---------  --------  ----------  --------------  -------------------
/opt/airflow/dags/minio-to-kafka.py                           1           0  1.12s           2026-08-30T21:13:01
================================================================================
[2026-08-30T21:13:48.666+0000] {manager.py:878} INFO - 
================================================================================
DAG File Processing Stats

File Path                            PID    Runtime      # DAGs    # Errors  Last Runtime    Last Run
-----------------------------------  -----  ---------  --------  ----------  --------------  -------------------
/opt/airflow/dags/minio-to-kafka.py                           1           0  1.25s           2026-08-30T21:13:32
================================================================================
[2026-08-30T21:13:58.791+0000] {manager.py:737} INFO - Searching for files in /opt/airflow/dags
[2026-08-30T21:13:58.851+0000] {manager.py:740} INFO - There are 1 files in /opt/airflow/dags
[2026-08-30T21:14:19.128+0000] {manager.py:878} INFO - 
================================================================================
DAG File Processing Stats

File Path                            PID    Runtime      # DAGs    # Errors  Last Runtime    Last Run
-----------------------------------  -----  ---------  --------  ----------  --------------  -------------------
/opt/airflow/dags/minio-to-kafka.py                           1           0  1.02s           2026-08-30T21:14:03
================================================================================
[2026-08-30T21:14:49.578+0000] {manager.py:878} INFO - 
================================================================================
DAG File Processing Stats

File Path                            PID    Runtime      # DAGs    # Errors  Last Runtime    Last Run
-----------------------------------  -----  ---------  --------  ----------  --------------  -------------------
/opt/airflow/dags/minio-to-kafka.py                           1           0  1.04s           2026-08-30T21:14:35
================================================================================
[2026-08-30T21:15:20.047+0000] {manager.py:878} INFO - 
================================================================================
DAG File Processing Stats

File Path                            PID    Runtime      # DAGs    # Errors  Last Runtime    Last Run
-----------------------------------  -----  ---------  --------  ----------  --------------  -------------------
/opt/airflow/dags/minio-to-kafka.py                           1           0  1.11s           2026-08-30T21:15:06
================================================================================
[2026-08-30T21:15:50.406+0000] {manager.py:878} INFO - 
================================================================================
DAG File Processing Stats

File Path                            PID    Runtime      # DAGs    # Errors  Last Runtime    Last Run
-----------------------------------  -----  ---------  --------  ----------  --------------  -------------------
/opt/airflow/dags/minio-to-kafka.py                           1           0  0.98s           2026-08-30T21:15:38
================================================================================
[2026-08-30T21:16:20.883+0000] {manager.py:878} INFO - 
================================================================================
DAG File Processing Stats

File Path                            PID    Runtime      # DAGs    # Errors  Last Runtime    Last Run
-----------------------------------  -----  ---------  --------  ----------  --------------  -------------------
/opt/airflow/dags/minio-to-kafka.py                           1           0  1.05s           2026-08-30T21:16:09
================================================================================
[2026-08-30T21:16:51.330+0000] {manager.py:878} INFO - 
================================================================================
DAG File Processing Stats

File Path                            PID    Runtime      # DAGs    # Errors  Last Runtime    Last Run
-----------------------------------  -----  ---------  --------  ----------  --------------  -------------------
/opt/airflow/dags/minio-to-kafka.py                           1           0  1.08s           2026-08-30T21:16:41
================================================================================
[2026-08-30T21:17:21.674+0000] {manager.py:878} INFO - 
================================================================================
DAG File Processing Stats

File Path                            PID    Runtime      # DAGs    # Errors  Last Runtime    Last Run
-----------------------------------  -----  ---------  --------  ----------  --------------  -------------------
/opt/airflow/dags/minio-to-kafka.py                           1           0  1.02s           2026-08-30T21:17:12
================================================================================
[2026-08-30T21:17:51.934+0000] {manager.py:878} INFO - 
================================================================================
DAG File Processing Stats

File Path                            PID    Runtime      # DAGs    # Errors  Last Runtime    Last Run
-----------------------------------  -----  ---------  --------  ----------  --------------  -------------------
/opt/airflow/dags/minio-to-kafka.py                           1           0  1.45s           2026-08-30T21:17:44
================================================================================
[2026-08-30T21:18:22.226+0000] {manager.py:878} INFO - 
================================================================================
DAG File Processing Stats

File Path                            PID    Runtime      # DAGs    # Errors  Last Runtime    Last Run
-----------------------------------  -----  ---------  --------  ----------  --------------  -------------------
/opt/airflow/dags/minio-to-kafka.py                           1           0  1.02s           2026-08-30T21:18:15
================================================================================
[2026-08-30T21:18:52.317+0000] {manager.py:878} INFO - 
================================================================================
DAG File Processing Stats

File Path                            PID    Runtime      # DAGs    # Errors  Last Runtime    Last Run
-----------------------------------  -----  ---------  --------  ----------  --------------  -------------------
/opt/airflow/dags/minio-to-kafka.py                           1           0  1.41s           2026-08-30T21:18:47
================================================================================
[2026-08-30T21:18:58.946+0000] {manager.py:737} INFO - Searching for files in /opt/airflow/dags
[2026-08-30T21:18:59.011+0000] {manager.py:740} INFO - There are 1 files in /opt/airflow/dags
[2026-08-30T21:19:22.452+0000] {manager.py:878} INFO - 
================================================================================
DAG File Processing Stats

File Path                            PID    Runtime      # DAGs    # Errors  Last Runtime    Last Run
-----------------------------------  -----  ---------  --------  ----------  --------------  -------------------
/opt/airflow/dags/minio-to-kafka.py                           1           0  1.13s           2026-08-30T21:19:18
================================================================================
[2026-08-30T21:19:52.684+0000] {manager.py:878} INFO - 
================================================================================
DAG File Processing Stats

File Path                            PID    Runtime      # DAGs    # Errors  Last Runtime    Last Run
-----------------------------------  -----  ---------  --------  ----------  --------------  -------------------
/opt/airflow/dags/minio-to-kafka.py                           1           0  1.02s           2026-08-30T21:19:49
================================================================================
[2026-08-30T21:20:23.093+0000] {manager.py:878} INFO - 
================================================================================
DAG File Processing Stats

File Path                            PID    Runtime      # DAGs    # Errors  Last Runtime    Last Run
-----------------------------------  -----  ---------  --------  ----------  --------------  -------------------
/opt/airflow/dags/minio-to-kafka.py                           1           0  1.47s           2026-08-30T21:20:21
================================================================================
[2026-08-30T21:20:53.227+0000] {manager.py:878} INFO - 
================================================================================
DAG File Processing Stats

File Path                            PID    Runtime      # DAGs    # Errors  Last Runtime    Last Run
-----------------------------------  -----  ---------  --------  ----------  --------------  -------------------
/opt/airflow/dags/minio-to-kafka.py                           1           0  1.24s           2026-08-30T21:20:53
================================================================================
[2026-08-30T21:21:23.421+0000] {manager.py:878} INFO - 
================================================================================
DAG File Processing Stats

File Path                              PID  Runtime      # DAGs    # Errors  Last Runtime    Last Run
-----------------------------------  -----  ---------  --------  ----------  --------------  -------------------
/opt/airflow/dags/minio-to-kafka.py   1897  0.01s             1           0  1.24s           2026-08-30T21:20:53
================================================================================
[2026-08-30T21:21:53.751+0000] {manager.py:878} INFO - 
================================================================================
DAG File Processing Stats

File Path                            PID    Runtime      # DAGs    # Errors  Last Runtime    Last Run
-----------------------------------  -----  ---------  --------  ----------  --------------  -------------------
/opt/airflow/dags/minio-to-kafka.py                           1           0  1.16s           2026-08-30T21:21:24
================================================================================
[2026-08-30T21:22:24.461+0000] {manager.py:878} INFO - 
================================================================================
DAG File Processing Stats

File Path                            PID    Runtime      # DAGs    # Errors  Last Runtime    Last Run
-----------------------------------  -----  ---------  --------  ----------  --------------  -------------------
/opt/airflow/dags/minio-to-kafka.py                           1           0  6.53s           2026-08-30T21:22:01
================================================================================
[2026-08-30T21:22:54.552+0000] {manager.py:878} INFO - 
================================================================================
DAG File Processing Stats

File Path                            PID    Runtime      # DAGs    # Errors  Last Runtime    Last Run
-----------------------------------  -----  ---------  --------  ----------  --------------  -------------------
/opt/airflow/dags/minio-to-kafka.py                           1           0  1.72s           2026-08-30T21:22:33
================================================================================
[2026-08-30T21:23:24.977+0000] {manager.py:878} INFO - 
================================================================================
DAG File Processing Stats

File Path                            PID    Runtime      # DAGs    # Errors  Last Runtime    Last Run
-----------------------------------  -----  ---------  --------  ----------  --------------  -------------------
/opt/airflow/dags/minio-to-kafka.py                           1           0  1.39s           2026-08-30T21:23:05
================================================================================
[2026-08-30T21:23:55.751+0000] {manager.py:878} INFO - 
================================================================================
DAG File Processing Stats

File Path                            PID    Runtime      # DAGs    # Errors  Last Runtime    Last Run
-----------------------------------  -----  ---------  --------  ----------  --------------  -------------------
/opt/airflow/dags/minio-to-kafka.py                           1           0  1.58s           2026-08-30T21:23:36
================================================================================
[2026-08-30T21:23:58.967+0000] {manager.py:737} INFO - Searching for files in /opt/airflow/dags
[2026-08-30T21:23:59.007+0000] {manager.py:740} INFO - There are 1 files in /opt/airflow/dags
[2026-08-30T21:24:26.343+0000] {manager.py:878} INFO - 
================================================================================
DAG File Processing Stats

File Path                            PID    Runtime      # DAGs    # Errors  Last Runtime    Last Run
-----------------------------------  -----  ---------  --------  ----------  --------------  -------------------
/opt/airflow/dags/minio-to-kafka.py                           1           0  1.22s           2026-08-30T21:24:08
================================================================================
[2026-08-30T21:24:56.755+0000] {manager.py:878} INFO - 
================================================================================
DAG File Processing Stats

File Path                            PID    Runtime      # DAGs    # Errors  Last Runtime    Last Run
-----------------------------------  -----  ---------  --------  ----------  --------------  -------------------
/opt/airflow/dags/minio-to-kafka.py                           1           0  1.42s           2026-08-30T21:24:39
================================================================================
[2026-08-30T21:25:27.125+0000] {manager.py:878} INFO - 
================================================================================
DAG File Processing Stats

File Path                            PID    Runtime      # DAGs    # Errors  Last Runtime    Last Run
-----------------------------------  -----  ---------  --------  ----------  --------------  -------------------
/opt/airflow/dags/minio-to-kafka.py                           1           0  0.99s           2026-08-30T21:25:11
================================================================================
[2026-08-30T21:25:57.994+0000] {manager.py:878} INFO - 
================================================================================
DAG File Processing Stats

File Path                            PID    Runtime      # DAGs    # Errors  Last Runtime    Last Run
-----------------------------------  -----  ---------  --------  ----------  --------------  -------------------
/opt/airflow/dags/minio-to-kafka.py                           1           0  1.03s           2026-08-30T21:25:42
================================================================================
[2026-08-30T21:26:28.345+0000] {manager.py:878} INFO - 
================================================================================
DAG File Processing Stats

File Path                            PID    Runtime      # DAGs    # Errors  Last Runtime    Last Run
-----------------------------------  -----  ---------  --------  ----------  --------------  -------------------
/opt/airflow/dags/minio-to-kafka.py                           1           0  0.97s           2026-08-30T21:26:14
================================================================================
[2026-08-30T21:26:58.790+0000] {manager.py:878} INFO - 
================================================================================
DAG File Processing Stats

File Path                            PID    Runtime      # DAGs    # Errors  Last Runtime    Last Run
-----------------------------------  -----  ---------  --------  ----------  --------------  -------------------
/opt/airflow/dags/minio-to-kafka.py                           1           0  1.02s           2026-08-30T21:26:45
================================================================================
[2026-08-30T21:27:29.278+0000] {manager.py:878} INFO - 
================================================================================
DAG File Processing Stats

File Path                            PID    Runtime      # DAGs    # Errors  Last Runtime    Last Run
-----------------------------------  -----  ---------  --------  ----------  --------------  -------------------
/opt/airflow/dags/minio-to-kafka.py                           1           0  1.41s           2026-08-30T21:27:17
================================================================================
[2026-08-30T21:27:59.488+0000] {manager.py:878} INFO - 
================================================================================
DAG File Processing Stats

File Path                            PID    Runtime      # DAGs    # Errors  Last Runtime    Last Run
-----------------------------------  -----  ---------  --------  ----------  --------------  -------------------
/opt/airflow/dags/minio-to-kafka.py                           1           0  1.73s           2026-08-30T21:27:49
================================================================================
[2026-08-30T21:28:29.828+0000] {manager.py:878} INFO - 
================================================================================
DAG File Processing Stats

File Path                            PID    Runtime      # DAGs    # Errors  Last Runtime    Last Run
-----------------------------------  -----  ---------  --------  ----------  --------------  -------------------
/opt/airflow/dags/minio-to-kafka.py                           1           0  1.31s           2026-08-30T21:28:21
================================================================================
[2026-08-30T21:28:59.414+0000] {manager.py:737} INFO - Searching for files in /opt/airflow/dags
[2026-08-30T21:28:59.444+0000] {manager.py:740} INFO - There are 1 files in /opt/airflow/dags
[2026-08-30T21:29:00.479+0000] {manager.py:878} INFO - 
================================================================================
DAG File Processing Stats

File Path                            PID    Runtime      # DAGs    # Errors  Last Runtime    Last Run
-----------------------------------  -----  ---------  --------  ----------  --------------  -------------------
/opt/airflow/dags/minio-to-kafka.py                           1           0  1.28s           2026-08-30T21:28:52
================================================================================
[2026-08-30T21:29:30.911+0000] {manager.py:878} INFO - 
================================================================================
DAG File Processing Stats

File Path                            PID    Runtime      # DAGs    # Errors  Last Runtime    Last Run
-----------------------------------  -----  ---------  --------  ----------  --------------  -------------------
/opt/airflow/dags/minio-to-kafka.py                           1           0  1.23s           2026-08-30T21:29:24
================================================================================
[2026-08-30T21:30:01.613+0000] {manager.py:878} INFO - 
================================================================================
DAG File Processing Stats

File Path                            PID    Runtime      # DAGs    # Errors  Last Runtime    Last Run
-----------------------------------  -----  ---------  --------  ----------  --------------  -------------------
/opt/airflow/dags/minio-to-kafka.py                           1           0  1.23s           2026-08-30T21:29:55
================================================================================
[2026-08-30T21:30:32.030+0000] {manager.py:878} INFO - 
================================================================================
DAG File Processing Stats

File Path                            PID    Runtime      # DAGs    # Errors  Last Runtime    Last Run
-----------------------------------  -----  ---------  --------  ----------  --------------  -------------------
/opt/airflow/dags/minio-to-kafka.py                           1           0  1.39s           2026-08-30T21:30:27
================================================================================
[2026-08-30T21:31:02.478+0000] {manager.py:878} INFO - 
================================================================================
DAG File Processing Stats

File Path                            PID    Runtime      # DAGs    # Errors  Last Runtime    Last Run
-----------------------------------  -----  ---------  --------  ----------  --------------  -------------------
/opt/airflow/dags/minio-to-kafka.py                           1           0  1.01s           2026-08-30T21:30:58
================================================================================
[2026-08-30T21:31:32.808+0000] {manager.py:878} INFO - 
================================================================================
DAG File Processing Stats

File Path                            PID    Runtime      # DAGs    # Errors  Last Runtime    Last Run
-----------------------------------  -----  ---------  --------  ----------  --------------  -------------------
/opt/airflow/dags/minio-to-kafka.py                           1           0  1.22s           2026-08-30T21:31:29
================================================================================
[2026-08-30T21:32:03.182+0000] {manager.py:878} INFO - 
================================================================================
DAG File Processing Stats

File Path                            PID    Runtime      # DAGs    # Errors  Last Runtime    Last Run
-----------------------------------  -----  ---------  --------  ----------  --------------  -------------------
/opt/airflow/dags/minio-to-kafka.py                           1           0  0.99s           2026-08-30T21:32:01
================================================================================
[2026-08-30T21:32:33.412+0000] {manager.py:878} INFO - 
================================================================================
DAG File Processing Stats

File Path                            PID    Runtime      # DAGs    # Errors  Last Runtime    Last Run
-----------------------------------  -----  ---------  --------  ----------  --------------  -------------------
/opt/airflow/dags/minio-to-kafka.py                           1           0  1.90s           2026-08-30T21:32:33
================================================================================
[2026-08-30T21:33:03.883+0000] {manager.py:878} INFO - 
================================================================================
DAG File Processing Stats

File Path                              PID  Runtime      # DAGs    # Errors  Last Runtime    Last Run
-----------------------------------  -----  ---------  --------  ----------  --------------  -------------------
/opt/airflow/dags/minio-to-kafka.py   1963  0.04s             1           0  1.90s           2026-08-30T21:32:33
================================================================================
[2026-08-30T21:33:34.189+0000] {manager.py:878} INFO - 
================================================================================
DAG File Processing Stats

File Path                            PID    Runtime      # DAGs    # Errors  Last Runtime    Last Run
-----------------------------------  -----  ---------  --------  ----------  --------------  -------------------
/opt/airflow/dags/minio-to-kafka.py                           1           0  4.06s           2026-08-30T21:33:07
================================================================================
[2026-08-30T21:33:59.490+0000] {manager.py:737} INFO - Searching for files in /opt/airflow/dags
[2026-08-30T21:33:59.526+0000] {manager.py:740} INFO - There are 1 files in /opt/airflow/dags
[2026-08-30T21:34:04.622+0000] {manager.py:878} INFO - 
================================================================================
DAG File Processing Stats

File Path                            PID    Runtime      # DAGs    # Errors  Last Runtime    Last Run
-----------------------------------  -----  ---------  --------  ----------  --------------  -------------------
/opt/airflow/dags/minio-to-kafka.py                           1           0  2.06s           2026-08-30T21:33:40
================================================================================
[2026-08-30T21:34:34.844+0000] {manager.py:878} INFO - 
================================================================================
DAG File Processing Stats

File Path                            PID    Runtime      # DAGs    # Errors  Last Runtime    Last Run
-----------------------------------  -----  ---------  --------  ----------  --------------  -------------------
/opt/airflow/dags/minio-to-kafka.py                           1           0  1.88s           2026-08-30T21:34:12
================================================================================
[2026-08-30T21:35:05.278+0000] {manager.py:878} INFO - 
================================================================================
DAG File Processing Stats

File Path                            PID    Runtime      # DAGs    # Errors  Last Runtime    Last Run
-----------------------------------  -----  ---------  --------  ----------  --------------  -------------------
/opt/airflow/dags/minio-to-kafka.py                           1           0  1.42s           2026-08-30T21:34:44
================================================================================
[2026-08-30T21:35:35.854+0000] {manager.py:878} INFO - 
================================================================================
DAG File Processing Stats

File Path                            PID    Runtime      # DAGs    # Errors  Last Runtime    Last Run
-----------------------------------  -----  ---------  --------  ----------  --------------  -------------------
/opt/airflow/dags/minio-to-kafka.py                           1           0  6.14s           2026-08-30T21:35:20
================================================================================
[2026-08-30T21:36:06.194+0000] {manager.py:878} INFO - 
================================================================================
DAG File Processing Stats

File Path                            PID    Runtime      # DAGs    # Errors  Last Runtime    Last Run
-----------------------------------  -----  ---------  --------  ----------  --------------  -------------------
/opt/airflow/dags/minio-to-kafka.py                           1           0  1.11s           2026-08-30T21:35:52
================================================================================
[2026-08-30T21:36:36.517+0000] {manager.py:878} INFO - 
================================================================================
DAG File Processing Stats

File Path                            PID    Runtime      # DAGs    # Errors  Last Runtime    Last Run
-----------------------------------  -----  ---------  --------  ----------  --------------  -------------------
/opt/airflow/dags/minio-to-kafka.py                           1           0  1.23s           2026-08-30T21:36:23
================================================================================
[2026-08-30T21:37:06.872+0000] {manager.py:878} INFO - 
================================================================================
DAG File Processing Stats

File Path                            PID    Runtime      # DAGs    # Errors  Last Runtime    Last Run
-----------------------------------  -----  ---------  --------  ----------  --------------  -------------------
/opt/airflow/dags/minio-to-kafka.py                           1           0  1.03s           2026-08-30T21:36:54
================================================================================
[2026-08-30T21:37:37.220+0000] {manager.py:878} INFO - 
================================================================================
DAG File Processing Stats

File Path                            PID    Runtime      # DAGs    # Errors  Last Runtime    Last Run
-----------------------------------  -----  ---------  --------  ----------  --------------  -------------------
/opt/airflow/dags/minio-to-kafka.py                           1           0  1.32s           2026-08-30T21:37:26
================================================================================
[2026-08-30T21:38:07.330+0000] {manager.py:878} INFO - 
================================================================================
DAG File Processing Stats

File Path                            PID    Runtime      # DAGs    # Errors  Last Runtime    Last Run
-----------------------------------  -----  ---------  --------  ----------  --------------  -------------------
/opt/airflow/dags/minio-to-kafka.py                           1           0  1.75s           2026-08-30T21:37:58
================================================================================
[2026-08-30T21:38:38.023+0000] {manager.py:878} INFO - 
================================================================================
DAG File Processing Stats

File Path                            PID    Runtime      # DAGs    # Errors  Last Runtime    Last Run
-----------------------------------  -----  ---------  --------  ----------  --------------  -------------------
/opt/airflow/dags/minio-to-kafka.py                           1           0  1.36s           2026-08-30T21:38:29
================================================================================
[2026-08-30T21:39:00.304+0000] {manager.py:737} INFO - Searching for files in /opt/airflow/dags
[2026-08-30T21:39:00.351+0000] {manager.py:740} INFO - There are 1 files in /opt/airflow/dags
[2026-08-30T21:39:08.461+0000] {manager.py:878} INFO - 
================================================================================
DAG File Processing Stats

File Path                            PID    Runtime      # DAGs    # Errors  Last Runtime    Last Run
-----------------------------------  -----  ---------  --------  ----------  --------------  -------------------
/opt/airflow/dags/minio-to-kafka.py                           1           0  1.11s           2026-08-30T21:39:01
================================================================================
[2026-08-30T21:39:38.920+0000] {manager.py:878} INFO - 
================================================================================
DAG File Processing Stats

File Path                            PID    Runtime      # DAGs    # Errors  Last Runtime    Last Run
-----------------------------------  -----  ---------  --------  ----------  --------------  -------------------
/opt/airflow/dags/minio-to-kafka.py                           1           0  1.54s           2026-08-30T21:39:33
================================================================================
[2026-08-30T21:40:09.795+0000] {manager.py:878} INFO - 
================================================================================
DAG File Processing Stats

File Path                            PID    Runtime      # DAGs    # Errors  Last Runtime    Last Run
-----------------------------------  -----  ---------  --------  ----------  --------------  -------------------
/opt/airflow/dags/minio-to-kafka.py                           1           0  1.02s           2026-08-30T21:40:04
================================================================================
[2026-08-30T21:40:40.172+0000] {manager.py:878} INFO - 
================================================================================
DAG File Processing Stats

File Path                            PID    Runtime      # DAGs    # Errors  Last Runtime    Last Run
-----------------------------------  -----  ---------  --------  ----------  --------------  -------------------
/opt/airflow/dags/minio-to-kafka.py                           1           0  1.37s           2026-08-30T21:40:36
================================================================================
[2026-08-30T21:41:10.916+0000] {manager.py:878} INFO - 
================================================================================
DAG File Processing Stats

File Path                            PID    Runtime      # DAGs    # Errors  Last Runtime    Last Run
-----------------------------------  -----  ---------  --------  ----------  --------------  -------------------
/opt/airflow/dags/minio-to-kafka.py                           1           0  1.52s           2026-08-30T21:41:08
================================================================================
[2026-08-30T21:41:41.188+0000] {manager.py:878} INFO - 
================================================================================
DAG File Processing Stats

File Path                            PID    Runtime      # DAGs    # Errors  Last Runtime    Last Run
-----------------------------------  -----  ---------  --------  ----------  --------------  -------------------
/opt/airflow/dags/minio-to-kafka.py                           1           0  1.00s           2026-08-30T21:41:39
================================================================================
[2026-08-30T21:42:11.647+0000] {manager.py:878} INFO - 
================================================================================
DAG File Processing Stats

File Path                            PID    Runtime      # DAGs    # Errors  Last Runtime    Last Run
-----------------------------------  -----  ---------  --------  ----------  --------------  -------------------
/opt/airflow/dags/minio-to-kafka.py                           1           0  1.26s           2026-08-30T21:42:10
================================================================================
[2026-08-30T21:42:42.065+0000] {manager.py:878} INFO - 
================================================================================
DAG File Processing Stats

File Path                              PID  Runtime      # DAGs    # Errors  Last Runtime    Last Run
-----------------------------------  -----  ---------  --------  ----------  --------------  -------------------
/opt/airflow/dags/minio-to-kafka.py   2017  1.02s             1           0  1.26s           2026-08-30T21:42:10
================================================================================
[2026-08-30T21:43:12.722+0000] {manager.py:878} INFO - 
================================================================================
DAG File Processing Stats

File Path                              PID  Runtime      # DAGs    # Errors  Last Runtime    Last Run
-----------------------------------  -----  ---------  --------  ----------  --------------  -------------------
/opt/airflow/dags/minio-to-kafka.py   2020  0.01s             1           0  1.37s           2026-08-30T21:42:42
================================================================================
[2026-08-30T21:43:43.072+0000] {manager.py:878} INFO - 
================================================================================
DAG File Processing Stats

File Path                            PID    Runtime      # DAGs    # Errors  Last Runtime    Last Run
-----------------------------------  -----  ---------  --------  ----------  --------------  -------------------
/opt/airflow/dags/minio-to-kafka.py                           1           0  1.42s           2026-08-30T21:43:14
================================================================================
[2026-08-30T21:44:00.600+0000] {manager.py:737} INFO - Searching for files in /opt/airflow/dags
[2026-08-30T21:44:00.632+0000] {manager.py:740} INFO - There are 1 files in /opt/airflow/dags
[2026-08-30T21:44:13.800+0000] {manager.py:878} INFO - 
================================================================================
DAG File Processing Stats

File Path                            PID    Runtime      # DAGs    # Errors  Last Runtime    Last Run
-----------------------------------  -----  ---------  --------  ----------  --------------  -------------------
/opt/airflow/dags/minio-to-kafka.py                           1           0  1.26s           2026-08-30T21:43:45
================================================================================
[2026-08-30T21:44:44.209+0000] {manager.py:878} INFO - 
================================================================================
DAG File Processing Stats

File Path                            PID    Runtime      # DAGs    # Errors  Last Runtime    Last Run
-----------------------------------  -----  ---------  --------  ----------  --------------  -------------------
/opt/airflow/dags/minio-to-kafka.py                           1           0  1.01s           2026-08-30T21:44:16
================================================================================
[2026-08-30T21:45:14.653+0000] {manager.py:878} INFO - 
================================================================================
DAG File Processing Stats

File Path                            PID    Runtime      # DAGs    # Errors  Last Runtime    Last Run
-----------------------------------  -----  ---------  --------  ----------  --------------  -------------------
/opt/airflow/dags/minio-to-kafka.py                           1           0  1.31s           2026-08-30T21:44:48
================================================================================
[2026-08-30T21:45:45.058+0000] {manager.py:878} INFO - 
================================================================================
DAG File Processing Stats

File Path                            PID    Runtime      # DAGs    # Errors  Last Runtime    Last Run
-----------------------------------  -----  ---------  --------  ----------  --------------  -------------------
/opt/airflow/dags/minio-to-kafka.py                           1           0  1.07s           2026-08-30T21:45:19
================================================================================
[2026-08-30T21:46:15.419+0000] {manager.py:878} INFO - 
================================================================================
DAG File Processing Stats

File Path                            PID    Runtime      # DAGs    # Errors  Last Runtime    Last Run
-----------------------------------  -----  ---------  --------  ----------  --------------  -------------------
/opt/airflow/dags/minio-to-kafka.py                           1           0  1.02s           2026-08-30T21:45:51
================================================================================
[2026-08-30T21:46:45.857+0000] {manager.py:878} INFO - 
================================================================================
DAG File Processing Stats

File Path                            PID    Runtime      # DAGs    # Errors  Last Runtime    Last Run
-----------------------------------  -----  ---------  --------  ----------  --------------  -------------------
/opt/airflow/dags/minio-to-kafka.py                           1           0  1.08s           2026-08-30T21:46:22
================================================================================
[2026-08-30T21:47:16.416+0000] {manager.py:878} INFO - 
================================================================================
DAG File Processing Stats

File Path                            PID    Runtime      # DAGs    # Errors  Last Runtime    Last Run
-----------------------------------  -----  ---------  --------  ----------  --------------  -------------------
/opt/airflow/dags/minio-to-kafka.py                           1           0  4.21s           2026-08-30T21:46:57
================================================================================
[2026-08-30T21:47:46.460+0000] {manager.py:878} INFO - 
================================================================================
DAG File Processing Stats

File Path                            PID    Runtime      # DAGs    # Errors  Last Runtime    Last Run
-----------------------------------  -----  ---------  --------  ----------  --------------  -------------------
/opt/airflow/dags/minio-to-kafka.py                           1           0  1.81s           2026-08-30T21:47:29
================================================================================
[2026-08-30T21:48:17.016+0000] {manager.py:878} INFO - 
================================================================================
DAG File Processing Stats

File Path                            PID    Runtime      # DAGs    # Errors  Last Runtime    Last Run
-----------------------------------  -----  ---------  --------  ----------  --------------  -------------------
/opt/airflow/dags/minio-to-kafka.py                           1           0  2.34s           2026-08-30T21:48:01
================================================================================
[2026-08-30T21:48:47.348+0000] {manager.py:878} INFO - 
================================================================================
DAG File Processing Stats

File Path                            PID    Runtime      # DAGs    # Errors  Last Runtime    Last Run
-----------------------------------  -----  ---------  --------  ----------  --------------  -------------------
/opt/airflow/dags/minio-to-kafka.py                           1           0  1.48s           2026-08-30T21:48:33
================================================================================
[2026-08-30T21:49:00.959+0000] {manager.py:737} INFO - Searching for files in /opt/airflow/dags
[2026-08-30T21:49:01.026+0000] {manager.py:740} INFO - There are 1 files in /opt/airflow/dags
[2026-08-30T21:49:17.643+0000] {manager.py:878} INFO - 
================================================================================
DAG File Processing Stats

File Path                            PID    Runtime      # DAGs    # Errors  Last Runtime    Last Run
-----------------------------------  -----  ---------  --------  ----------  --------------  -------------------
/opt/airflow/dags/minio-to-kafka.py                           1           0  1.61s           2026-08-30T21:49:05
================================================================================
[2026-08-30T21:49:48.053+0000] {manager.py:878} INFO - 
================================================================================
DAG File Processing Stats

File Path                            PID    Runtime      # DAGs    # Errors  Last Runtime    Last Run
-----------------------------------  -----  ---------  --------  ----------  --------------  -------------------
/opt/airflow/dags/minio-to-kafka.py                           1           0  2.54s           2026-08-30T21:49:38
================================================================================
[2026-08-30T21:50:18.292+0000] {manager.py:878} INFO - 
================================================================================
DAG File Processing Stats

File Path                            PID    Runtime      # DAGs    # Errors  Last Runtime    Last Run
-----------------------------------  -----  ---------  --------  ----------  --------------  -------------------
/opt/airflow/dags/minio-to-kafka.py                           1           0  1.76s           2026-08-30T21:50:10
================================================================================
[2026-08-30T21:50:48.601+0000] {manager.py:878} INFO - 
================================================================================
DAG File Processing Stats

File Path                            PID    Runtime      # DAGs    # Errors  Last Runtime    Last Run
-----------------------------------  -----  ---------  --------  ----------  --------------  -------------------
/opt/airflow/dags/minio-to-kafka.py                           1           0  2.39s           2026-08-30T21:50:42
================================================================================
[2026-08-30T21:51:18.818+0000] {manager.py:878} INFO - 
================================================================================
DAG File Processing Stats

File Path                            PID    Runtime      # DAGs    # Errors  Last Runtime    Last Run
-----------------------------------  -----  ---------  --------  ----------  --------------  -------------------
/opt/airflow/dags/minio-to-kafka.py                           1           0  1.71s           2026-08-30T21:51:14
================================================================================
[2026-08-30T21:51:49.131+0000] {manager.py:878} INFO - 
================================================================================
DAG File Processing Stats

File Path                            PID    Runtime      # DAGs    # Errors  Last Runtime    Last Run
-----------------------------------  -----  ---------  --------  ----------  --------------  -------------------
/opt/airflow/dags/minio-to-kafka.py                           1           0  1.60s           2026-08-30T21:51:46
================================================================================
[2026-08-30T21:52:19.355+0000] {manager.py:878} INFO - 
================================================================================
DAG File Processing Stats

File Path                              PID  Runtime      # DAGs    # Errors  Last Runtime    Last Run
-----------------------------------  -----  ---------  --------  ----------  --------------  -------------------
/opt/airflow/dags/minio-to-kafka.py   2071  2.40s             1           0  1.60s           2026-08-30T21:51:46
================================================================================
[2026-08-30T21:52:49.578+0000] {manager.py:878} INFO - 
================================================================================
DAG File Processing Stats

File Path                            PID    Runtime      # DAGs    # Errors  Last Runtime    Last Run
-----------------------------------  -----  ---------  --------  ----------  --------------  -------------------
/opt/airflow/dags/minio-to-kafka.py                           1           0  3.62s           2026-08-30T21:52:20
================================================================================
[2026-08-30T21:53:19.792+0000] {manager.py:878} INFO - 
================================================================================
DAG File Processing Stats

File Path                            PID    Runtime      # DAGs    # Errors  Last Runtime    Last Run
-----------------------------------  -----  ---------  --------  ----------  --------------  -------------------
/opt/airflow/dags/minio-to-kafka.py                           1           0  1.85s           2026-08-30T21:52:52
================================================================================
[2026-08-30T21:53:50.321+0000] {manager.py:878} INFO - 
================================================================================
DAG File Processing Stats

File Path                            PID    Runtime      # DAGs    # Errors  Last Runtime    Last Run
-----------------------------------  -----  ---------  --------  ----------  --------------  -------------------
/opt/airflow/dags/minio-to-kafka.py                           1           0  1.41s           2026-08-30T21:53:24
================================================================================
[2026-08-30T21:54:01.486+0000] {manager.py:737} INFO - Searching for files in /opt/airflow/dags
[2026-08-30T21:54:01.512+0000] {manager.py:740} INFO - There are 1 files in /opt/airflow/dags
[2026-08-30T21:54:20.645+0000] {manager.py:878} INFO - 
================================================================================
DAG File Processing Stats

File Path                            PID    Runtime      # DAGs    # Errors  Last Runtime    Last Run
-----------------------------------  -----  ---------  --------  ----------  --------------  -------------------
/opt/airflow/dags/minio-to-kafka.py                           1           0  1.40s           2026-08-30T21:53:55
================================================================================
[2026-08-30T21:54:51.001+0000] {manager.py:878} INFO - 
================================================================================
DAG File Processing Stats

File Path                            PID    Runtime      # DAGs    # Errors  Last Runtime    Last Run
-----------------------------------  -----  ---------  --------  ----------  --------------  -------------------
/opt/airflow/dags/minio-to-kafka.py                           1           0  1.01s           2026-08-30T21:54:26
================================================================================
[2026-08-30T21:55:21.295+0000] {manager.py:878} INFO - 
================================================================================
DAG File Processing Stats

File Path                            PID    Runtime      # DAGs    # Errors  Last Runtime    Last Run
-----------------------------------  -----  ---------  --------  ----------  --------------  -------------------
/opt/airflow/dags/minio-to-kafka.py                           1           0  1.27s           2026-08-30T21:54:58
================================================================================
[2026-08-30T21:55:51.609+0000] {manager.py:878} INFO - 
================================================================================
DAG File Processing Stats

File Path                            PID    Runtime      # DAGs    # Errors  Last Runtime    Last Run
-----------------------------------  -----  ---------  --------  ----------  --------------  -------------------
/opt/airflow/dags/minio-to-kafka.py                           1           0  1.06s           2026-08-30T21:55:29
================================================================================
[2026-08-30T21:56:21.973+0000] {manager.py:878} INFO - 
================================================================================
DAG File Processing Stats

File Path                            PID    Runtime      # DAGs    # Errors  Last Runtime    Last Run
-----------------------------------  -----  ---------  --------  ----------  --------------  -------------------
/opt/airflow/dags/minio-to-kafka.py                           1           0  1.23s           2026-08-30T21:56:00
================================================================================
[2026-08-30T21:56:52.309+0000] {manager.py:878} INFO - 
================================================================================
DAG File Processing Stats

File Path                            PID    Runtime      # DAGs    # Errors  Last Runtime    Last Run
-----------------------------------  -----  ---------  --------  ----------  --------------  -------------------
/opt/airflow/dags/minio-to-kafka.py                           1           0  1.13s           2026-08-30T21:56:32
================================================================================
[2026-08-30T21:57:22.678+0000] {manager.py:878} INFO - 
================================================================================
DAG File Processing Stats

File Path                            PID    Runtime      # DAGs    # Errors  Last Runtime    Last Run
-----------------------------------  -----  ---------  --------  ----------  --------------  -------------------
/opt/airflow/dags/minio-to-kafka.py                           1           0  1.06s           2026-08-30T21:57:03
================================================================================
[2026-08-30T21:57:53.085+0000] {manager.py:878} INFO - 
================================================================================
DAG File Processing Stats

File Path                            PID    Runtime      # DAGs    # Errors  Last Runtime    Last Run
-----------------------------------  -----  ---------  --------  ----------  --------------  -------------------
/opt/airflow/dags/minio-to-kafka.py                           1           0  1.45s           2026-08-30T21:57:35
================================================================================
[2026-08-30T21:58:23.824+0000] {manager.py:878} INFO - 
================================================================================
DAG File Processing Stats

File Path                            PID    Runtime      # DAGs    # Errors  Last Runtime    Last Run
-----------------------------------  -----  ---------  --------  ----------  --------------  -------------------
/opt/airflow/dags/minio-to-kafka.py                           1           0  1.30s           2026-08-30T21:58:06
================================================================================
[2026-08-30T21:58:54.210+0000] {manager.py:878} INFO - 
================================================================================
DAG File Processing Stats

File Path                            PID    Runtime      # DAGs    # Errors  Last Runtime    Last Run
-----------------------------------  -----  ---------  --------  ----------  --------------  -------------------
/opt/airflow/dags/minio-to-kafka.py                           1           0  1.52s           2026-08-30T21:58:38
================================================================================
[2026-08-30T21:59:01.806+0000] {manager.py:737} INFO - Searching for files in /opt/airflow/dags
[2026-08-30T21:59:01.845+0000] {manager.py:740} INFO - There are 1 files in /opt/airflow/dags
[2026-08-30T21:59:24.608+0000] {manager.py:878} INFO - 
================================================================================
DAG File Processing Stats

File Path                            PID    Runtime      # DAGs    # Errors  Last Runtime    Last Run
-----------------------------------  -----  ---------  --------  ----------  --------------  -------------------
/opt/airflow/dags/minio-to-kafka.py                           1           0  1.44s           2026-08-30T21:59:10
================================================================================
[2026-08-30T21:59:54.653+0000] {manager.py:878} INFO - 
================================================================================
DAG File Processing Stats

File Path                            PID    Runtime      # DAGs    # Errors  Last Runtime    Last Run
-----------------------------------  -----  ---------  --------  ----------  --------------  -------------------
/opt/airflow/dags/minio-to-kafka.py                           1           0  1.64s           2026-08-30T21:59:42
================================================================================
[2026-08-30T22:00:24.925+0000] {manager.py:878} INFO - 
================================================================================
DAG File Processing Stats

File Path                            PID    Runtime      # DAGs    # Errors  Last Runtime    Last Run
-----------------------------------  -----  ---------  --------  ----------  --------------  -------------------
/opt/airflow/dags/minio-to-kafka.py                           1           0  1.11s           2026-08-30T22:00:13
================================================================================
[2026-08-30T22:00:55.309+0000] {manager.py:878} INFO - 
================================================================================
DAG File Processing Stats

File Path                            PID    Runtime      # DAGs    # Errors  Last Runtime    Last Run
-----------------------------------  -----  ---------  --------  ----------  --------------  -------------------
/opt/airflow/dags/minio-to-kafka.py                           1           0  1.01s           2026-08-30T22:00:45
================================================================================
[2026-08-30T22:01:25.612+0000] {manager.py:878} INFO - 
================================================================================
DAG File Processing Stats

File Path                            PID    Runtime      # DAGs    # Errors  Last Runtime    Last Run
-----------------------------------  -----  ---------  --------  ----------  --------------  -------------------
/opt/airflow/dags/minio-to-kafka.py                           1           0  0.97s           2026-08-30T22:01:16
================================================================================
[2026-08-30T22:01:56.002+0000] {manager.py:878} INFO - 
================================================================================
DAG File Processing Stats

File Path                            PID    Runtime      # DAGs    # Errors  Last Runtime    Last Run
-----------------------------------  -----  ---------  --------  ----------  --------------  -------------------
/opt/airflow/dags/minio-to-kafka.py                           1           0  1.00s           2026-08-30T22:01:47
================================================================================
[2026-08-30T22:02:26.084+0000] {manager.py:878} INFO - 
================================================================================
DAG File Processing Stats

File Path                            PID    Runtime      # DAGs    # Errors  Last Runtime    Last Run
-----------------------------------  -----  ---------  --------  ----------  --------------  -------------------
/opt/airflow/dags/minio-to-kafka.py                           1           0  1.62s           2026-08-30T22:02:19
================================================================================
[2026-08-30T22:02:56.874+0000] {manager.py:878} INFO - 
================================================================================
DAG File Processing Stats

File Path                            PID    Runtime      # DAGs    # Errors  Last Runtime    Last Run
-----------------------------------  -----  ---------  --------  ----------  --------------  -------------------
/opt/airflow/dags/minio-to-kafka.py                           1           0  1.60s           2026-08-30T22:02:52
================================================================================
[2026-08-30T22:03:27.224+0000] {manager.py:878} INFO - 
================================================================================
DAG File Processing Stats

File Path                            PID    Runtime      # DAGs    # Errors  Last Runtime    Last Run
-----------------------------------  -----  ---------  --------  ----------  --------------  -------------------
/opt/airflow/dags/minio-to-kafka.py                           1           0  1.19s           2026-08-30T22:03:23
================================================================================
[2026-08-30T22:03:57.553+0000] {manager.py:878} INFO - 
================================================================================
DAG File Processing Stats

File Path                            PID    Runtime      # DAGs    # Errors  Last Runtime    Last Run
-----------------------------------  -----  ---------  --------  ----------  --------------  -------------------
/opt/airflow/dags/minio-to-kafka.py                           1           0  1.06s           2026-08-30T22:03:54
================================================================================
[2026-08-30T22:04:02.586+0000] {manager.py:737} INFO - Searching for files in /opt/airflow/dags
[2026-08-30T22:04:02.616+0000] {manager.py:740} INFO - There are 1 files in /opt/airflow/dags
[2026-08-30T22:04:27.926+0000] {manager.py:878} INFO - 
================================================================================
DAG File Processing Stats

File Path                            PID    Runtime      # DAGs    # Errors  Last Runtime    Last Run
-----------------------------------  -----  ---------  --------  ----------  --------------  -------------------
/opt/airflow/dags/minio-to-kafka.py                           1           0  1.07s           2026-08-30T22:04:25
================================================================================
[2026-08-30T22:04:58.345+0000] {manager.py:878} INFO - 
================================================================================
DAG File Processing Stats

File Path                            PID    Runtime      # DAGs    # Errors  Last Runtime    Last Run
-----------------------------------  -----  ---------  --------  ----------  --------------  -------------------
/opt/airflow/dags/minio-to-kafka.py                           1           0  1.30s           2026-08-30T22:04:57
================================================================================
[2026-08-30T22:05:28.846+0000] {manager.py:878} INFO - 
================================================================================
DAG File Processing Stats

File Path                              PID  Runtime      # DAGs    # Errors  Last Runtime    Last Run
-----------------------------------  -----  ---------  --------  ----------  --------------  -------------------
/opt/airflow/dags/minio-to-kafka.py   2168  1.02s             1           0  1.30s           2026-08-30T22:04:57
================================================================================
[2026-08-30T22:05:59.431+0000] {manager.py:878} INFO - 
================================================================================
DAG File Processing Stats

File Path                              PID  Runtime      # DAGs    # Errors  Last Runtime    Last Run
-----------------------------------  -----  ---------  --------  ----------  --------------  -------------------
/opt/airflow/dags/minio-to-kafka.py   2171  0.01s             1           0  1.46s           2026-08-30T22:05:29
================================================================================
[2026-08-30T22:06:29.805+0000] {manager.py:878} INFO - 
================================================================================
DAG File Processing Stats

File Path                            PID    Runtime      # DAGs    # Errors  Last Runtime    Last Run
-----------------------------------  -----  ---------  --------  ----------  --------------  -------------------
/opt/airflow/dags/minio-to-kafka.py                           1           0  1.02s           2026-08-30T22:06:00
================================================================================
[2026-08-30T22:07:00.142+0000] {manager.py:878} INFO - 
================================================================================
DAG File Processing Stats

File Path                            PID    Runtime      # DAGs    # Errors  Last Runtime    Last Run
-----------------------------------  -----  ---------  --------  ----------  --------------  -------------------
/opt/airflow/dags/minio-to-kafka.py                           1           0  1.50s           2026-08-30T22:06:32
================================================================================
[2026-08-30T22:07:30.422+0000] {manager.py:878} INFO - 
================================================================================
DAG File Processing Stats

File Path                            PID    Runtime      # DAGs    # Errors  Last Runtime    Last Run
-----------------------------------  -----  ---------  --------  ----------  --------------  -------------------
/opt/airflow/dags/minio-to-kafka.py                           1           0  1.54s           2026-08-30T22:07:04
================================================================================
[2026-08-30T22:08:01.225+0000] {manager.py:878} INFO - 
================================================================================
DAG File Processing Stats

File Path                            PID    Runtime      # DAGs    # Errors  Last Runtime    Last Run
-----------------------------------  -----  ---------  --------  ----------  --------------  -------------------
/opt/airflow/dags/minio-to-kafka.py                           1           0  1.55s           2026-08-30T22:07:36
================================================================================
[2026-08-30T22:08:31.261+0000] {manager.py:878} INFO - 
================================================================================
DAG File Processing Stats

File Path                            PID    Runtime      # DAGs    # Errors  Last Runtime    Last Run
-----------------------------------  -----  ---------  --------  ----------  --------------  -------------------
/opt/airflow/dags/minio-to-kafka.py                           1           0  1.68s           2026-08-30T22:08:07
================================================================================
[2026-08-30T22:09:01.404+0000] {manager.py:878} INFO - 
================================================================================
DAG File Processing Stats

File Path                            PID    Runtime      # DAGs    # Errors  Last Runtime    Last Run
-----------------------------------  -----  ---------  --------  ----------  --------------  -------------------
/opt/airflow/dags/minio-to-kafka.py                           1           0  1.81s           2026-08-30T22:08:40
================================================================================
[2026-08-30T22:09:03.109+0000] {manager.py:737} INFO - Searching for files in /opt/airflow/dags
[2026-08-30T22:09:03.154+0000] {manager.py:740} INFO - There are 1 files in /opt/airflow/dags
[2026-08-30T22:09:31.722+0000] {manager.py:878} INFO - 
================================================================================
DAG File Processing Stats

File Path                            PID    Runtime      # DAGs    # Errors  Last Runtime    Last Run
-----------------------------------  -----  ---------  --------  ----------  --------------  -------------------
/opt/airflow/dags/minio-to-kafka.py                           1           0  1.38s           2026-08-30T22:09:11
================================================================================
[2026-08-30T22:10:02.168+0000] {manager.py:878} INFO - 
================================================================================
DAG File Processing Stats

File Path                            PID    Runtime      # DAGs    # Errors  Last Runtime    Last Run
-----------------------------------  -----  ---------  --------  ----------  --------------  -------------------
/opt/airflow/dags/minio-to-kafka.py                           1           0  1.07s           2026-08-30T22:09:42
================================================================================
[2026-08-30T22:10:32.489+0000] {manager.py:878} INFO - 
================================================================================
DAG File Processing Stats

File Path                            PID    Runtime      # DAGs    # Errors  Last Runtime    Last Run
-----------------------------------  -----  ---------  --------  ----------  --------------  -------------------
/opt/airflow/dags/minio-to-kafka.py                           1           0  1.22s           2026-08-30T22:10:14
================================================================================
[2026-08-30T22:11:02.966+0000] {manager.py:878} INFO - 
================================================================================
DAG File Processing Stats

File Path                            PID    Runtime      # DAGs    # Errors  Last Runtime    Last Run
-----------------------------------  -----  ---------  --------  ----------  --------------  -------------------
/opt/airflow/dags/minio-to-kafka.py                           1           0  1.21s           2026-08-30T22:10:45
================================================================================
[2026-08-30T22:11:33.280+0000] {manager.py:878} INFO - 
================================================================================
DAG File Processing Stats

File Path                            PID    Runtime      # DAGs    # Errors  Last Runtime    Last Run
-----------------------------------  -----  ---------  --------  ----------  --------------  -------------------
/opt/airflow/dags/minio-to-kafka.py                           1           0  1.26s           2026-08-30T22:11:17
================================================================================
[2026-08-30T22:12:03.735+0000] {manager.py:878} INFO - 
================================================================================
DAG File Processing Stats

File Path                            PID    Runtime      # DAGs    # Errors  Last Runtime    Last Run
-----------------------------------  -----  ---------  --------  ----------  --------------  -------------------
/opt/airflow/dags/minio-to-kafka.py                           1           0  1.04s           2026-08-30T22:11:48
================================================================================
[2026-08-30T22:12:33.984+0000] {manager.py:878} INFO - 
================================================================================
DAG File Processing Stats

File Path                            PID    Runtime      # DAGs    # Errors  Last Runtime    Last Run
-----------------------------------  -----  ---------  --------  ----------  --------------  -------------------
/opt/airflow/dags/minio-to-kafka.py                           1           0  1.61s           2026-08-30T22:12:20
================================================================================
[2026-08-30T22:13:04.033+0000] {manager.py:878} INFO - 
================================================================================
DAG File Processing Stats

File Path                            PID    Runtime      # DAGs    # Errors  Last Runtime    Last Run
-----------------------------------  -----  ---------  --------  ----------  --------------  -------------------
/opt/airflow/dags/minio-to-kafka.py                           1           0  1.27s           2026-08-30T22:12:51
================================================================================
[2026-08-30T22:13:34.273+0000] {manager.py:878} INFO - 
================================================================================
DAG File Processing Stats

File Path                            PID    Runtime      # DAGs    # Errors  Last Runtime    Last Run
-----------------------------------  -----  ---------  --------  ----------  --------------  -------------------
/opt/airflow/dags/minio-to-kafka.py                           1           0  1.45s           2026-08-30T22:13:23
================================================================================
[2026-08-30T22:14:03.468+0000] {manager.py:737} INFO - Searching for files in /opt/airflow/dags
[2026-08-30T22:14:03.510+0000] {manager.py:740} INFO - There are 1 files in /opt/airflow/dags
[2026-08-30T22:14:04.532+0000] {manager.py:878} INFO - 
================================================================================
DAG File Processing Stats

File Path                            PID    Runtime      # DAGs    # Errors  Last Runtime    Last Run
-----------------------------------  -----  ---------  --------  ----------  --------------  -------------------
/opt/airflow/dags/minio-to-kafka.py                           1           0  0.99s           2026-08-30T22:13:54
================================================================================
[2026-08-30T22:14:34.788+0000] {manager.py:878} INFO - 
================================================================================
DAG File Processing Stats

File Path                            PID    Runtime      # DAGs    # Errors  Last Runtime    Last Run
-----------------------------------  -----  ---------  --------  ----------  --------------  -------------------
/opt/airflow/dags/minio-to-kafka.py                           1           0  0.97s           2026-08-30T22:14:26
================================================================================
[2026-08-30T22:15:05.456+0000] {manager.py:878} INFO - 
================================================================================
DAG File Processing Stats

File Path                            PID    Runtime      # DAGs    # Errors  Last Runtime    Last Run
-----------------------------------  -----  ---------  --------  ----------  --------------  -------------------
/opt/airflow/dags/minio-to-kafka.py                           1           0  1.02s           2026-08-30T22:14:57
================================================================================
[2026-08-30T22:15:35.712+0000] {manager.py:878} INFO - 
================================================================================
DAG File Processing Stats

File Path                            PID    Runtime      # DAGs    # Errors  Last Runtime    Last Run
-----------------------------------  -----  ---------  --------  ----------  --------------  -------------------
/opt/airflow/dags/minio-to-kafka.py                           1           0  1.10s           2026-08-30T22:15:28
================================================================================
[2026-08-30T22:16:06.106+0000] {manager.py:878} INFO - 
================================================================================
DAG File Processing Stats

File Path                            PID    Runtime      # DAGs    # Errors  Last Runtime    Last Run
-----------------------------------  -----  ---------  --------  ----------  --------------  -------------------
/opt/airflow/dags/minio-to-kafka.py                           1           0  1.22s           2026-08-30T22:16:00
================================================================================
[2026-08-30T22:16:36.428+0000] {manager.py:878} INFO - 
================================================================================
DAG File Processing Stats

File Path                            PID    Runtime      # DAGs    # Errors  Last Runtime    Last Run
-----------------------------------  -----  ---------  --------  ----------  --------------  -------------------
/opt/airflow/dags/minio-to-kafka.py                           1           0  1.74s           2026-08-30T22:16:32
================================================================================
[2026-08-30T22:17:06.649+0000] {manager.py:878} INFO - 
================================================================================
DAG File Processing Stats

File Path                            PID    Runtime      # DAGs    # Errors  Last Runtime    Last Run
-----------------------------------  -----  ---------  --------  ----------  --------------  -------------------
/opt/airflow/dags/minio-to-kafka.py                           1           0  2.50s           2026-08-30T22:17:04
================================================================================
[2026-08-30T22:17:37.398+0000] {manager.py:878} INFO - 
================================================================================
DAG File Processing Stats

File Path                              PID  Runtime      # DAGs    # Errors  Last Runtime    Last Run
-----------------------------------  -----  ---------  --------  ----------  --------------  -------------------
/opt/airflow/dags/minio-to-kafka.py   2237  1.23s             1           0  2.50s           2026-08-30T22:17:04
================================================================================
[2026-08-30T22:18:13.053+0000] {manager.py:878} INFO - 
================================================================================
DAG File Processing Stats

File Path                            PID    Runtime      # DAGs    # Errors  Last Runtime    Last Run
-----------------------------------  -----  ---------  --------  ----------  --------------  -------------------
/opt/airflow/dags/minio-to-kafka.py                           1           0  10.59s          2026-08-30T22:17:46
================================================================================
[2026-08-30T22:18:43.987+0000] {manager.py:878} INFO - 
================================================================================
DAG File Processing Stats

File Path                            PID    Runtime      # DAGs    # Errors  Last Runtime    Last Run
-----------------------------------  -----  ---------  --------  ----------  --------------  -------------------
/opt/airflow/dags/minio-to-kafka.py                           1           0  5.26s           2026-08-30T22:18:22
================================================================================
[2026-08-30T22:19:04.287+0000] {manager.py:737} INFO - Searching for files in /opt/airflow/dags
[2026-08-30T22:19:04.552+0000] {manager.py:740} INFO - There are 1 files in /opt/airflow/dags
[2026-08-30T22:19:14.763+0000] {manager.py:878} INFO - 
================================================================================
DAG File Processing Stats

File Path                            PID    Runtime      # DAGs    # Errors  Last Runtime    Last Run
-----------------------------------  -----  ---------  --------  ----------  --------------  -------------------
/opt/airflow/dags/minio-to-kafka.py                           1           0  3.17s           2026-08-30T22:18:56
================================================================================
[2026-08-30T22:19:45.068+0000] {manager.py:878} INFO - 
================================================================================
DAG File Processing Stats

File Path                            PID    Runtime      # DAGs    # Errors  Last Runtime    Last Run
-----------------------------------  -----  ---------  --------  ----------  --------------  -------------------
/opt/airflow/dags/minio-to-kafka.py                           1           0  1.67s           2026-08-30T22:19:28
================================================================================
[2026-08-30T22:20:15.226+0000] {manager.py:878} INFO - 
================================================================================
DAG File Processing Stats

File Path                            PID    Runtime      # DAGs    # Errors  Last Runtime    Last Run
-----------------------------------  -----  ---------  --------  ----------  --------------  -------------------
/opt/airflow/dags/minio-to-kafka.py                           1           0  1.23s           2026-08-30T22:20:00
================================================================================
[2026-08-30T22:20:45.367+0000] {manager.py:878} INFO - 
================================================================================
DAG File Processing Stats

File Path                            PID    Runtime      # DAGs    # Errors  Last Runtime    Last Run
-----------------------------------  -----  ---------  --------  ----------  --------------  -------------------
/opt/airflow/dags/minio-to-kafka.py                           1           0  1.20s           2026-08-30T22:20:31
================================================================================
[2026-08-30T22:21:15.890+0000] {manager.py:878} INFO - 
================================================================================
DAG File Processing Stats

File Path                            PID    Runtime      # DAGs    # Errors  Last Runtime    Last Run
-----------------------------------  -----  ---------  --------  ----------  --------------  -------------------
/opt/airflow/dags/minio-to-kafka.py                           1           0  1.45s           2026-08-30T22:21:03
================================================================================
[2026-08-30T22:21:46.141+0000] {manager.py:878} INFO - 
================================================================================
DAG File Processing Stats

File Path                            PID    Runtime      # DAGs    # Errors  Last Runtime    Last Run
-----------------------------------  -----  ---------  --------  ----------  --------------  -------------------
/opt/airflow/dags/minio-to-kafka.py                           1           0  1.73s           2026-08-30T22:21:35
================================================================================
[2026-08-30T22:22:16.528+0000] {manager.py:878} INFO - 
================================================================================
DAG File Processing Stats

File Path                            PID    Runtime      # DAGs    # Errors  Last Runtime    Last Run
-----------------------------------  -----  ---------  --------  ----------  --------------  -------------------
/opt/airflow/dags/minio-to-kafka.py                           1           0  1.14s           2026-08-30T22:22:06
================================================================================
[2026-08-30T22:22:46.896+0000] {manager.py:878} INFO - 
================================================================================
DAG File Processing Stats

File Path                            PID    Runtime      # DAGs    # Errors  Last Runtime    Last Run
-----------------------------------  -----  ---------  --------  ----------  --------------  -------------------
/opt/airflow/dags/minio-to-kafka.py                           1           0  1.08s           2026-08-30T22:22:37
================================================================================
[2026-08-30T22:23:17.186+0000] {manager.py:878} INFO - 
================================================================================
DAG File Processing Stats

File Path                            PID    Runtime      # DAGs    # Errors  Last Runtime    Last Run
-----------------------------------  -----  ---------  --------  ----------  --------------  -------------------
/opt/airflow/dags/minio-to-kafka.py                           1           0  1.22s           2026-08-30T22:23:09
================================================================================
[2026-08-30T22:23:47.675+0000] {manager.py:878} INFO - 
================================================================================
DAG File Processing Stats

File Path                            PID    Runtime      # DAGs    # Errors  Last Runtime    Last Run
-----------------------------------  -----  ---------  --------  ----------  --------------  -------------------
/opt/airflow/dags/minio-to-kafka.py                           1           0  1.25s           2026-08-30T22:23:40
================================================================================
[2026-08-30T22:24:04.829+0000] {manager.py:737} INFO - Searching for files in /opt/airflow/dags
[2026-08-30T22:24:04.939+0000] {manager.py:740} INFO - There are 1 files in /opt/airflow/dags
[2026-08-30T22:24:18.134+0000] {manager.py:878} INFO - 
================================================================================
DAG File Processing Stats

File Path                            PID    Runtime      # DAGs    # Errors  Last Runtime    Last Run
-----------------------------------  -----  ---------  --------  ----------  --------------  -------------------
/opt/airflow/dags/minio-to-kafka.py                           1           0  1.30s           2026-08-30T22:24:12
================================================================================
[2026-08-30T22:24:48.575+0000] {manager.py:878} INFO - 
================================================================================
DAG File Processing Stats

File Path                            PID    Runtime      # DAGs    # Errors  Last Runtime    Last Run
-----------------------------------  -----  ---------  --------  ----------  --------------  -------------------
/opt/airflow/dags/minio-to-kafka.py                           1           0  4.36s           2026-08-30T22:24:46
================================================================================
[2026-08-30T22:25:19.064+0000] {manager.py:878} INFO - 
================================================================================
DAG File Processing Stats

File Path                            PID    Runtime      # DAGs    # Errors  Last Runtime    Last Run
-----------------------------------  -----  ---------  --------  ----------  --------------  -------------------
/opt/airflow/dags/minio-to-kafka.py                           1           0  1.60s           2026-08-30T22:25:18
================================================================================
[2026-08-30T22:25:49.326+0000] {manager.py:878} INFO - 
================================================================================
DAG File Processing Stats

File Path                              PID  Runtime      # DAGs    # Errors  Last Runtime    Last Run
-----------------------------------  -----  ---------  --------  ----------  --------------  -------------------
/opt/airflow/dags/minio-to-kafka.py   2282  0.58s             1           0  1.60s           2026-08-30T22:25:18
================================================================================
[2026-08-30T22:26:19.576+0000] {manager.py:878} INFO - 
================================================================================
DAG File Processing Stats

File Path                            PID    Runtime      # DAGs    # Errors  Last Runtime    Last Run
-----------------------------------  -----  ---------  --------  ----------  --------------  -------------------
/opt/airflow/dags/minio-to-kafka.py                           1           0  1.52s           2026-08-30T22:25:50
================================================================================
[2026-08-30T22:26:49.800+0000] {manager.py:878} INFO - 
================================================================================
DAG File Processing Stats

File Path                            PID    Runtime      # DAGs    # Errors  Last Runtime    Last Run
-----------------------------------  -----  ---------  --------  ----------  --------------  -------------------
/opt/airflow/dags/minio-to-kafka.py                           1           0  1.32s           2026-08-30T22:26:21
================================================================================
[2026-08-30T22:27:20.349+0000] {manager.py:878} INFO - 
================================================================================
DAG File Processing Stats

File Path                            PID    Runtime      # DAGs    # Errors  Last Runtime    Last Run
-----------------------------------  -----  ---------  --------  ----------  --------------  -------------------
/opt/airflow/dags/minio-to-kafka.py                           1           0  1.10s           2026-08-30T22:26:53
================================================================================
[2026-08-30T22:27:50.711+0000] {manager.py:878} INFO - 
================================================================================
DAG File Processing Stats

File Path                            PID    Runtime      # DAGs    # Errors  Last Runtime    Last Run
-----------------------------------  -----  ---------  --------  ----------  --------------  -------------------
/opt/airflow/dags/minio-to-kafka.py                           1           0  1.35s           2026-08-30T22:27:24
================================================================================
[2026-08-30T22:28:21.067+0000] {manager.py:878} INFO - 
================================================================================
DAG File Processing Stats

File Path                            PID    Runtime      # DAGs    # Errors  Last Runtime    Last Run
-----------------------------------  -----  ---------  --------  ----------  --------------  -------------------
/opt/airflow/dags/minio-to-kafka.py                           1           0  1.28s           2026-08-30T22:27:56
================================================================================
[2026-08-30T22:28:51.429+0000] {manager.py:878} INFO - 
================================================================================
DAG File Processing Stats

File Path                            PID    Runtime      # DAGs    # Errors  Last Runtime    Last Run
-----------------------------------  -----  ---------  --------  ----------  --------------  -------------------
/opt/airflow/dags/minio-to-kafka.py                           1           0  1.07s           2026-08-30T22:28:27
================================================================================
[2026-08-30T22:29:05.650+0000] {manager.py:737} INFO - Searching for files in /opt/airflow/dags
[2026-08-30T22:29:05.711+0000] {manager.py:740} INFO - There are 1 files in /opt/airflow/dags
[2026-08-30T22:29:21.936+0000] {manager.py:878} INFO - 
================================================================================
DAG File Processing Stats

File Path                            PID    Runtime      # DAGs    # Errors  Last Runtime    Last Run
-----------------------------------  -----  ---------  --------  ----------  --------------  -------------------
/opt/airflow/dags/minio-to-kafka.py                           1           0  1.13s           2026-08-30T22:28:58
================================================================================
[2026-08-30T22:29:52.450+0000] {manager.py:878} INFO - 
================================================================================
DAG File Processing Stats

File Path                            PID    Runtime      # DAGs    # Errors  Last Runtime    Last Run
-----------------------------------  -----  ---------  --------  ----------  --------------  -------------------
/opt/airflow/dags/minio-to-kafka.py                           1           0  1.12s           2026-08-30T22:29:30
================================================================================
[2026-08-30T22:30:22.702+0000] {manager.py:878} INFO - 
================================================================================
DAG File Processing Stats

File Path                            PID    Runtime      # DAGs    # Errors  Last Runtime    Last Run
-----------------------------------  -----  ---------  --------  ----------  --------------  -------------------
/opt/airflow/dags/minio-to-kafka.py                           1           0  0.99s           2026-08-30T22:30:01
================================================================================
[2026-08-30T22:30:53.022+0000] {manager.py:878} INFO - 
================================================================================
DAG File Processing Stats

File Path                            PID    Runtime      # DAGs    # Errors  Last Runtime    Last Run
-----------------------------------  -----  ---------  --------  ----------  --------------  -------------------
/opt/airflow/dags/minio-to-kafka.py                           1           0  1.42s           2026-08-30T22:30:33
================================================================================
[2026-08-30T22:31:23.059+0000] {manager.py:878} INFO - 
================================================================================
DAG File Processing Stats

File Path                            PID    Runtime      # DAGs    # Errors  Last Runtime    Last Run
-----------------------------------  -----  ---------  --------  ----------  --------------  -------------------
/opt/airflow/dags/minio-to-kafka.py                           1           0  1.31s           2026-08-30T22:31:04
================================================================================
[2026-08-30T22:31:53.079+0000] {manager.py:878} INFO - 
================================================================================
DAG File Processing Stats

File Path                            PID    Runtime      # DAGs    # Errors  Last Runtime    Last Run
-----------------------------------  -----  ---------  --------  ----------  --------------  -------------------
/opt/airflow/dags/minio-to-kafka.py                           1           0  3.15s           2026-08-30T22:31:38
================================================================================
[2026-08-30T22:32:23.702+0000] {manager.py:878} INFO - 
================================================================================
DAG File Processing Stats

File Path                            PID    Runtime      # DAGs    # Errors  Last Runtime    Last Run
-----------------------------------  -----  ---------  --------  ----------  --------------  -------------------
/opt/airflow/dags/minio-to-kafka.py                           1           0  2.50s           2026-08-30T22:32:10
================================================================================
[2026-08-30T22:32:53.723+0000] {manager.py:878} INFO - 
================================================================================
DAG File Processing Stats

File Path                            PID    Runtime      # DAGs    # Errors  Last Runtime    Last Run
-----------------------------------  -----  ---------  --------  ----------  --------------  -------------------
/opt/airflow/dags/minio-to-kafka.py                           1           0  4.45s           2026-08-30T22:32:45
================================================================================
[2026-08-30T22:33:24.017+0000] {manager.py:878} INFO - 
================================================================================
DAG File Processing Stats

File Path                            PID    Runtime      # DAGs    # Errors  Last Runtime    Last Run
-----------------------------------  -----  ---------  --------  ----------  --------------  -------------------
/opt/airflow/dags/minio-to-kafka.py                           1           0  2.11s           2026-08-30T22:33:18
================================================================================
[2026-08-30T22:33:54.555+0000] {manager.py:878} INFO - 
================================================================================
DAG File Processing Stats

File Path                            PID    Runtime      # DAGs    # Errors  Last Runtime    Last Run
-----------------------------------  -----  ---------  --------  ----------  --------------  -------------------
/opt/airflow/dags/minio-to-kafka.py                           1           0  3.55s           2026-08-30T22:33:51
================================================================================
[2026-08-30T22:34:06.079+0000] {manager.py:737} INFO - Searching for files in /opt/airflow/dags
[2026-08-30T22:34:06.113+0000] {manager.py:740} INFO - There are 1 files in /opt/airflow/dags
[2026-08-30T22:34:25.282+0000] {manager.py:878} INFO - 
================================================================================
DAG File Processing Stats

File Path                            PID    Runtime      # DAGs    # Errors  Last Runtime    Last Run
-----------------------------------  -----  ---------  --------  ----------  --------------  -------------------
/opt/airflow/dags/minio-to-kafka.py                           1           0  2.03s           2026-08-30T22:34:24
================================================================================
[2026-08-30T22:34:55.711+0000] {manager.py:878} INFO - 
================================================================================
DAG File Processing Stats

File Path                              PID  Runtime      # DAGs    # Errors  Last Runtime    Last Run
-----------------------------------  -----  ---------  --------  ----------  --------------  -------------------
/opt/airflow/dags/minio-to-kafka.py   2333  1.02s             1           0  2.03s           2026-08-30T22:34:24
================================================================================
[2026-08-30T22:35:26.104+0000] {manager.py:878} INFO - 
================================================================================
DAG File Processing Stats

File Path                            PID    Runtime      # DAGs    # Errors  Last Runtime    Last Run
-----------------------------------  -----  ---------  --------  ----------  --------------  -------------------
/opt/airflow/dags/minio-to-kafka.py                           1           0  2.21s           2026-08-30T22:34:56
================================================================================
[2026-08-30T22:35:56.431+0000] {manager.py:878} INFO - 
================================================================================
DAG File Processing Stats

File Path                            PID    Runtime      # DAGs    # Errors  Last Runtime    Last Run
-----------------------------------  -----  ---------  --------  ----------  --------------  -------------------
/opt/airflow/dags/minio-to-kafka.py                           1           0  1.34s           2026-08-30T22:35:28
================================================================================
[2026-08-30T22:36:27.221+0000] {manager.py:878} INFO - 
================================================================================
DAG File Processing Stats

File Path                            PID    Runtime      # DAGs    # Errors  Last Runtime    Last Run
-----------------------------------  -----  ---------  --------  ----------  --------------  -------------------
/opt/airflow/dags/minio-to-kafka.py                           1           0  2.39s           2026-08-30T22:36:01
================================================================================
[2026-08-30T22:36:57.477+0000] {manager.py:878} INFO - 
================================================================================
DAG File Processing Stats

File Path                            PID    Runtime      # DAGs    # Errors  Last Runtime    Last Run
-----------------------------------  -----  ---------  --------  ----------  --------------  -------------------
/opt/airflow/dags/minio-to-kafka.py                           1           0  1.54s           2026-08-30T22:36:32
================================================================================
[2026-08-30T22:37:27.678+0000] {manager.py:878} INFO - 
================================================================================
DAG File Processing Stats

File Path                            PID    Runtime      # DAGs    # Errors  Last Runtime    Last Run
-----------------------------------  -----  ---------  --------  ----------  --------------  -------------------
/opt/airflow/dags/minio-to-kafka.py                           1           0  1.55s           2026-08-30T22:37:04
================================================================================
[2026-08-30T22:37:57.986+0000] {manager.py:878} INFO - 
================================================================================
DAG File Processing Stats

File Path                            PID    Runtime      # DAGs    # Errors  Last Runtime    Last Run
-----------------------------------  -----  ---------  --------  ----------  --------------  -------------------
/opt/airflow/dags/minio-to-kafka.py                           1           0  1.36s           2026-08-30T22:37:36
================================================================================
[2026-08-30T22:38:28.631+0000] {manager.py:878} INFO - 
================================================================================
DAG File Processing Stats

File Path                            PID    Runtime      # DAGs    # Errors  Last Runtime    Last Run
-----------------------------------  -----  ---------  --------  ----------  --------------  -------------------
/opt/airflow/dags/minio-to-kafka.py                           1           0  1.06s           2026-08-30T22:38:07
================================================================================
[2026-08-30T22:38:58.939+0000] {manager.py:878} INFO - 
================================================================================
DAG File Processing Stats

File Path                            PID    Runtime      # DAGs    # Errors  Last Runtime    Last Run
-----------------------------------  -----  ---------  --------  ----------  --------------  -------------------
/opt/airflow/dags/minio-to-kafka.py                           1           0  1.10s           2026-08-30T22:38:38
================================================================================
[2026-08-30T22:39:07.019+0000] {manager.py:737} INFO - Searching for files in /opt/airflow/dags
[2026-08-30T22:39:07.050+0000] {manager.py:740} INFO - There are 1 files in /opt/airflow/dags
[2026-08-30T22:39:29.259+0000] {manager.py:878} INFO - 
================================================================================
DAG File Processing Stats

File Path                            PID    Runtime      # DAGs    # Errors  Last Runtime    Last Run
-----------------------------------  -----  ---------  --------  ----------  --------------  -------------------
/opt/airflow/dags/minio-to-kafka.py                           1           0  1.00s           2026-08-30T22:39:10
================================================================================
[2026-08-30T22:39:59.664+0000] {manager.py:878} INFO - 
================================================================================
DAG File Processing Stats

File Path                            PID    Runtime      # DAGs    # Errors  Last Runtime    Last Run
-----------------------------------  -----  ---------  --------  ----------  --------------  -------------------
/opt/airflow/dags/minio-to-kafka.py                           1           0  4.60s           2026-08-30T22:39:44
================================================================================
[2026-08-30T22:40:29.839+0000] {manager.py:878} INFO - 
================================================================================
DAG File Processing Stats

File Path                            PID    Runtime      # DAGs    # Errors  Last Runtime    Last Run
-----------------------------------  -----  ---------  --------  ----------  --------------  -------------------
/opt/airflow/dags/minio-to-kafka.py                           1           0  1.53s           2026-08-30T22:40:16
================================================================================
[2026-08-30T22:41:00.081+0000] {manager.py:878} INFO - 
================================================================================
DAG File Processing Stats

File Path                            PID    Runtime      # DAGs    # Errors  Last Runtime    Last Run
-----------------------------------  -----  ---------  --------  ----------  --------------  -------------------
/opt/airflow/dags/minio-to-kafka.py                           1           0  1.99s           2026-08-30T22:40:48
================================================================================
[2026-08-30T22:41:30.330+0000] {manager.py:878} INFO - 
================================================================================
DAG File Processing Stats

File Path                            PID    Runtime      # DAGs    # Errors  Last Runtime    Last Run
-----------------------------------  -----  ---------  --------  ----------  --------------  -------------------
/opt/airflow/dags/minio-to-kafka.py                           1           0  2.08s           2026-08-30T22:41:21
================================================================================
[2026-08-30T22:42:00.586+0000] {manager.py:878} INFO - 
================================================================================
DAG File Processing Stats

File Path                            PID    Runtime      # DAGs    # Errors  Last Runtime    Last Run
-----------------------------------  -----  ---------  --------  ----------  --------------  -------------------
/opt/airflow/dags/minio-to-kafka.py                           1           0  1.63s           2026-08-30T22:41:53
================================================================================
[2026-08-30T22:42:30.786+0000] {manager.py:878} INFO - 
================================================================================
DAG File Processing Stats

File Path                            PID    Runtime      # DAGs    # Errors  Last Runtime    Last Run
-----------------------------------  -----  ---------  --------  ----------  --------------  -------------------
/opt/airflow/dags/minio-to-kafka.py                           1           0  1.98s           2026-08-30T22:42:25
================================================================================
[2026-08-30T22:43:00.950+0000] {manager.py:878} INFO - 
================================================================================
DAG File Processing Stats

File Path                            PID    Runtime      # DAGs    # Errors  Last Runtime    Last Run
-----------------------------------  -----  ---------  --------  ----------  --------------  -------------------
/opt/airflow/dags/minio-to-kafka.py                           1           0  1.38s           2026-08-30T22:42:56
================================================================================
[2026-08-30T22:43:31.273+0000] {manager.py:878} INFO - 
================================================================================
DAG File Processing Stats

File Path                            PID    Runtime      # DAGs    # Errors  Last Runtime    Last Run
-----------------------------------  -----  ---------  --------  ----------  --------------  -------------------
/opt/airflow/dags/minio-to-kafka.py                           1           0  2.07s           2026-08-30T22:43:29
================================================================================
[2026-08-30T22:44:01.472+0000] {manager.py:878} INFO - 
================================================================================
DAG File Processing Stats

File Path                              PID  Runtime      # DAGs    # Errors  Last Runtime    Last Run
-----------------------------------  -----  ---------  --------  ----------  --------------  -------------------
/opt/airflow/dags/minio-to-kafka.py   2384  0.58s             1           0  2.07s           2026-08-30T22:43:29
================================================================================
[2026-08-30T22:44:07.418+0000] {manager.py:737} INFO - Searching for files in /opt/airflow/dags
[2026-08-30T22:44:07.454+0000] {manager.py:740} INFO - There are 1 files in /opt/airflow/dags
[2026-08-30T22:44:31.657+0000] {manager.py:878} INFO - 
================================================================================
DAG File Processing Stats

File Path                            PID    Runtime      # DAGs    # Errors  Last Runtime    Last Run
-----------------------------------  -----  ---------  --------  ----------  --------------  -------------------
/opt/airflow/dags/minio-to-kafka.py                           1           0  6.53s           2026-08-30T22:44:07
================================================================================
[2026-08-30T22:45:01.903+0000] {manager.py:878} INFO - 
================================================================================
DAG File Processing Stats

File Path                            PID    Runtime      # DAGs    # Errors  Last Runtime    Last Run
-----------------------------------  -----  ---------  --------  ----------  --------------  -------------------
/opt/airflow/dags/minio-to-kafka.py                           1           0  2.60s           2026-08-30T22:44:40
================================================================================
[2026-08-30T22:45:32.303+0000] {manager.py:878} INFO - 
================================================================================
DAG File Processing Stats

File Path                            PID    Runtime      # DAGs    # Errors  Last Runtime    Last Run
-----------------------------------  -----  ---------  --------  ----------  --------------  -------------------
/opt/airflow/dags/minio-to-kafka.py                           1           0  11.00s          2026-08-30T22:45:21
================================================================================
[2026-08-30T22:46:02.542+0000] {manager.py:878} INFO - 
================================================================================
DAG File Processing Stats

File Path                            PID    Runtime      # DAGs    # Errors  Last Runtime    Last Run
-----------------------------------  -----  ---------  --------  ----------  --------------  -------------------
/opt/airflow/dags/minio-to-kafka.py                           1           0  4.78s           2026-08-30T22:45:56
================================================================================
[2026-08-30T22:46:33.156+0000] {manager.py:878} INFO - 
================================================================================
DAG File Processing Stats

File Path                            PID    Runtime      # DAGs    # Errors  Last Runtime    Last Run
-----------------------------------  -----  ---------  --------  ----------  --------------  -------------------
/opt/airflow/dags/minio-to-kafka.py                           1           0  3.11s           2026-08-30T22:46:30
================================================================================
[2026-08-30T22:47:03.554+0000] {manager.py:878} INFO - 
================================================================================
DAG File Processing Stats

File Path                              PID  Runtime      # DAGs    # Errors  Last Runtime    Last Run
-----------------------------------  -----  ---------  --------  ----------  --------------  -------------------
/opt/airflow/dags/minio-to-kafka.py   2399  3.06s             1           0  3.11s           2026-08-30T22:46:30
================================================================================
[2026-08-30T22:47:34.247+0000] {manager.py:878} INFO - 
================================================================================
DAG File Processing Stats

File Path                              PID  Runtime      # DAGs    # Errors  Last Runtime    Last Run
-----------------------------------  -----  ---------  --------  ----------  --------------  -------------------
/opt/airflow/dags/minio-to-kafka.py   2402  0.01s             1           0  3.12s           2026-08-30T22:47:03
================================================================================
[2026-08-30T22:48:05.069+0000] {manager.py:878} INFO - 
================================================================================
DAG File Processing Stats

File Path                            PID    Runtime      # DAGs    # Errors  Last Runtime    Last Run
-----------------------------------  -----  ---------  --------  ----------  --------------  -------------------
/opt/airflow/dags/minio-to-kafka.py                           1           0  7.54s           2026-08-30T22:47:41
================================================================================
[2026-08-30T22:48:35.378+0000] {manager.py:878} INFO - 
================================================================================
DAG File Processing Stats

File Path                            PID    Runtime      # DAGs    # Errors  Last Runtime    Last Run
-----------------------------------  -----  ---------  --------  ----------  --------------  -------------------
/opt/airflow/dags/minio-to-kafka.py                           1           0  2.04s           2026-08-30T22:48:14
================================================================================
[2026-08-30T22:49:05.604+0000] {manager.py:878} INFO - 
================================================================================
DAG File Processing Stats

File Path                            PID    Runtime      # DAGs    # Errors  Last Runtime    Last Run
-----------------------------------  -----  ---------  --------  ----------  --------------  -------------------
/opt/airflow/dags/minio-to-kafka.py                           1           0  2.99s           2026-08-30T22:48:47
================================================================================
[2026-08-30T22:49:07.620+0000] {manager.py:737} INFO - Searching for files in /opt/airflow/dags
[2026-08-30T22:49:07.737+0000] {manager.py:740} INFO - There are 1 files in /opt/airflow/dags
[2026-08-30T22:49:35.645+0000] {manager.py:878} INFO - 
================================================================================
DAG File Processing Stats

File Path                            PID    Runtime      # DAGs    # Errors  Last Runtime    Last Run
-----------------------------------  -----  ---------  --------  ----------  --------------  -------------------
/opt/airflow/dags/minio-to-kafka.py                           1           0  1.36s           2026-08-30T22:49:19
================================================================================
[2026-08-30T22:50:06.151+0000] {manager.py:878} INFO - 
================================================================================
DAG File Processing Stats

File Path                            PID    Runtime      # DAGs    # Errors  Last Runtime    Last Run
-----------------------------------  -----  ---------  --------  ----------  --------------  -------------------
/opt/airflow/dags/minio-to-kafka.py                           1           0  7.98s           2026-08-30T22:49:57
================================================================================
[2026-08-30T22:50:37.024+0000] {manager.py:878} INFO - 
================================================================================
DAG File Processing Stats

File Path                            PID    Runtime      # DAGs    # Errors  Last Runtime    Last Run
-----------------------------------  -----  ---------  --------  ----------  --------------  -------------------
/opt/airflow/dags/minio-to-kafka.py                           1           0  7.59s           2026-08-30T22:50:36
================================================================================
[2026-08-30T22:51:07.679+0000] {manager.py:878} INFO - 
================================================================================
DAG File Processing Stats

File Path                              PID  Runtime      # DAGs    # Errors  Last Runtime    Last Run
-----------------------------------  -----  ---------  --------  ----------  --------------  -------------------
/opt/airflow/dags/minio-to-kafka.py   2420  0.04s             1           0  7.59s           2026-08-30T22:50:36
================================================================================
[2026-08-30T22:51:39.019+0000] {manager.py:878} INFO - 
================================================================================
DAG File Processing Stats

File Path                            PID    Runtime      # DAGs    # Errors  Last Runtime    Last Run
-----------------------------------  -----  ---------  --------  ----------  --------------  -------------------
/opt/airflow/dags/minio-to-kafka.py                           1           0  10.54s          2026-08-30T22:51:18
================================================================================
[2026-08-30T22:52:09.290+0000] {manager.py:878} INFO - 
================================================================================
DAG File Processing Stats

File Path                            PID    Runtime      # DAGs    # Errors  Last Runtime    Last Run
-----------------------------------  -----  ---------  --------  ----------  --------------  -------------------
/opt/airflow/dags/minio-to-kafka.py                           1           0  9.11s           2026-08-30T22:51:58
================================================================================
[2026-08-30T22:52:39.548+0000] {manager.py:878} INFO - 
================================================================================
DAG File Processing Stats

File Path                            PID    Runtime      # DAGs    # Errors  Last Runtime    Last Run
-----------------------------------  -----  ---------  --------  ----------  --------------  -------------------
/opt/airflow/dags/minio-to-kafka.py                           1           0  8.02s           2026-08-30T22:52:37
================================================================================
[2026-08-30T22:53:10.125+0000] {manager.py:878} INFO - 
================================================================================
DAG File Processing Stats

File Path                              PID  Runtime      # DAGs    # Errors  Last Runtime    Last Run
-----------------------------------  -----  ---------  --------  ----------  --------------  -------------------
/opt/airflow/dags/minio-to-kafka.py   2429  2.07s             1           0  8.02s           2026-08-30T22:52:37
================================================================================
[2026-08-30T22:53:40.378+0000] {manager.py:878} INFO - 
================================================================================
DAG File Processing Stats

File Path                            PID    Runtime      # DAGs    # Errors  Last Runtime    Last Run
-----------------------------------  -----  ---------  --------  ----------  --------------  -------------------
/opt/airflow/dags/minio-to-kafka.py                           1           0  3.80s           2026-08-30T22:53:11
================================================================================
[2026-08-30T22:54:08.094+0000] {manager.py:737} INFO - Searching for files in /opt/airflow/dags
[2026-08-30T22:54:08.128+0000] {manager.py:740} INFO - There are 1 files in /opt/airflow/dags
[2026-08-30T22:54:10.583+0000] {manager.py:878} INFO - 
================================================================================
DAG File Processing Stats

File Path                            PID    Runtime      # DAGs    # Errors  Last Runtime    Last Run
-----------------------------------  -----  ---------  --------  ----------  --------------  -------------------
/opt/airflow/dags/minio-to-kafka.py                           1           0  1.88s           2026-08-30T22:53:43
================================================================================
[2026-08-30T22:54:40.908+0000] {manager.py:878} INFO - 
================================================================================
DAG File Processing Stats

File Path                            PID    Runtime      # DAGs    # Errors  Last Runtime    Last Run
-----------------------------------  -----  ---------  --------  ----------  --------------  -------------------
/opt/airflow/dags/minio-to-kafka.py                           1           0  1.84s           2026-08-30T22:54:16
================================================================================
[2026-08-30T22:55:11.087+0000] {manager.py:878} INFO - 
================================================================================
DAG File Processing Stats

File Path                            PID    Runtime      # DAGs    # Errors  Last Runtime    Last Run
-----------------------------------  -----  ---------  --------  ----------  --------------  -------------------
/opt/airflow/dags/minio-to-kafka.py                           1           0  13.29s          2026-08-30T22:54:59
================================================================================
[2026-08-30T22:55:41.223+0000] {manager.py:878} INFO - 
================================================================================
DAG File Processing Stats

File Path                              PID  Runtime      # DAGs    # Errors  Last Runtime    Last Run
-----------------------------------  -----  ---------  --------  ----------  --------------  -------------------
/opt/airflow/dags/minio-to-kafka.py   2441  10.85s            1           0  13.29s          2026-08-30T22:54:59
================================================================================
[2026-08-30T22:56:11.601+0000] {manager.py:878} INFO - 
================================================================================
DAG File Processing Stats

File Path                            PID    Runtime      # DAGs    # Errors  Last Runtime    Last Run
-----------------------------------  -----  ---------  --------  ----------  --------------  -------------------
/opt/airflow/dags/minio-to-kafka.py                           1           0  38.13s          2026-08-30T22:56:08
================================================================================
[2026-08-30T22:56:42.018+0000] {manager.py:878} INFO - 
================================================================================
DAG File Processing Stats

File Path                              PID  Runtime      # DAGs    # Errors  Last Runtime    Last Run
-----------------------------------  -----  ---------  --------  ----------  --------------  -------------------
/opt/airflow/dags/minio-to-kafka.py   2444  3.17s             1           0  38.13s          2026-08-30T22:56:08
================================================================================
[2026-08-30T22:57:12.313+0000] {manager.py:878} INFO - 
================================================================================
DAG File Processing Stats

File Path                            PID    Runtime      # DAGs    # Errors  Last Runtime    Last Run
-----------------------------------  -----  ---------  --------  ----------  --------------  -------------------
/opt/airflow/dags/minio-to-kafka.py                           1           0  8.24s           2026-08-30T22:56:47
================================================================================
[2026-08-30T22:57:42.992+0000] {manager.py:878} INFO - 
================================================================================
DAG File Processing Stats

File Path                            PID    Runtime      # DAGs    # Errors  Last Runtime    Last Run
-----------------------------------  -----  ---------  --------  ----------  --------------  -------------------
/opt/airflow/dags/minio-to-kafka.py                           1           0  5.28s           2026-08-30T22:57:22
================================================================================
[2026-08-30T22:58:13.340+0000] {manager.py:878} INFO - 
================================================================================
DAG File Processing Stats

File Path                            PID    Runtime      # DAGs    # Errors  Last Runtime    Last Run
-----------------------------------  -----  ---------  --------  ----------  --------------  -------------------
/opt/airflow/dags/minio-to-kafka.py                           1           0  1.68s           2026-08-30T22:57:54
================================================================================
[2026-08-30T22:58:43.612+0000] {manager.py:878} INFO - 
================================================================================
DAG File Processing Stats

File Path                            PID    Runtime      # DAGs    # Errors  Last Runtime    Last Run
-----------------------------------  -----  ---------  --------  ----------  --------------  -------------------
/opt/airflow/dags/minio-to-kafka.py                           1           0  1.86s           2026-08-30T22:58:26
================================================================================
[2026-08-30T22:59:08.328+0000] {manager.py:737} INFO - Searching for files in /opt/airflow/dags
[2026-08-30T22:59:08.355+0000] {manager.py:740} INFO - There are 1 files in /opt/airflow/dags
[2026-08-30T22:59:14.417+0000] {manager.py:878} INFO - 
================================================================================
DAG File Processing Stats

File Path                            PID    Runtime      # DAGs    # Errors  Last Runtime    Last Run
-----------------------------------  -----  ---------  --------  ----------  --------------  -------------------
/opt/airflow/dags/minio-to-kafka.py                           1           0  4.37s           2026-08-30T22:59:01
================================================================================
[2026-08-30T22:59:44.526+0000] {manager.py:878} INFO - 
================================================================================
DAG File Processing Stats

File Path                            PID    Runtime      # DAGs    # Errors  Last Runtime    Last Run
-----------------------------------  -----  ---------  --------  ----------  --------------  -------------------
/opt/airflow/dags/minio-to-kafka.py                           1           0  1.90s           2026-08-30T22:59:33
================================================================================
[2026-08-30T23:00:15.111+0000] {manager.py:878} INFO - 
================================================================================
DAG File Processing Stats

File Path                            PID    Runtime      # DAGs    # Errors  Last Runtime    Last Run
-----------------------------------  -----  ---------  --------  ----------  --------------  -------------------
/opt/airflow/dags/minio-to-kafka.py                           1           0  3.33s           2026-08-30T23:00:07
================================================================================
[2026-08-30T23:00:45.308+0000] {manager.py:878} INFO - 
================================================================================
DAG File Processing Stats

File Path                            PID    Runtime      # DAGs    # Errors  Last Runtime    Last Run
-----------------------------------  -----  ---------  --------  ----------  --------------  -------------------
/opt/airflow/dags/minio-to-kafka.py                           1           0  4.36s           2026-08-30T23:00:42
================================================================================
[2026-08-30T23:01:15.716+0000] {manager.py:878} INFO - 
================================================================================
DAG File Processing Stats

File Path                            PID    Runtime      # DAGs    # Errors  Last Runtime    Last Run
-----------------------------------  -----  ---------  --------  ----------  --------------  -------------------
/opt/airflow/dags/minio-to-kafka.py                           1           0  2.22s           2026-08-30T23:01:14
================================================================================
[2026-08-30T23:01:45.964+0000] {manager.py:878} INFO - 
================================================================================
DAG File Processing Stats

File Path                              PID  Runtime      # DAGs    # Errors  Last Runtime    Last Run
-----------------------------------  -----  ---------  --------  ----------  --------------  -------------------
/opt/airflow/dags/minio-to-kafka.py   2493  1.03s             1           0  2.22s           2026-08-30T23:01:14
================================================================================
[2026-08-30T23:02:16.191+0000] {manager.py:878} INFO - 
================================================================================
DAG File Processing Stats

File Path                            PID    Runtime      # DAGs    # Errors  Last Runtime    Last Run
-----------------------------------  -----  ---------  --------  ----------  --------------  -------------------
/opt/airflow/dags/minio-to-kafka.py                           1           0  2.14s           2026-08-30T23:01:47
================================================================================
[2026-08-30T23:02:46.589+0000] {manager.py:878} INFO - 
================================================================================
DAG File Processing Stats

File Path                            PID    Runtime      # DAGs    # Errors  Last Runtime    Last Run
-----------------------------------  -----  ---------  --------  ----------  --------------  -------------------
/opt/airflow/dags/minio-to-kafka.py                           1           0  1.43s           2026-08-30T23:02:18
================================================================================
[2026-08-30T23:03:17.027+0000] {manager.py:878} INFO - 
================================================================================
DAG File Processing Stats

File Path                            PID    Runtime      # DAGs    # Errors  Last Runtime    Last Run
-----------------------------------  -----  ---------  --------  ----------  --------------  -------------------
/opt/airflow/dags/minio-to-kafka.py                           1           0  4.80s           2026-08-30T23:02:53
================================================================================
[2026-08-30T23:03:47.218+0000] {manager.py:878} INFO - 
================================================================================
DAG File Processing Stats

File Path                            PID    Runtime      # DAGs    # Errors  Last Runtime    Last Run
-----------------------------------  -----  ---------  --------  ----------  --------------  -------------------
/opt/airflow/dags/minio-to-kafka.py                           1           0  8.23s           2026-08-30T23:03:33
================================================================================
[2026-08-30T23:04:08.537+0000] {manager.py:737} INFO - Searching for files in /opt/airflow/dags
[2026-08-30T23:04:08.612+0000] {manager.py:740} INFO - There are 1 files in /opt/airflow/dags
[2026-08-30T23:04:17.792+0000] {manager.py:878} INFO - 
================================================================================
DAG File Processing Stats

File Path                            PID    Runtime      # DAGs    # Errors  Last Runtime    Last Run
-----------------------------------  -----  ---------  --------  ----------  --------------  -------------------
/opt/airflow/dags/minio-to-kafka.py                           1           0  5.59s           2026-08-30T23:04:09
================================================================================
[2026-08-30T23:04:48.069+0000] {manager.py:878} INFO - 
================================================================================
DAG File Processing Stats

File Path                            PID    Runtime      # DAGs    # Errors  Last Runtime    Last Run
-----------------------------------  -----  ---------  --------  ----------  --------------  -------------------
/opt/airflow/dags/minio-to-kafka.py                           1           0  3.99s           2026-08-30T23:04:43
================================================================================
[2026-08-30T23:05:18.310+0000] {manager.py:878} INFO - 
================================================================================
DAG File Processing Stats

File Path                              PID  Runtime      # DAGs    # Errors  Last Runtime    Last Run
-----------------------------------  -----  ---------  --------  ----------  --------------  -------------------
/opt/airflow/dags/minio-to-kafka.py   2511  4.67s             1           0  3.99s           2026-08-30T23:04:43
================================================================================
[2026-08-30T23:05:49.114+0000] {manager.py:878} INFO - 
================================================================================
DAG File Processing Stats

File Path                              PID  Runtime      # DAGs    # Errors  Last Runtime    Last Run
-----------------------------------  -----  ---------  --------  ----------  --------------  -------------------
/opt/airflow/dags/minio-to-kafka.py   2514  0.02s             1           0  5.32s           2026-08-30T23:05:18
================================================================================
[2026-08-30T23:06:19.415+0000] {manager.py:878} INFO - 
================================================================================
DAG File Processing Stats

File Path                            PID    Runtime      # DAGs    # Errors  Last Runtime    Last Run
-----------------------------------  -----  ---------  --------  ----------  --------------  -------------------
/opt/airflow/dags/minio-to-kafka.py                           1           0  1.46s           2026-08-30T23:05:50
================================================================================
[2026-08-30T23:06:49.627+0000] {manager.py:878} INFO - 
================================================================================
DAG File Processing Stats

File Path                            PID    Runtime      # DAGs    # Errors  Last Runtime    Last Run
-----------------------------------  -----  ---------  --------  ----------  --------------  -------------------
/opt/airflow/dags/minio-to-kafka.py                           1           0  1.64s           2026-08-30T23:06:22
================================================================================
[2026-08-30T23:07:20.266+0000] {manager.py:878} INFO - 
================================================================================
DAG File Processing Stats

File Path                            PID    Runtime      # DAGs    # Errors  Last Runtime    Last Run
-----------------------------------  -----  ---------  --------  ----------  --------------  -------------------
/opt/airflow/dags/minio-to-kafka.py                           1           0  1.49s           2026-08-30T23:06:54
================================================================================
[2026-08-30T23:07:50.720+0000] {manager.py:878} INFO - 
================================================================================
DAG File Processing Stats

File Path                            PID    Runtime      # DAGs    # Errors  Last Runtime    Last Run
-----------------------------------  -----  ---------  --------  ----------  --------------  -------------------
/opt/airflow/dags/minio-to-kafka.py                           1           0  3.51s           2026-08-30T23:07:27
================================================================================
[2026-08-30T23:08:20.950+0000] {manager.py:878} INFO - 
================================================================================
DAG File Processing Stats

File Path                            PID    Runtime      # DAGs    # Errors  Last Runtime    Last Run
-----------------------------------  -----  ---------  --------  ----------  --------------  -------------------
/opt/airflow/dags/minio-to-kafka.py                           1           0  1.81s           2026-08-30T23:07:59
================================================================================
[2026-08-30T23:08:51.222+0000] {manager.py:878} INFO - 
================================================================================
DAG File Processing Stats

File Path                            PID    Runtime      # DAGs    # Errors  Last Runtime    Last Run
-----------------------------------  -----  ---------  --------  ----------  --------------  -------------------
/opt/airflow/dags/minio-to-kafka.py                           1           0  1.12s           2026-08-30T23:08:31
================================================================================
[2026-08-30T23:09:09.443+0000] {manager.py:737} INFO - Searching for files in /opt/airflow/dags
[2026-08-30T23:09:09.479+0000] {manager.py:740} INFO - There are 1 files in /opt/airflow/dags
[2026-08-30T23:09:21.620+0000] {manager.py:878} INFO - 
================================================================================
DAG File Processing Stats

File Path                            PID    Runtime      # DAGs    # Errors  Last Runtime    Last Run
-----------------------------------  -----  ---------  --------  ----------  --------------  -------------------
/opt/airflow/dags/minio-to-kafka.py                           1           0  1.13s           2026-08-30T23:09:02
================================================================================
[2026-08-30T23:09:51.925+0000] {manager.py:878} INFO - 
================================================================================
DAG File Processing Stats

File Path                            PID    Runtime      # DAGs    # Errors  Last Runtime    Last Run
-----------------------------------  -----  ---------  --------  ----------  --------------  -------------------
/opt/airflow/dags/minio-to-kafka.py                           1           0  1.55s           2026-08-30T23:09:34
================================================================================
[2026-08-30T23:10:21.943+0000] {manager.py:878} INFO - 
================================================================================
DAG File Processing Stats

File Path                            PID    Runtime      # DAGs    # Errors  Last Runtime    Last Run
-----------------------------------  -----  ---------  --------  ----------  --------------  -------------------
/opt/airflow/dags/minio-to-kafka.py                           1           0  1.30s           2026-08-30T23:10:05
================================================================================
[2026-08-30T23:10:52.191+0000] {manager.py:878} INFO - 
================================================================================
DAG File Processing Stats

File Path                            PID    Runtime      # DAGs    # Errors  Last Runtime    Last Run
-----------------------------------  -----  ---------  --------  ----------  --------------  -------------------
/opt/airflow/dags/minio-to-kafka.py                           1           0  1.05s           2026-08-30T23:10:37
================================================================================
[2026-08-30T23:11:22.546+0000] {manager.py:878} INFO - 
================================================================================
DAG File Processing Stats

File Path                            PID    Runtime      # DAGs    # Errors  Last Runtime    Last Run
-----------------------------------  -----  ---------  --------  ----------  --------------  -------------------
/opt/airflow/dags/minio-to-kafka.py                           1           0  2.96s           2026-08-30T23:11:10
================================================================================
[2026-08-30T23:11:52.875+0000] {manager.py:878} INFO - 
================================================================================
DAG File Processing Stats

File Path                            PID    Runtime      # DAGs    # Errors  Last Runtime    Last Run
-----------------------------------  -----  ---------  --------  ----------  --------------  -------------------
/opt/airflow/dags/minio-to-kafka.py                           1           0  1.27s           2026-08-30T23:11:42
================================================================================
[2026-08-30T23:12:23.320+0000] {manager.py:878} INFO - 
================================================================================
DAG File Processing Stats

File Path                            PID    Runtime      # DAGs    # Errors  Last Runtime    Last Run
-----------------------------------  -----  ---------  --------  ----------  --------------  -------------------
/opt/airflow/dags/minio-to-kafka.py                           1           0  1.32s           2026-08-30T23:12:13
================================================================================
[2026-08-30T23:12:53.727+0000] {manager.py:878} INFO - 
================================================================================
DAG File Processing Stats

File Path                            PID    Runtime      # DAGs    # Errors  Last Runtime    Last Run
-----------------------------------  -----  ---------  --------  ----------  --------------  -------------------
/opt/airflow/dags/minio-to-kafka.py                           1           0  5.43s           2026-08-30T23:12:48
================================================================================
[2026-08-30T23:13:23.971+0000] {manager.py:878} INFO - 
================================================================================
DAG File Processing Stats

File Path                            PID    Runtime      # DAGs    # Errors  Last Runtime    Last Run
-----------------------------------  -----  ---------  --------  ----------  --------------  -------------------
/opt/airflow/dags/minio-to-kafka.py                           1           0  4.68s           2026-08-30T23:13:23
================================================================================
[2026-08-30T23:13:54.363+0000] {manager.py:878} INFO - 
================================================================================
DAG File Processing Stats

File Path                              PID  Runtime      # DAGs    # Errors  Last Runtime    Last Run
-----------------------------------  -----  ---------  --------  ----------  --------------  -------------------
/opt/airflow/dags/minio-to-kafka.py   2559  0.01s             1           0  4.68s           2026-08-30T23:13:23
================================================================================
[2026-08-30T23:14:09.804+0000] {manager.py:737} INFO - Searching for files in /opt/airflow/dags
[2026-08-30T23:14:09.895+0000] {manager.py:740} INFO - There are 1 files in /opt/airflow/dags
[2026-08-30T23:14:24.388+0000] {manager.py:878} INFO - 
================================================================================
DAG File Processing Stats

File Path                            PID    Runtime      # DAGs    # Errors  Last Runtime    Last Run
-----------------------------------  -----  ---------  --------  ----------  --------------  -------------------
/opt/airflow/dags/minio-to-kafka.py                           1           0  2.80s           2026-08-30T23:13:57
================================================================================
[2026-08-30T23:14:54.721+0000] {manager.py:878} INFO - 
================================================================================
DAG File Processing Stats

File Path                            PID    Runtime      # DAGs    # Errors  Last Runtime    Last Run
-----------------------------------  -----  ---------  --------  ----------  --------------  -------------------
/opt/airflow/dags/minio-to-kafka.py                           1           0  1.76s           2026-08-30T23:14:28
================================================================================
[2026-08-30T23:15:24.938+0000] {manager.py:878} INFO - 
================================================================================
DAG File Processing Stats

File Path                            PID    Runtime      # DAGs    # Errors  Last Runtime    Last Run
-----------------------------------  -----  ---------  --------  ----------  --------------  -------------------
/opt/airflow/dags/minio-to-kafka.py                           1           0  3.47s           2026-08-30T23:15:02
================================================================================
[2026-08-30T23:15:55.237+0000] {manager.py:878} INFO - 
================================================================================
DAG File Processing Stats

File Path                            PID    Runtime      # DAGs    # Errors  Last Runtime    Last Run
-----------------------------------  -----  ---------  --------  ----------  --------------  -------------------
/opt/airflow/dags/minio-to-kafka.py                           1           0  1.52s           2026-08-30T23:15:34
================================================================================
[2026-08-30T23:16:25.404+0000] {manager.py:878} INFO - 
================================================================================
DAG File Processing Stats

File Path                            PID    Runtime      # DAGs    # Errors  Last Runtime    Last Run
-----------------------------------  -----  ---------  --------  ----------  --------------  -------------------
/opt/airflow/dags/minio-to-kafka.py                           1           0  1.45s           2026-08-30T23:16:06
================================================================================
[2026-08-30T23:16:55.698+0000] {manager.py:878} INFO - 
================================================================================
DAG File Processing Stats

File Path                            PID    Runtime      # DAGs    # Errors  Last Runtime    Last Run
-----------------------------------  -----  ---------  --------  ----------  --------------  -------------------
/opt/airflow/dags/minio-to-kafka.py                           1           0  1.48s           2026-08-30T23:16:38
================================================================================
[2026-08-30T23:17:25.702+0000] {manager.py:878} INFO - 
================================================================================
DAG File Processing Stats

File Path                            PID    Runtime      # DAGs    # Errors  Last Runtime    Last Run
-----------------------------------  -----  ---------  --------  ----------  --------------  -------------------
/opt/airflow/dags/minio-to-kafka.py                           1           0  1.35s           2026-08-30T23:17:09
================================================================================
[2026-08-30T23:17:55.944+0000] {manager.py:878} INFO - 
================================================================================
DAG File Processing Stats

File Path                            PID    Runtime      # DAGs    # Errors  Last Runtime    Last Run
-----------------------------------  -----  ---------  --------  ----------  --------------  -------------------
/opt/airflow/dags/minio-to-kafka.py                           1           0  1.11s           2026-08-30T23:17:40
================================================================================
[2026-08-30T23:18:26.002+0000] {manager.py:878} INFO - 
================================================================================
DAG File Processing Stats

File Path                            PID    Runtime      # DAGs    # Errors  Last Runtime    Last Run
-----------------------------------  -----  ---------  --------  ----------  --------------  -------------------
/opt/airflow/dags/minio-to-kafka.py                           1           0  4.92s           2026-08-30T23:18:16
================================================================================
[2026-08-30T23:18:56.428+0000] {manager.py:878} INFO - 
================================================================================
DAG File Processing Stats

File Path                            PID    Runtime      # DAGs    # Errors  Last Runtime    Last Run
-----------------------------------  -----  ---------  --------  ----------  --------------  -------------------
/opt/airflow/dags/minio-to-kafka.py                           1           0  3.53s           2026-08-30T23:18:50
================================================================================
[2026-08-30T23:19:09.871+0000] {manager.py:737} INFO - Searching for files in /opt/airflow/dags
[2026-08-30T23:19:09.907+0000] {manager.py:740} INFO - There are 1 files in /opt/airflow/dags
[2026-08-30T23:19:26.651+0000] {manager.py:878} INFO - 
================================================================================
DAG File Processing Stats

File Path                            PID    Runtime      # DAGs    # Errors  Last Runtime    Last Run
-----------------------------------  -----  ---------  --------  ----------  --------------  -------------------
/opt/airflow/dags/minio-to-kafka.py                           1           0  1.59s           2026-08-30T23:19:22
================================================================================
[2026-08-30T23:19:57.330+0000] {manager.py:878} INFO - 
================================================================================
DAG File Processing Stats

File Path                            PID    Runtime      # DAGs    # Errors  Last Runtime    Last Run
-----------------------------------  -----  ---------  --------  ----------  --------------  -------------------
/opt/airflow/dags/minio-to-kafka.py                           1           0  1.74s           2026-08-30T23:19:54
================================================================================
[2026-08-30T23:20:27.931+0000] {manager.py:878} INFO - 
================================================================================
DAG File Processing Stats

File Path                            PID    Runtime      # DAGs    # Errors  Last Runtime    Last Run
-----------------------------------  -----  ---------  --------  ----------  --------------  -------------------
/opt/airflow/dags/minio-to-kafka.py                           1           0  1.23s           2026-08-30T23:20:26
================================================================================
[2026-08-30T23:20:58.385+0000] {manager.py:878} INFO - 
================================================================================
DAG File Processing Stats

File Path                            PID    Runtime      # DAGs    # Errors  Last Runtime    Last Run
-----------------------------------  -----  ---------  --------  ----------  --------------  -------------------
/opt/airflow/dags/minio-to-kafka.py                           1           0  1.55s           2026-08-30T23:20:57
================================================================================
[2026-08-30T23:21:28.630+0000] {manager.py:878} INFO - 
================================================================================
DAG File Processing Stats

File Path                              PID  Runtime      # DAGs    # Errors  Last Runtime    Last Run
-----------------------------------  -----  ---------  --------  ----------  --------------  -------------------
/opt/airflow/dags/minio-to-kafka.py   2601  0.58s             1           0  1.55s           2026-08-30T23:20:57
================================================================================
[2026-08-30T23:21:59.324+0000] {manager.py:878} INFO - 
================================================================================
DAG File Processing Stats

File Path                            PID    Runtime      # DAGs    # Errors  Last Runtime    Last Run
-----------------------------------  -----  ---------  --------  ----------  --------------  -------------------
/opt/airflow/dags/minio-to-kafka.py                           1           0  2.28s           2026-08-30T23:21:30
================================================================================
[2026-08-30T23:22:29.827+0000] {manager.py:878} INFO - 
================================================================================
DAG File Processing Stats

File Path                            PID    Runtime      # DAGs    # Errors  Last Runtime    Last Run
-----------------------------------  -----  ---------  --------  ----------  --------------  -------------------
/opt/airflow/dags/minio-to-kafka.py                           1           0  1.35s           2026-08-30T23:22:01
================================================================================
[2026-08-30T23:23:00.223+0000] {manager.py:878} INFO - 
================================================================================
DAG File Processing Stats

File Path                            PID    Runtime      # DAGs    # Errors  Last Runtime    Last Run
-----------------------------------  -----  ---------  --------  ----------  --------------  -------------------
/opt/airflow/dags/minio-to-kafka.py                           1           0  1.16s           2026-08-30T23:22:33
================================================================================
[2026-08-30T23:23:30.623+0000] {manager.py:878} INFO - 
================================================================================
DAG File Processing Stats

File Path                            PID    Runtime      # DAGs    # Errors  Last Runtime    Last Run
-----------------------------------  -----  ---------  --------  ----------  --------------  -------------------
/opt/airflow/dags/minio-to-kafka.py                           1           0  1.27s           2026-08-30T23:23:04
================================================================================
[2026-08-30T23:24:01.021+0000] {manager.py:878} INFO - 
================================================================================
DAG File Processing Stats

File Path                            PID    Runtime      # DAGs    # Errors  Last Runtime    Last Run
-----------------------------------  -----  ---------  --------  ----------  --------------  -------------------
/opt/airflow/dags/minio-to-kafka.py                           1           0  1.20s           2026-08-30T23:23:35
================================================================================
[2026-08-30T23:24:10.247+0000] {manager.py:737} INFO - Searching for files in /opt/airflow/dags
[2026-08-30T23:24:10.325+0000] {manager.py:740} INFO - There are 1 files in /opt/airflow/dags
[2026-08-30T23:24:31.558+0000] {manager.py:878} INFO - 
================================================================================
DAG File Processing Stats

File Path                            PID    Runtime      # DAGs    # Errors  Last Runtime    Last Run
-----------------------------------  -----  ---------  --------  ----------  --------------  -------------------
/opt/airflow/dags/minio-to-kafka.py                           1           0  3.23s           2026-08-30T23:24:09
================================================================================
[2026-08-30T23:25:01.941+0000] {manager.py:878} INFO - 
================================================================================
DAG File Processing Stats

File Path                            PID    Runtime      # DAGs    # Errors  Last Runtime    Last Run
-----------------------------------  -----  ---------  --------  ----------  --------------  -------------------
/opt/airflow/dags/minio-to-kafka.py                           1           0  2.00s           2026-08-30T23:24:41
================================================================================
[2026-08-30T23:25:32.290+0000] {manager.py:878} INFO - 
================================================================================
DAG File Processing Stats

File Path                            PID    Runtime      # DAGs    # Errors  Last Runtime    Last Run
-----------------------------------  -----  ---------  --------  ----------  --------------  -------------------
/opt/airflow/dags/minio-to-kafka.py                           1           0  2.02s           2026-08-30T23:25:14
================================================================================
[2026-08-30T23:26:02.829+0000] {manager.py:878} INFO - 
================================================================================
DAG File Processing Stats

File Path                            PID    Runtime      # DAGs    # Errors  Last Runtime    Last Run
-----------------------------------  -----  ---------  --------  ----------  --------------  -------------------
/opt/airflow/dags/minio-to-kafka.py                           1           0  3.30s           2026-08-30T23:25:47
================================================================================
[2026-08-30T23:26:33.297+0000] {manager.py:878} INFO - 
================================================================================
DAG File Processing Stats

File Path                            PID    Runtime      # DAGs    # Errors  Last Runtime    Last Run
-----------------------------------  -----  ---------  --------  ----------  --------------  -------------------
/opt/airflow/dags/minio-to-kafka.py                           1           0  1.63s           2026-08-30T23:26:19
================================================================================
[2026-08-30T23:27:03.544+0000] {manager.py:878} INFO - 
================================================================================
DAG File Processing Stats

File Path                            PID    Runtime      # DAGs    # Errors  Last Runtime    Last Run
-----------------------------------  -----  ---------  --------  ----------  --------------  -------------------
/opt/airflow/dags/minio-to-kafka.py                           1           0  2.00s           2026-08-30T23:26:51
================================================================================
[2026-08-30T23:27:34.241+0000] {manager.py:878} INFO - 
================================================================================
DAG File Processing Stats

File Path                            PID    Runtime      # DAGs    # Errors  Last Runtime    Last Run
-----------------------------------  -----  ---------  --------  ----------  --------------  -------------------
/opt/airflow/dags/minio-to-kafka.py                           1           0  1.08s           2026-08-30T23:27:23
================================================================================
[2026-08-30T23:28:04.345+0000] {manager.py:878} INFO - 
================================================================================
DAG File Processing Stats

File Path                            PID    Runtime      # DAGs    # Errors  Last Runtime    Last Run
-----------------------------------  -----  ---------  --------  ----------  --------------  -------------------
/opt/airflow/dags/minio-to-kafka.py                           1           0  2.84s           2026-08-30T23:27:56
================================================================================
[2026-08-30T23:28:34.644+0000] {manager.py:878} INFO - 
================================================================================
DAG File Processing Stats

File Path                            PID    Runtime      # DAGs    # Errors  Last Runtime    Last Run
-----------------------------------  -----  ---------  --------  ----------  --------------  -------------------
/opt/airflow/dags/minio-to-kafka.py                           1           0  1.13s           2026-08-30T23:28:27
================================================================================
[2026-08-30T23:29:05.121+0000] {manager.py:878} INFO - 
================================================================================
DAG File Processing Stats

File Path                            PID    Runtime      # DAGs    # Errors  Last Runtime    Last Run
-----------------------------------  -----  ---------  --------  ----------  --------------  -------------------
/opt/airflow/dags/minio-to-kafka.py                           1           0  3.43s           2026-08-30T23:29:01
================================================================================
[2026-08-30T23:29:10.450+0000] {manager.py:737} INFO - Searching for files in /opt/airflow/dags
[2026-08-30T23:29:10.489+0000] {manager.py:740} INFO - There are 1 files in /opt/airflow/dags
[2026-08-30T23:29:35.714+0000] {manager.py:878} INFO - 
================================================================================
DAG File Processing Stats

File Path                            PID    Runtime      # DAGs    # Errors  Last Runtime    Last Run
-----------------------------------  -----  ---------  --------  ----------  --------------  -------------------
/opt/airflow/dags/minio-to-kafka.py                           1           0  1.21s           2026-08-30T23:29:32
================================================================================
[2026-08-30T23:30:06.053+0000] {manager.py:878} INFO - 
================================================================================
DAG File Processing Stats

File Path                              PID  Runtime      # DAGs    # Errors  Last Runtime    Last Run
-----------------------------------  -----  ---------  --------  ----------  --------------  -------------------
/opt/airflow/dags/minio-to-kafka.py   2649  3.04s             1           0  1.21s           2026-08-30T23:29:32
================================================================================
[2026-08-30T23:30:36.291+0000] {manager.py:878} INFO - 
================================================================================
DAG File Processing Stats

File Path                              PID  Runtime      # DAGs    # Errors  Last Runtime    Last Run
-----------------------------------  -----  ---------  --------  ----------  --------------  -------------------
/opt/airflow/dags/minio-to-kafka.py   2652  0.01s             1           0  3.16s           2026-08-30T23:30:06
================================================================================
[2026-08-30T23:31:06.576+0000] {manager.py:878} INFO - 
================================================================================
DAG File Processing Stats

File Path                            PID    Runtime      # DAGs    # Errors  Last Runtime    Last Run
-----------------------------------  -----  ---------  --------  ----------  --------------  -------------------
/opt/airflow/dags/minio-to-kafka.py                           1           0  1.60s           2026-08-30T23:30:37
================================================================================
[2026-08-30T23:31:37.402+0000] {manager.py:878} INFO - 
================================================================================
DAG File Processing Stats

File Path                            PID    Runtime      # DAGs    # Errors  Last Runtime    Last Run
-----------------------------------  -----  ---------  --------  ----------  --------------  -------------------
/opt/airflow/dags/minio-to-kafka.py                           1           0  4.13s           2026-08-30T23:31:12
================================================================================
[2026-08-30T23:32:07.640+0000] {manager.py:878} INFO - 
================================================================================
DAG File Processing Stats

File Path                            PID    Runtime      # DAGs    # Errors  Last Runtime    Last Run
-----------------------------------  -----  ---------  --------  ----------  --------------  -------------------
/opt/airflow/dags/minio-to-kafka.py                           1           0  1.33s           2026-08-30T23:31:43
================================================================================
[2026-08-30T23:32:38.189+0000] {manager.py:878} INFO - 
================================================================================
DAG File Processing Stats

File Path                            PID    Runtime      # DAGs    # Errors  Last Runtime    Last Run
-----------------------------------  -----  ---------  --------  ----------  --------------  -------------------
/opt/airflow/dags/minio-to-kafka.py                           1           0  1.17s           2026-08-30T23:32:15
================================================================================
[2026-08-30T23:33:08.609+0000] {manager.py:878} INFO - 
================================================================================
DAG File Processing Stats

File Path                            PID    Runtime      # DAGs    # Errors  Last Runtime    Last Run
-----------------------------------  -----  ---------  --------  ----------  --------------  -------------------
/opt/airflow/dags/minio-to-kafka.py                           1           0  3.34s           2026-08-30T23:32:48
================================================================================
[2026-08-30T23:33:39.021+0000] {manager.py:878} INFO - 
================================================================================
DAG File Processing Stats

File Path                            PID    Runtime      # DAGs    # Errors  Last Runtime    Last Run
-----------------------------------  -----  ---------  --------  ----------  --------------  -------------------
/opt/airflow/dags/minio-to-kafka.py                           1           0  1.29s           2026-08-30T23:33:20
================================================================================
[2026-08-30T23:34:09.389+0000] {manager.py:878} INFO - 
================================================================================
DAG File Processing Stats

File Path                            PID    Runtime      # DAGs    # Errors  Last Runtime    Last Run
-----------------------------------  -----  ---------  --------  ----------  --------------  -------------------
/opt/airflow/dags/minio-to-kafka.py                           1           0  1.35s           2026-08-30T23:33:51
================================================================================
[2026-08-30T23:34:10.617+0000] {manager.py:737} INFO - Searching for files in /opt/airflow/dags
[2026-08-30T23:34:10.661+0000] {manager.py:740} INFO - There are 1 files in /opt/airflow/dags
[2026-08-30T23:34:39.943+0000] {manager.py:878} INFO - 
================================================================================
DAG File Processing Stats

File Path                            PID    Runtime      # DAGs    # Errors  Last Runtime    Last Run
-----------------------------------  -----  ---------  --------  ----------  --------------  -------------------
/opt/airflow/dags/minio-to-kafka.py                           1           0  1.19s           2026-08-30T23:34:22
================================================================================
[2026-08-30T23:35:10.332+0000] {manager.py:878} INFO - 
================================================================================
DAG File Processing Stats

File Path                            PID    Runtime      # DAGs    # Errors  Last Runtime    Last Run
-----------------------------------  -----  ---------  --------  ----------  --------------  -------------------
/opt/airflow/dags/minio-to-kafka.py                           1           0  3.37s           2026-08-30T23:34:56
================================================================================
[2026-08-30T23:35:40.801+0000] {manager.py:878} INFO - 
================================================================================
DAG File Processing Stats

File Path                            PID    Runtime      # DAGs    # Errors  Last Runtime    Last Run
-----------------------------------  -----  ---------  --------  ----------  --------------  -------------------
/opt/airflow/dags/minio-to-kafka.py                           1           0  1.46s           2026-08-30T23:35:27
================================================================================
[2026-08-30T23:36:10.964+0000] {manager.py:878} INFO - 
================================================================================
DAG File Processing Stats

File Path                            PID    Runtime      # DAGs    # Errors  Last Runtime    Last Run
-----------------------------------  -----  ---------  --------  ----------  --------------  -------------------
/opt/airflow/dags/minio-to-kafka.py                           1           0  1.68s           2026-08-30T23:35:59
================================================================================
[2026-08-30T23:36:41.223+0000] {manager.py:878} INFO - 
================================================================================
DAG File Processing Stats

File Path                            PID    Runtime      # DAGs    # Errors  Last Runtime    Last Run
-----------------------------------  -----  ---------  --------  ----------  --------------  -------------------
/opt/airflow/dags/minio-to-kafka.py                           1           0  1.35s           2026-08-30T23:36:31
================================================================================
[2026-08-30T23:37:11.427+0000] {manager.py:878} INFO - 
================================================================================
DAG File Processing Stats

File Path                            PID    Runtime      # DAGs    # Errors  Last Runtime    Last Run
-----------------------------------  -----  ---------  --------  ----------  --------------  -------------------
/opt/airflow/dags/minio-to-kafka.py                           1           0  1.86s           2026-08-30T23:37:03
================================================================================
[2026-08-30T23:37:41.899+0000] {manager.py:878} INFO - 
================================================================================
DAG File Processing Stats

File Path                            PID    Runtime      # DAGs    # Errors  Last Runtime    Last Run
-----------------------------------  -----  ---------  --------  ----------  --------------  -------------------
/opt/airflow/dags/minio-to-kafka.py                           1           0  1.64s           2026-08-30T23:37:35
================================================================================
[2026-08-30T23:38:12.165+0000] {manager.py:878} INFO - 
================================================================================
DAG File Processing Stats

File Path                            PID    Runtime      # DAGs    # Errors  Last Runtime    Last Run
-----------------------------------  -----  ---------  --------  ----------  --------------  -------------------
/opt/airflow/dags/minio-to-kafka.py                           1           0  1.85s           2026-08-30T23:38:07
================================================================================
[2026-08-30T23:38:42.692+0000] {manager.py:878} INFO - 
================================================================================
DAG File Processing Stats

File Path                            PID    Runtime      # DAGs    # Errors  Last Runtime    Last Run
-----------------------------------  -----  ---------  --------  ----------  --------------  -------------------
/opt/airflow/dags/minio-to-kafka.py                           1           0  1.43s           2026-08-30T23:38:39
================================================================================
[2026-08-30T23:39:10.911+0000] {manager.py:737} INFO - Searching for files in /opt/airflow/dags
[2026-08-30T23:39:10.978+0000] {manager.py:740} INFO - There are 1 files in /opt/airflow/dags
[2026-08-30T23:39:13.026+0000] {manager.py:878} INFO - 
================================================================================
DAG File Processing Stats

File Path                            PID    Runtime      # DAGs    # Errors  Last Runtime    Last Run
-----------------------------------  -----  ---------  --------  ----------  --------------  -------------------
/opt/airflow/dags/minio-to-kafka.py                           1           0  1.01s           2026-08-30T23:39:10
================================================================================
[2026-08-30T23:39:43.211+0000] {manager.py:878} INFO - 
================================================================================
DAG File Processing Stats

File Path                            PID    Runtime      # DAGs    # Errors  Last Runtime    Last Run
-----------------------------------  -----  ---------  --------  ----------  --------------  -------------------
/opt/airflow/dags/minio-to-kafka.py                           1           0  1.65s           2026-08-30T23:39:42
================================================================================
[2026-08-30T23:40:13.449+0000] {manager.py:878} INFO - 
================================================================================
DAG File Processing Stats

File Path                              PID  Runtime      # DAGs    # Errors  Last Runtime    Last Run
-----------------------------------  -----  ---------  --------  ----------  --------------  -------------------
/opt/airflow/dags/minio-to-kafka.py   2706  1.01s             1           0  1.65s           2026-08-30T23:39:42
================================================================================
[2026-08-30T23:40:43.726+0000] {manager.py:878} INFO - 
================================================================================
DAG File Processing Stats

File Path                              PID  Runtime      # DAGs    # Errors  Last Runtime    Last Run
-----------------------------------  -----  ---------  --------  ----------  --------------  -------------------
/opt/airflow/dags/minio-to-kafka.py   2709  0.01s             1           0  1.13s           2026-08-30T23:40:13
================================================================================
[2026-08-30T23:41:14.015+0000] {manager.py:878} INFO - 
================================================================================
DAG File Processing Stats

File Path                            PID    Runtime      # DAGs    # Errors  Last Runtime    Last Run
-----------------------------------  -----  ---------  --------  ----------  --------------  -------------------
/opt/airflow/dags/minio-to-kafka.py                           1           0  1.55s           2026-08-30T23:40:45
================================================================================
[2026-08-30T23:41:44.259+0000] {manager.py:878} INFO - 
================================================================================
DAG File Processing Stats

File Path                            PID    Runtime      # DAGs    # Errors  Last Runtime    Last Run
-----------------------------------  -----  ---------  --------  ----------  --------------  -------------------
/opt/airflow/dags/minio-to-kafka.py                           1           0  1.77s           2026-08-30T23:41:17
================================================================================
[2026-08-30T23:42:14.713+0000] {manager.py:878} INFO - 
================================================================================
DAG File Processing Stats

File Path                            PID    Runtime      # DAGs    # Errors  Last Runtime    Last Run
-----------------------------------  -----  ---------  --------  ----------  --------------  -------------------
/opt/airflow/dags/minio-to-kafka.py                           1           0  1.28s           2026-08-30T23:41:48
================================================================================
[2026-08-30T23:42:45.023+0000] {manager.py:878} INFO - 
================================================================================
DAG File Processing Stats

File Path                            PID    Runtime      # DAGs    # Errors  Last Runtime    Last Run
-----------------------------------  -----  ---------  --------  ----------  --------------  -------------------
/opt/airflow/dags/minio-to-kafka.py                           1           0  0.98s           2026-08-30T23:42:20
================================================================================
[2026-08-30T23:43:15.311+0000] {manager.py:878} INFO - 
================================================================================
DAG File Processing Stats

File Path                            PID    Runtime      # DAGs    # Errors  Last Runtime    Last Run
-----------------------------------  -----  ---------  --------  ----------  --------------  -------------------
/opt/airflow/dags/minio-to-kafka.py                           1           0  1.08s           2026-08-30T23:42:51
================================================================================
[2026-08-30T23:43:45.621+0000] {manager.py:878} INFO - 
================================================================================
DAG File Processing Stats

File Path                            PID    Runtime      # DAGs    # Errors  Last Runtime    Last Run
-----------------------------------  -----  ---------  --------  ----------  --------------  -------------------
/opt/airflow/dags/minio-to-kafka.py                           1           0  1.19s           2026-08-30T23:43:22
================================================================================
[2026-08-30T23:44:10.945+0000] {manager.py:737} INFO - Searching for files in /opt/airflow/dags
[2026-08-30T23:44:10.993+0000] {manager.py:740} INFO - There are 1 files in /opt/airflow/dags
[2026-08-30T23:44:16.057+0000] {manager.py:878} INFO - 
================================================================================
DAG File Processing Stats

File Path                            PID    Runtime      # DAGs    # Errors  Last Runtime    Last Run
-----------------------------------  -----  ---------  --------  ----------  --------------  -------------------
/opt/airflow/dags/minio-to-kafka.py                           1           0  1.29s           2026-08-30T23:43:53
================================================================================
[2026-08-30T23:44:46.294+0000] {manager.py:878} INFO - 
================================================================================
DAG File Processing Stats

File Path                            PID    Runtime      # DAGs    # Errors  Last Runtime    Last Run
-----------------------------------  -----  ---------  --------  ----------  --------------  -------------------
/opt/airflow/dags/minio-to-kafka.py                           1           0  0.96s           2026-08-30T23:44:25
================================================================================
[2026-08-30T23:45:16.643+0000] {manager.py:878} INFO - 
================================================================================
DAG File Processing Stats

File Path                            PID    Runtime      # DAGs    # Errors  Last Runtime    Last Run
-----------------------------------  -----  ---------  --------  ----------  --------------  -------------------
/opt/airflow/dags/minio-to-kafka.py                           1           0  1.27s           2026-08-30T23:44:56
================================================================================
[2026-08-30T23:45:47.064+0000] {manager.py:878} INFO - 
================================================================================
DAG File Processing Stats

File Path                            PID    Runtime      # DAGs    # Errors  Last Runtime    Last Run
-----------------------------------  -----  ---------  --------  ----------  --------------  -------------------
/opt/airflow/dags/minio-to-kafka.py                           1           0  1.16s           2026-08-30T23:45:27
================================================================================
[2026-08-30T23:46:17.354+0000] {manager.py:878} INFO - 
================================================================================
DAG File Processing Stats

File Path                            PID    Runtime      # DAGs    # Errors  Last Runtime    Last Run
-----------------------------------  -----  ---------  --------  ----------  --------------  -------------------
/opt/airflow/dags/minio-to-kafka.py                           1           0  1.22s           2026-08-30T23:45:59
================================================================================
[2026-08-30T23:46:47.526+0000] {manager.py:878} INFO - 
================================================================================
DAG File Processing Stats

File Path                            PID    Runtime      # DAGs    # Errors  Last Runtime    Last Run
-----------------------------------  -----  ---------  --------  ----------  --------------  -------------------
/opt/airflow/dags/minio-to-kafka.py                           1           0  0.91s           2026-08-30T23:46:30
================================================================================
[2026-08-30T23:47:17.740+0000] {manager.py:878} INFO - 
================================================================================
DAG File Processing Stats

File Path                            PID    Runtime      # DAGs    # Errors  Last Runtime    Last Run
-----------------------------------  -----  ---------  --------  ----------  --------------  -------------------
/opt/airflow/dags/minio-to-kafka.py                           1           0  0.97s           2026-08-30T23:47:01
================================================================================
[2026-08-30T23:47:47.904+0000] {manager.py:878} INFO - 
================================================================================
DAG File Processing Stats

File Path                            PID    Runtime      # DAGs    # Errors  Last Runtime    Last Run
-----------------------------------  -----  ---------  --------  ----------  --------------  -------------------
/opt/airflow/dags/minio-to-kafka.py                           1           0  0.89s           2026-08-30T23:47:32
================================================================================
[2026-08-30T23:48:18.149+0000] {manager.py:878} INFO - 
================================================================================
DAG File Processing Stats

File Path                            PID    Runtime      # DAGs    # Errors  Last Runtime    Last Run
-----------------------------------  -----  ---------  --------  ----------  --------------  -------------------
/opt/airflow/dags/minio-to-kafka.py                           1           0  0.95s           2026-08-30T23:48:04
================================================================================
[2026-08-30T23:48:48.291+0000] {manager.py:878} INFO - 
================================================================================
DAG File Processing Stats

File Path                            PID    Runtime      # DAGs    # Errors  Last Runtime    Last Run
-----------------------------------  -----  ---------  --------  ----------  --------------  -------------------
/opt/airflow/dags/minio-to-kafka.py                           1           0  0.91s           2026-08-30T23:48:35
================================================================================
[2026-08-30T23:49:11.424+0000] {manager.py:737} INFO - Searching for files in /opt/airflow/dags
[2026-08-30T23:49:11.463+0000] {manager.py:740} INFO - There are 1 files in /opt/airflow/dags
[2026-08-30T23:49:18.537+0000] {manager.py:878} INFO - 
================================================================================
DAG File Processing Stats

File Path                            PID    Runtime      # DAGs    # Errors  Last Runtime    Last Run
-----------------------------------  -----  ---------  --------  ----------  --------------  -------------------
/opt/airflow/dags/minio-to-kafka.py                           1           0  0.94s           2026-08-30T23:49:06
================================================================================
[2026-08-30T23:49:48.784+0000] {manager.py:878} INFO - 
================================================================================
DAG File Processing Stats

File Path                            PID    Runtime      # DAGs    # Errors  Last Runtime    Last Run
-----------------------------------  -----  ---------  --------  ----------  --------------  -------------------
/opt/airflow/dags/minio-to-kafka.py                           1           0  1.19s           2026-08-30T23:49:37
================================================================================
[2026-08-30T23:50:19.241+0000] {manager.py:878} INFO - 
================================================================================
DAG File Processing Stats

File Path                            PID    Runtime      # DAGs    # Errors  Last Runtime    Last Run
-----------------------------------  -----  ---------  --------  ----------  --------------  -------------------
/opt/airflow/dags/minio-to-kafka.py                           1           0  2.45s           2026-08-30T23:50:10
================================================================================
[2026-08-30T23:50:49.479+0000] {manager.py:878} INFO - 
================================================================================
DAG File Processing Stats

File Path                            PID    Runtime      # DAGs    # Errors  Last Runtime    Last Run
-----------------------------------  -----  ---------  --------  ----------  --------------  -------------------
/opt/airflow/dags/minio-to-kafka.py                           1           0  2.01s           2026-08-30T23:50:42
================================================================================
[2026-08-30T23:51:19.603+0000] {manager.py:878} INFO - 
================================================================================
DAG File Processing Stats

File Path                            PID    Runtime      # DAGs    # Errors  Last Runtime    Last Run
-----------------------------------  -----  ---------  --------  ----------  --------------  -------------------
/opt/airflow/dags/minio-to-kafka.py                           1           0  2.66s           2026-08-30T23:51:15
================================================================================
[2026-08-30T23:51:50.154+0000] {manager.py:878} INFO - 
================================================================================
DAG File Processing Stats

File Path                            PID    Runtime      # DAGs    # Errors  Last Runtime    Last Run
-----------------------------------  -----  ---------  --------  ----------  --------------  -------------------
/opt/airflow/dags/minio-to-kafka.py                           1           0  2.69s           2026-08-30T23:51:48
================================================================================
[2026-08-30T23:52:20.346+0000] {manager.py:878} INFO - 
================================================================================
DAG File Processing Stats

File Path                            PID    Runtime      # DAGs    # Errors  Last Runtime    Last Run
-----------------------------------  -----  ---------  --------  ----------  --------------  -------------------
/opt/airflow/dags/minio-to-kafka.py                           1           0  1.01s           2026-08-30T23:52:19
================================================================================
[2026-08-30T23:52:50.400+0000] {manager.py:878} INFO - 
================================================================================
DAG File Processing Stats

File Path                              PID  Runtime      # DAGs    # Errors  Last Runtime    Last Run
-----------------------------------  -----  ---------  --------  ----------  --------------  -------------------
/opt/airflow/dags/minio-to-kafka.py   2778  0.01s             1           0  1.01s           2026-08-30T23:52:19
================================================================================
[2026-08-30T23:53:20.826+0000] {manager.py:878} INFO - 
================================================================================
DAG File Processing Stats

File Path                            PID    Runtime      # DAGs    # Errors  Last Runtime    Last Run
-----------------------------------  -----  ---------  --------  ----------  --------------  -------------------
/opt/airflow/dags/minio-to-kafka.py                           1           0  1.67s           2026-08-30T23:52:52
================================================================================
[2026-08-30T23:53:51.612+0000] {manager.py:878} INFO - 
================================================================================
DAG File Processing Stats

File Path                            PID    Runtime      # DAGs    # Errors  Last Runtime    Last Run
-----------------------------------  -----  ---------  --------  ----------  --------------  -------------------
/opt/airflow/dags/minio-to-kafka.py                           1           0  2.14s           2026-08-30T23:53:24
================================================================================
[2026-08-30T23:54:11.866+0000] {manager.py:737} INFO - Searching for files in /opt/airflow/dags
[2026-08-30T23:54:11.930+0000] {manager.py:740} INFO - There are 1 files in /opt/airflow/dags
[2026-08-30T23:54:22.055+0000] {manager.py:878} INFO - 
================================================================================
DAG File Processing Stats

File Path                            PID    Runtime      # DAGs    # Errors  Last Runtime    Last Run
-----------------------------------  -----  ---------  --------  ----------  --------------  -------------------
/opt/airflow/dags/minio-to-kafka.py                           1           0  2.63s           2026-08-30T23:53:57
================================================================================
[2026-08-30T23:54:52.795+0000] {manager.py:878} INFO - 
================================================================================
DAG File Processing Stats

File Path                            PID    Runtime      # DAGs    # Errors  Last Runtime    Last Run
-----------------------------------  -----  ---------  --------  ----------  --------------  -------------------
/opt/airflow/dags/minio-to-kafka.py                           1           0  1.30s           2026-08-30T23:54:28
================================================================================
[2026-08-30T23:55:23.308+0000] {manager.py:878} INFO - 
================================================================================
DAG File Processing Stats

File Path                            PID    Runtime      # DAGs    # Errors  Last Runtime    Last Run
-----------------------------------  -----  ---------  --------  ----------  --------------  -------------------
/opt/airflow/dags/minio-to-kafka.py                           1           0  1.06s           2026-08-30T23:55:00
================================================================================
[2026-08-30T23:55:53.587+0000] {manager.py:878} INFO - 
================================================================================
DAG File Processing Stats

File Path                            PID    Runtime      # DAGs    # Errors  Last Runtime    Last Run
-----------------------------------  -----  ---------  --------  ----------  --------------  -------------------
/opt/airflow/dags/minio-to-kafka.py                           1           0  1.10s           2026-08-30T23:55:31
================================================================================
[2026-08-30T23:56:23.648+0000] {manager.py:878} INFO - 
================================================================================
DAG File Processing Stats

File Path                            PID    Runtime      # DAGs    # Errors  Last Runtime    Last Run
-----------------------------------  -----  ---------  --------  ----------  --------------  -------------------
/opt/airflow/dags/minio-to-kafka.py                           1           0  1.84s           2026-08-30T23:56:03
================================================================================
[2026-08-30T23:56:54.106+0000] {manager.py:878} INFO - 
================================================================================
DAG File Processing Stats

File Path                            PID    Runtime      # DAGs    # Errors  Last Runtime    Last Run
-----------------------------------  -----  ---------  --------  ----------  --------------  -------------------
/opt/airflow/dags/minio-to-kafka.py                           1           0  1.20s           2026-08-30T23:56:34
================================================================================
[2026-08-30T23:57:24.239+0000] {manager.py:878} INFO - 
================================================================================
DAG File Processing Stats

File Path                            PID    Runtime      # DAGs    # Errors  Last Runtime    Last Run
-----------------------------------  -----  ---------  --------  ----------  --------------  -------------------
/opt/airflow/dags/minio-to-kafka.py                           1           0  0.86s           2026-08-30T23:57:06
================================================================================
[2026-08-30T23:57:54.321+0000] {manager.py:878} INFO - 
================================================================================
DAG File Processing Stats

File Path                            PID    Runtime      # DAGs    # Errors  Last Runtime    Last Run
-----------------------------------  -----  ---------  --------  ----------  --------------  -------------------
/opt/airflow/dags/minio-to-kafka.py                           1           0  0.87s           2026-08-30T23:57:37
================================================================================
[2026-08-30T23:58:24.612+0000] {manager.py:878} INFO - 
================================================================================
DAG File Processing Stats

File Path                            PID    Runtime      # DAGs    # Errors  Last Runtime    Last Run
-----------------------------------  -----  ---------  --------  ----------  --------------  -------------------
/opt/airflow/dags/minio-to-kafka.py                           1           0  1.02s           2026-08-30T23:58:08
================================================================================
[2026-08-30T23:58:54.910+0000] {manager.py:878} INFO - 
================================================================================
DAG File Processing Stats

File Path                            PID    Runtime      # DAGs    # Errors  Last Runtime    Last Run
-----------------------------------  -----  ---------  --------  ----------  --------------  -------------------
/opt/airflow/dags/minio-to-kafka.py                           1           0  1.09s           2026-08-30T23:58:39
================================================================================
[2026-08-30T23:59:12.104+0000] {manager.py:737} INFO - Searching for files in /opt/airflow/dags
[2026-08-30T23:59:12.139+0000] {manager.py:740} INFO - There are 1 files in /opt/airflow/dags
[2026-08-30T23:59:25.260+0000] {manager.py:878} INFO - 
================================================================================
DAG File Processing Stats

File Path                            PID    Runtime      # DAGs    # Errors  Last Runtime    Last Run
-----------------------------------  -----  ---------  --------  ----------  --------------  -------------------
/opt/airflow/dags/minio-to-kafka.py                           1           0  1.06s           2026-08-30T23:59:11
================================================================================
[2026-08-30T23:59:55.406+0000] {manager.py:878} INFO - 
================================================================================
DAG File Processing Stats

File Path                            PID    Runtime      # DAGs    # Errors  Last Runtime    Last Run
-----------------------------------  -----  ---------  --------  ----------  --------------  -------------------
/opt/airflow/dags/minio-to-kafka.py                           1           0  0.87s           2026-08-30T23:59:42
================================================================================
[2026-08-31T00:00:25.603+0000] {manager.py:878} INFO - 
================================================================================
DAG File Processing Stats

File Path                            PID    Runtime      # DAGs    # Errors  Last Runtime    Last Run
-----------------------------------  -----  ---------  --------  ----------  --------------  -------------------
/opt/airflow/dags/minio-to-kafka.py                           1           0  2.00s           2026-08-31T00:00:14
================================================================================
[2026-08-31T00:00:55.972+0000] {manager.py:878} INFO - 
================================================================================
DAG File Processing Stats

File Path                            PID    Runtime      # DAGs    # Errors  Last Runtime    Last Run
-----------------------------------  -----  ---------  --------  ----------  --------------  -------------------
/opt/airflow/dags/minio-to-kafka.py                           1           0  1.37s           2026-08-31T00:00:46
================================================================================
[2026-08-31T00:01:26.534+0000] {manager.py:878} INFO - 
================================================================================
DAG File Processing Stats

File Path                            PID    Runtime      # DAGs    # Errors  Last Runtime    Last Run
-----------------------------------  -----  ---------  --------  ----------  --------------  -------------------
/opt/airflow/dags/minio-to-kafka.py                           1           0  1.30s           2026-08-31T00:01:17
================================================================================
[2026-08-31T00:01:56.789+0000] {manager.py:878} INFO - 
================================================================================
DAG File Processing Stats

File Path                            PID    Runtime      # DAGs    # Errors  Last Runtime    Last Run
-----------------------------------  -----  ---------  --------  ----------  --------------  -------------------
/opt/airflow/dags/minio-to-kafka.py                           1           0  0.99s           2026-08-31T00:01:49
================================================================================
[2026-08-31T00:02:26.976+0000] {manager.py:878} INFO - 
================================================================================
DAG File Processing Stats

File Path                            PID    Runtime      # DAGs    # Errors  Last Runtime    Last Run
-----------------------------------  -----  ---------  --------  ----------  --------------  -------------------
/opt/airflow/dags/minio-to-kafka.py                           1           0  1.64s           2026-08-31T00:02:20
================================================================================
[2026-08-31T00:02:57.272+0000] {manager.py:878} INFO - 
================================================================================
DAG File Processing Stats

File Path                            PID    Runtime      # DAGs    # Errors  Last Runtime    Last Run
-----------------------------------  -----  ---------  --------  ----------  --------------  -------------------
/opt/airflow/dags/minio-to-kafka.py                           1           0  1.22s           2026-08-31T00:02:52
================================================================================
[2026-08-31T00:03:27.695+0000] {manager.py:878} INFO - 
================================================================================
DAG File Processing Stats

File Path                            PID    Runtime      # DAGs    # Errors  Last Runtime    Last Run
-----------------------------------  -----  ---------  --------  ----------  --------------  -------------------
/opt/airflow/dags/minio-to-kafka.py                           1           0  1.53s           2026-08-31T00:03:24
================================================================================
[2026-08-31T00:03:58.326+0000] {manager.py:878} INFO - 
================================================================================
DAG File Processing Stats

File Path                            PID    Runtime      # DAGs    # Errors  Last Runtime    Last Run
-----------------------------------  -----  ---------  --------  ----------  --------------  -------------------
/opt/airflow/dags/minio-to-kafka.py                           1           0  1.19s           2026-08-31T00:03:55
================================================================================
[2026-08-31T00:04:12.429+0000] {manager.py:737} INFO - Searching for files in /opt/airflow/dags
[2026-08-31T00:04:12.456+0000] {manager.py:740} INFO - There are 1 files in /opt/airflow/dags
[2026-08-31T00:04:28.496+0000] {manager.py:878} INFO - 
================================================================================
DAG File Processing Stats

File Path                            PID    Runtime      # DAGs    # Errors  Last Runtime    Last Run
-----------------------------------  -----  ---------  --------  ----------  --------------  -------------------
/opt/airflow/dags/minio-to-kafka.py                           1           0  1.86s           2026-08-31T00:04:27
================================================================================
[2026-08-31T00:04:58.749+0000] {manager.py:878} INFO - 
================================================================================
DAG File Processing Stats

File Path                              PID  Runtime      # DAGs    # Errors  Last Runtime    Last Run
-----------------------------------  -----  ---------  --------  ----------  --------------  -------------------
/opt/airflow/dags/minio-to-kafka.py   2869  1.02s             1           0  1.86s           2026-08-31T00:04:27
================================================================================
[2026-08-31T00:05:29.253+0000] {manager.py:878} INFO - 
================================================================================
DAG File Processing Stats

File Path                              PID  Runtime      # DAGs    # Errors  Last Runtime    Last Run
-----------------------------------  -----  ---------  --------  ----------  --------------  -------------------
/opt/airflow/dags/minio-to-kafka.py   2872  0.01s             1           0  1.31s           2026-08-31T00:04:59
================================================================================
[2026-08-31T04:50:42.894+0000] {manager.py:737} INFO - Searching for files in /opt/airflow/dags
[2026-08-31T04:50:44.827+0000] {manager.py:740} INFO - There are 1 files in /opt/airflow/dags
[2026-08-31T04:50:52.190+0000] {manager.py:878} INFO - 
================================================================================
DAG File Processing Stats

File Path                              PID  Runtime      # DAGs    # Errors  Last Runtime    Last Run
-----------------------------------  -----  ---------  --------  ----------  --------------  -------------------
/opt/airflow/dags/minio-to-kafka.py   2876  1.57s             1           0  1.41s           2026-08-31T00:05:30
================================================================================
[2026-08-31T04:51:22.299+0000] {manager.py:878} INFO - 
================================================================================
DAG File Processing Stats

File Path                            PID    Runtime      # DAGs    # Errors  Last Runtime    Last Run
-----------------------------------  -----  ---------  --------  ----------  --------------  -------------------
/opt/airflow/dags/minio-to-kafka.py                           1           0  20.89s          2026-08-31T04:51:11
================================================================================
[2026-08-31T04:51:52.950+0000] {manager.py:878} INFO - 
================================================================================
DAG File Processing Stats

File Path                            PID    Runtime      # DAGs    # Errors  Last Runtime    Last Run
-----------------------------------  -----  ---------  --------  ----------  --------------  -------------------
/opt/airflow/dags/minio-to-kafka.py                           1           0  8.43s           2026-08-31T04:51:50
================================================================================
[2026-08-31T04:52:23.038+0000] {manager.py:878} INFO - 
================================================================================
DAG File Processing Stats

File Path                            PID    Runtime      # DAGs    # Errors  Last Runtime    Last Run
-----------------------------------  -----  ---------  --------  ----------  --------------  -------------------
/opt/airflow/dags/minio-to-kafka.py                           1           0  1.23s           2026-08-31T04:52:22
================================================================================
[2026-08-31T04:52:53.963+0000] {manager.py:878} INFO - 
================================================================================
DAG File Processing Stats

File Path                              PID  Runtime      # DAGs    # Errors  Last Runtime    Last Run
-----------------------------------  -----  ---------  --------  ----------  --------------  -------------------
/opt/airflow/dags/minio-to-kafka.py   2928  0.03s             1           0  1.23s           2026-08-31T04:52:22
================================================================================
[2026-08-31T04:53:24.681+0000] {manager.py:878} INFO - 
================================================================================
DAG File Processing Stats

File Path                            PID    Runtime      # DAGs    # Errors  Last Runtime    Last Run
-----------------------------------  -----  ---------  --------  ----------  --------------  -------------------
/opt/airflow/dags/minio-to-kafka.py                           1           0  3.77s           2026-08-31T04:52:57
================================================================================
[2026-08-31T04:53:55.009+0000] {manager.py:878} INFO - 
================================================================================
DAG File Processing Stats

File Path                            PID    Runtime      # DAGs    # Errors  Last Runtime    Last Run
-----------------------------------  -----  ---------  --------  ----------  --------------  -------------------
/opt/airflow/dags/minio-to-kafka.py                           1           0  1.62s           2026-08-31T04:53:29
================================================================================
[2026-08-31T04:54:25.906+0000] {manager.py:878} INFO - 
================================================================================
DAG File Processing Stats

File Path                            PID    Runtime      # DAGs    # Errors  Last Runtime    Last Run
-----------------------------------  -----  ---------  --------  ----------  --------------  -------------------
/opt/airflow/dags/minio-to-kafka.py                           1           0  2.10s           2026-08-31T04:54:01
================================================================================
[2026-08-31T04:54:56.235+0000] {manager.py:878} INFO - 
================================================================================
DAG File Processing Stats

File Path                            PID    Runtime      # DAGs    # Errors  Last Runtime    Last Run
-----------------------------------  -----  ---------  --------  ----------  --------------  -------------------
/opt/airflow/dags/minio-to-kafka.py                           1           0  2.44s           2026-08-31T04:54:34
================================================================================
[2026-08-31T04:55:26.838+0000] {manager.py:878} INFO - 
================================================================================
DAG File Processing Stats

File Path                            PID    Runtime      # DAGs    # Errors  Last Runtime    Last Run
-----------------------------------  -----  ---------  --------  ----------  --------------  -------------------
/opt/airflow/dags/minio-to-kafka.py                           1           0  1.32s           2026-08-31T04:55:05
================================================================================
[2026-08-31T04:55:42.997+0000] {manager.py:737} INFO - Searching for files in /opt/airflow/dags
[2026-08-31T04:55:43.028+0000] {manager.py:740} INFO - There are 1 files in /opt/airflow/dags
[2026-08-31T04:55:57.163+0000] {manager.py:878} INFO - 
================================================================================
DAG File Processing Stats

File Path                            PID    Runtime      # DAGs    # Errors  Last Runtime    Last Run
-----------------------------------  -----  ---------  --------  ----------  --------------  -------------------
/opt/airflow/dags/minio-to-kafka.py                           1           0  0.94s           2026-08-31T04:55:37
================================================================================
[2026-08-31T04:56:27.180+0000] {manager.py:878} INFO - 
================================================================================
DAG File Processing Stats

File Path                            PID    Runtime      # DAGs    # Errors  Last Runtime    Last Run
-----------------------------------  -----  ---------  --------  ----------  --------------  -------------------
/opt/airflow/dags/minio-to-kafka.py                           1           0  1.75s           2026-08-31T04:56:09
================================================================================
[2026-08-31T04:56:57.511+0000] {manager.py:878} INFO - 
================================================================================
DAG File Processing Stats

File Path                            PID    Runtime      # DAGs    # Errors  Last Runtime    Last Run
-----------------------------------  -----  ---------  --------  ----------  --------------  -------------------
/opt/airflow/dags/minio-to-kafka.py                           1           0  3.06s           2026-08-31T04:56:42
================================================================================
[2026-08-31T04:57:27.809+0000] {manager.py:878} INFO - 
================================================================================
DAG File Processing Stats

File Path                            PID    Runtime      # DAGs    # Errors  Last Runtime    Last Run
-----------------------------------  -----  ---------  --------  ----------  --------------  -------------------
/opt/airflow/dags/minio-to-kafka.py                           1           0  3.59s           2026-08-31T04:57:16
================================================================================
[2026-08-31T04:57:58.633+0000] {manager.py:878} INFO - 
================================================================================
DAG File Processing Stats

File Path                            PID    Runtime      # DAGs    # Errors  Last Runtime    Last Run
-----------------------------------  -----  ---------  --------  ----------  --------------  -------------------
/opt/airflow/dags/minio-to-kafka.py                           1           0  1.15s           2026-08-31T04:57:47
================================================================================
[2026-08-31T04:58:28.947+0000] {manager.py:878} INFO - 
================================================================================
DAG File Processing Stats

File Path                            PID    Runtime      # DAGs    # Errors  Last Runtime    Last Run
-----------------------------------  -----  ---------  --------  ----------  --------------  -------------------
/opt/airflow/dags/minio-to-kafka.py                           1           0  2.64s           2026-08-31T04:58:20
================================================================================
[2026-08-31T04:58:59.791+0000] {manager.py:878} INFO - 
================================================================================
DAG File Processing Stats

File Path                            PID    Runtime      # DAGs    # Errors  Last Runtime    Last Run
-----------------------------------  -----  ---------  --------  ----------  --------------  -------------------
/opt/airflow/dags/minio-to-kafka.py                           1           0  2.12s           2026-08-31T04:58:52
================================================================================
[2026-08-31T04:59:30.126+0000] {manager.py:878} INFO - 
================================================================================
DAG File Processing Stats

File Path                            PID    Runtime      # DAGs    # Errors  Last Runtime    Last Run
-----------------------------------  -----  ---------  --------  ----------  --------------  -------------------
/opt/airflow/dags/minio-to-kafka.py                           1           0  1.34s           2026-08-31T04:59:24
================================================================================
[2026-08-31T05:00:00.648+0000] {manager.py:878} INFO - 
================================================================================
DAG File Processing Stats

File Path                            PID    Runtime      # DAGs    # Errors  Last Runtime    Last Run
-----------------------------------  -----  ---------  --------  ----------  --------------  -------------------
/opt/airflow/dags/minio-to-kafka.py                           1           0  1.37s           2026-08-31T04:59:55
================================================================================
[2026-08-31T05:00:30.906+0000] {manager.py:878} INFO - 
================================================================================
DAG File Processing Stats

File Path                            PID    Runtime      # DAGs    # Errors  Last Runtime    Last Run
-----------------------------------  -----  ---------  --------  ----------  --------------  -------------------
/opt/airflow/dags/minio-to-kafka.py                           1           0  2.03s           2026-08-31T05:00:27
================================================================================
[2026-08-31T05:00:43.021+0000] {manager.py:737} INFO - Searching for files in /opt/airflow/dags
[2026-08-31T05:00:43.099+0000] {manager.py:740} INFO - There are 1 files in /opt/airflow/dags
[2026-08-31T05:01:01.313+0000] {manager.py:878} INFO - 
================================================================================
DAG File Processing Stats

File Path                              PID  Runtime      # DAGs    # Errors  Last Runtime    Last Run
-----------------------------------  -----  ---------  --------  ----------  --------------  -------------------
/opt/airflow/dags/minio-to-kafka.py   2995  1.79s             1           0  2.03s           2026-08-31T05:00:27
================================================================================
[2026-08-31T05:01:32.860+0000] {manager.py:878} INFO - 
================================================================================
DAG File Processing Stats

File Path                            PID    Runtime      # DAGs    # Errors  Last Runtime    Last Run
-----------------------------------  -----  ---------  --------  ----------  --------------  -------------------
/opt/airflow/dags/minio-to-kafka.py                           1           0  6.23s           2026-08-31T05:01:05
================================================================================
[2026-08-31T05:02:03.401+0000] {manager.py:878} INFO - 
================================================================================
DAG File Processing Stats

File Path                            PID    Runtime      # DAGs    # Errors  Last Runtime    Last Run
-----------------------------------  -----  ---------  --------  ----------  --------------  -------------------
/opt/airflow/dags/minio-to-kafka.py                           1           0  2.50s           2026-08-31T05:01:38
================================================================================
[2026-08-31T05:02:33.529+0000] {manager.py:878} INFO - 
================================================================================
DAG File Processing Stats

File Path                            PID    Runtime      # DAGs    # Errors  Last Runtime    Last Run
-----------------------------------  -----  ---------  --------  ----------  --------------  -------------------
/opt/airflow/dags/minio-to-kafka.py                           1           0  3.87s           2026-08-31T05:02:12
================================================================================
[2026-08-31T05:03:03.832+0000] {manager.py:878} INFO - 
================================================================================
DAG File Processing Stats

File Path                            PID    Runtime      # DAGs    # Errors  Last Runtime    Last Run
-----------------------------------  -----  ---------  --------  ----------  --------------  -------------------
/opt/airflow/dags/minio-to-kafka.py                           1           0  3.23s           2026-08-31T05:02:45
================================================================================
[2026-08-31T05:03:33.845+0000] {manager.py:878} INFO - 
================================================================================
DAG File Processing Stats

File Path                            PID    Runtime      # DAGs    # Errors  Last Runtime    Last Run
-----------------------------------  -----  ---------  --------  ----------  --------------  -------------------
/opt/airflow/dags/minio-to-kafka.py                           1           0  3.08s           2026-08-31T05:03:21
================================================================================
[2026-08-31T05:04:04.092+0000] {manager.py:878} INFO - 
================================================================================
DAG File Processing Stats

File Path                            PID    Runtime      # DAGs    # Errors  Last Runtime    Last Run
-----------------------------------  -----  ---------  --------  ----------  --------------  -------------------
/opt/airflow/dags/minio-to-kafka.py                           1           0  2.23s           2026-08-31T05:03:54
================================================================================
[2026-08-31T05:04:34.545+0000] {manager.py:878} INFO - 
================================================================================
DAG File Processing Stats

File Path                            PID    Runtime      # DAGs    # Errors  Last Runtime    Last Run
-----------------------------------  -----  ---------  --------  ----------  --------------  -------------------
/opt/airflow/dags/minio-to-kafka.py                           1           0  3.56s           2026-08-31T05:04:27
================================================================================
[2026-08-31T05:05:04.899+0000] {manager.py:878} INFO - 
================================================================================
DAG File Processing Stats

File Path                            PID    Runtime      # DAGs    # Errors  Last Runtime    Last Run
-----------------------------------  -----  ---------  --------  ----------  --------------  -------------------
/opt/airflow/dags/minio-to-kafka.py                           1           0  2.00s           2026-08-31T05:05:00
================================================================================
[2026-08-31T05:05:35.467+0000] {manager.py:878} INFO - 
================================================================================
DAG File Processing Stats

File Path                            PID    Runtime      # DAGs    # Errors  Last Runtime    Last Run
-----------------------------------  -----  ---------  --------  ----------  --------------  -------------------
/opt/airflow/dags/minio-to-kafka.py                           1           0  2.14s           2026-08-31T05:05:32
================================================================================
[2026-08-31T05:05:43.533+0000] {manager.py:737} INFO - Searching for files in /opt/airflow/dags
[2026-08-31T05:05:43.587+0000] {manager.py:740} INFO - There are 1 files in /opt/airflow/dags
[2026-08-31T05:06:05.502+0000] {manager.py:878} INFO - 
================================================================================
DAG File Processing Stats

File Path                            PID    Runtime      # DAGs    # Errors  Last Runtime    Last Run
-----------------------------------  -----  ---------  --------  ----------  --------------  -------------------
/opt/airflow/dags/minio-to-kafka.py                           1           0  1.69s           2026-08-31T05:06:04
================================================================================
[2026-08-31T05:06:35.847+0000] {manager.py:878} INFO - 
================================================================================
DAG File Processing Stats

File Path                              PID  Runtime      # DAGs    # Errors  Last Runtime    Last Run
-----------------------------------  -----  ---------  --------  ----------  --------------  -------------------
/opt/airflow/dags/minio-to-kafka.py   3025  1.03s             1           0  1.69s           2026-08-31T05:06:04
================================================================================
[2026-08-31T05:07:06.099+0000] {manager.py:878} INFO - 
================================================================================
DAG File Processing Stats

File Path                            PID    Runtime      # DAGs    # Errors  Last Runtime    Last Run
-----------------------------------  -----  ---------  --------  ----------  --------------  -------------------
/opt/airflow/dags/minio-to-kafka.py                           1           0  2.04s           2026-08-31T05:06:36
================================================================================
[2026-08-31T05:07:36.368+0000] {manager.py:878} INFO - 
================================================================================
DAG File Processing Stats

File Path                            PID    Runtime      # DAGs    # Errors  Last Runtime    Last Run
-----------------------------------  -----  ---------  --------  ----------  --------------  -------------------
/opt/airflow/dags/minio-to-kafka.py                           1           0  1.52s           2026-08-31T05:07:08
================================================================================
[2026-08-31T05:08:06.809+0000] {manager.py:878} INFO - 
================================================================================
DAG File Processing Stats

File Path                            PID    Runtime      # DAGs    # Errors  Last Runtime    Last Run
-----------------------------------  -----  ---------  --------  ----------  --------------  -------------------
/opt/airflow/dags/minio-to-kafka.py                           1           0  1.94s           2026-08-31T05:07:40
================================================================================
[2026-08-31T05:08:37.363+0000] {manager.py:878} INFO - 
================================================================================
DAG File Processing Stats

File Path                            PID    Runtime      # DAGs    # Errors  Last Runtime    Last Run
-----------------------------------  -----  ---------  --------  ----------  --------------  -------------------
/opt/airflow/dags/minio-to-kafka.py                           1           0  2.91s           2026-08-31T05:08:14
================================================================================
[2026-08-31T05:09:07.667+0000] {manager.py:878} INFO - 
================================================================================
DAG File Processing Stats

File Path                            PID    Runtime      # DAGs    # Errors  Last Runtime    Last Run
-----------------------------------  -----  ---------  --------  ----------  --------------  -------------------
/opt/airflow/dags/minio-to-kafka.py                           1           0  2.06s           2026-08-31T05:08:46
================================================================================
[2026-08-31T05:09:38.005+0000] {manager.py:878} INFO - 
================================================================================
DAG File Processing Stats

File Path                            PID    Runtime      # DAGs    # Errors  Last Runtime    Last Run
-----------------------------------  -----  ---------  --------  ----------  --------------  -------------------
/opt/airflow/dags/minio-to-kafka.py                           1           0  1.77s           2026-08-31T05:09:18
================================================================================
[2026-08-31T05:10:08.984+0000] {manager.py:878} INFO - 
================================================================================
DAG File Processing Stats

File Path                            PID    Runtime      # DAGs    # Errors  Last Runtime    Last Run
-----------------------------------  -----  ---------  --------  ----------  --------------  -------------------
/opt/airflow/dags/minio-to-kafka.py                           1           0  7.24s           2026-08-31T05:09:55
================================================================================
[2026-08-31T05:10:39.367+0000] {manager.py:878} INFO - 
================================================================================
DAG File Processing Stats

File Path                            PID    Runtime      # DAGs    # Errors  Last Runtime    Last Run
-----------------------------------  -----  ---------  --------  ----------  --------------  -------------------
/opt/airflow/dags/minio-to-kafka.py                           1           0  2.82s           2026-08-31T05:10:29
================================================================================
[2026-08-31T05:10:43.633+0000] {manager.py:737} INFO - Searching for files in /opt/airflow/dags
[2026-08-31T05:10:43.680+0000] {manager.py:740} INFO - There are 1 files in /opt/airflow/dags
[2026-08-31T05:11:09.516+0000] {manager.py:878} INFO - 
================================================================================
DAG File Processing Stats

File Path                            PID    Runtime      # DAGs    # Errors  Last Runtime    Last Run
-----------------------------------  -----  ---------  --------  ----------  --------------  -------------------
/opt/airflow/dags/minio-to-kafka.py                           1           0  4.80s           2026-08-31T05:11:04
================================================================================
[2026-08-31T05:11:39.723+0000] {manager.py:878} INFO - 
================================================================================
DAG File Processing Stats

File Path                              PID  Runtime      # DAGs    # Errors  Last Runtime    Last Run
-----------------------------------  -----  ---------  --------  ----------  --------------  -------------------
/opt/airflow/dags/minio-to-kafka.py   3052  5.12s             1           0  4.80s           2026-08-31T05:11:04
================================================================================
[2026-08-31T05:12:10.223+0000] {manager.py:878} INFO - 
================================================================================
DAG File Processing Stats

File Path                            PID    Runtime      # DAGs    # Errors  Last Runtime    Last Run
-----------------------------------  -----  ---------  --------  ----------  --------------  -------------------
/opt/airflow/dags/minio-to-kafka.py                           1           0  5.73s           2026-08-31T05:11:40
================================================================================
[2026-08-31T05:12:40.266+0000] {manager.py:878} INFO - 
================================================================================
DAG File Processing Stats

File Path                            PID    Runtime      # DAGs    # Errors  Last Runtime    Last Run
-----------------------------------  -----  ---------  --------  ----------  --------------  -------------------
/opt/airflow/dags/minio-to-kafka.py                           1           0  2.44s           2026-08-31T05:12:13
================================================================================
[2026-08-31T05:13:10.397+0000] {manager.py:878} INFO - 
================================================================================
DAG File Processing Stats

File Path                            PID    Runtime      # DAGs    # Errors  Last Runtime    Last Run
-----------------------------------  -----  ---------  --------  ----------  --------------  -------------------
/opt/airflow/dags/minio-to-kafka.py                           1           0  1.85s           2026-08-31T05:12:45
================================================================================
[2026-08-31T05:13:40.630+0000] {manager.py:878} INFO - 
================================================================================
DAG File Processing Stats

File Path                            PID    Runtime      # DAGs    # Errors  Last Runtime    Last Run
-----------------------------------  -----  ---------  --------  ----------  --------------  -------------------
/opt/airflow/dags/minio-to-kafka.py                           1           0  1.96s           2026-08-31T05:13:17
================================================================================
[2026-08-31T05:14:11.135+0000] {manager.py:878} INFO - 
================================================================================
DAG File Processing Stats

File Path                            PID    Runtime      # DAGs    # Errors  Last Runtime    Last Run
-----------------------------------  -----  ---------  --------  ----------  --------------  -------------------
/opt/airflow/dags/minio-to-kafka.py                           1           0  3.62s           2026-08-31T05:13:51
================================================================================
[2026-08-31T05:14:41.416+0000] {manager.py:878} INFO - 
================================================================================
DAG File Processing Stats

File Path                            PID    Runtime      # DAGs    # Errors  Last Runtime    Last Run
-----------------------------------  -----  ---------  --------  ----------  --------------  -------------------
/opt/airflow/dags/minio-to-kafka.py                           1           0  4.45s           2026-08-31T05:14:26
================================================================================
[2026-08-31T05:15:11.743+0000] {manager.py:878} INFO - 
================================================================================
DAG File Processing Stats

File Path                            PID    Runtime      # DAGs    # Errors  Last Runtime    Last Run
-----------------------------------  -----  ---------  --------  ----------  --------------  -------------------
/opt/airflow/dags/minio-to-kafka.py                           1           0  2.46s           2026-08-31T05:14:59
================================================================================
[2026-08-31T05:15:41.904+0000] {manager.py:878} INFO - 
================================================================================
DAG File Processing Stats

File Path                            PID    Runtime      # DAGs    # Errors  Last Runtime    Last Run
-----------------------------------  -----  ---------  --------  ----------  --------------  -------------------
/opt/airflow/dags/minio-to-kafka.py                           1           0  4.49s           2026-08-31T05:15:33
================================================================================
[2026-08-31T05:15:43.925+0000] {manager.py:737} INFO - Searching for files in /opt/airflow/dags
[2026-08-31T05:15:43.986+0000] {manager.py:740} INFO - There are 1 files in /opt/airflow/dags
[2026-08-31T05:16:12.360+0000] {manager.py:878} INFO - 
================================================================================
DAG File Processing Stats

File Path                            PID    Runtime      # DAGs    # Errors  Last Runtime    Last Run
-----------------------------------  -----  ---------  --------  ----------  --------------  -------------------
/opt/airflow/dags/minio-to-kafka.py                           1           0  1.93s           2026-08-31T05:16:06
================================================================================
[2026-08-31T05:16:42.407+0000] {manager.py:878} INFO - 
================================================================================
DAG File Processing Stats

File Path                            PID    Runtime      # DAGs    # Errors  Last Runtime    Last Run
-----------------------------------  -----  ---------  --------  ----------  --------------  -------------------
/opt/airflow/dags/minio-to-kafka.py                           1           0  1.75s           2026-08-31T05:16:38
================================================================================
[2026-08-31T05:17:12.561+0000] {manager.py:878} INFO - 
================================================================================
DAG File Processing Stats

File Path                            PID    Runtime      # DAGs    # Errors  Last Runtime    Last Run
-----------------------------------  -----  ---------  --------  ----------  --------------  -------------------
/opt/airflow/dags/minio-to-kafka.py                           1           0  2.11s           2026-08-31T05:17:10
================================================================================
[2026-08-31T05:17:43.978+0000] {manager.py:878} INFO - 
================================================================================
DAG File Processing Stats

File Path                              PID  Runtime      # DAGs    # Errors  Last Runtime    Last Run
-----------------------------------  -----  ---------  --------  ----------  --------------  -------------------
/opt/airflow/dags/minio-to-kafka.py   3085  1.43s             1           0  2.11s           2026-08-31T05:17:10
================================================================================
[2026-08-31T05:18:14.303+0000] {manager.py:878} INFO - 
================================================================================
DAG File Processing Stats

File Path                            PID    Runtime      # DAGs    # Errors  Last Runtime    Last Run
-----------------------------------  -----  ---------  --------  ----------  --------------  -------------------
/opt/airflow/dags/minio-to-kafka.py                           1           0  4.81s           2026-08-31T05:17:47
================================================================================
[2026-08-31T05:18:44.931+0000] {manager.py:878} INFO - 
================================================================================
DAG File Processing Stats

File Path                            PID    Runtime      # DAGs    # Errors  Last Runtime    Last Run
-----------------------------------  -----  ---------  --------  ----------  --------------  -------------------
/opt/airflow/dags/minio-to-kafka.py                           1           0  2.32s           2026-08-31T05:18:19
================================================================================
[2026-08-31T05:19:15.071+0000] {manager.py:878} INFO - 
================================================================================
DAG File Processing Stats

File Path                            PID    Runtime      # DAGs    # Errors  Last Runtime    Last Run
-----------------------------------  -----  ---------  --------  ----------  --------------  -------------------
/opt/airflow/dags/minio-to-kafka.py                           1           0  1.83s           2026-08-31T05:18:51
================================================================================
[2026-08-31T05:19:45.517+0000] {manager.py:878} INFO - 
================================================================================
DAG File Processing Stats

File Path                            PID    Runtime      # DAGs    # Errors  Last Runtime    Last Run
-----------------------------------  -----  ---------  --------  ----------  --------------  -------------------
/opt/airflow/dags/minio-to-kafka.py                           1           0  4.44s           2026-08-31T05:19:26
================================================================================
[2026-08-31T05:20:16.193+0000] {manager.py:878} INFO - 
================================================================================
DAG File Processing Stats

File Path                            PID    Runtime      # DAGs    # Errors  Last Runtime    Last Run
-----------------------------------  -----  ---------  --------  ----------  --------------  -------------------
/opt/airflow/dags/minio-to-kafka.py                           1           0  2.17s           2026-08-31T05:19:59
================================================================================
[2026-08-31T05:20:44.544+0000] {manager.py:737} INFO - Searching for files in /opt/airflow/dags
[2026-08-31T05:20:44.616+0000] {manager.py:740} INFO - There are 1 files in /opt/airflow/dags
[2026-08-31T05:20:46.672+0000] {manager.py:878} INFO - 
================================================================================
DAG File Processing Stats

File Path                            PID    Runtime      # DAGs    # Errors  Last Runtime    Last Run
-----------------------------------  -----  ---------  --------  ----------  --------------  -------------------
/opt/airflow/dags/minio-to-kafka.py                           1           0  2.96s           2026-08-31T05:20:32
================================================================================
[2026-08-31T05:21:17.042+0000] {manager.py:878} INFO - 
================================================================================
DAG File Processing Stats

File Path                            PID    Runtime      # DAGs    # Errors  Last Runtime    Last Run
-----------------------------------  -----  ---------  --------  ----------  --------------  -------------------
/opt/airflow/dags/minio-to-kafka.py                           1           0  2.30s           2026-08-31T05:21:05
================================================================================
[2026-08-31T05:21:47.773+0000] {manager.py:878} INFO - 
================================================================================
DAG File Processing Stats

File Path                            PID    Runtime      # DAGs    # Errors  Last Runtime    Last Run
-----------------------------------  -----  ---------  --------  ----------  --------------  -------------------
/opt/airflow/dags/minio-to-kafka.py                           1           0  5.55s           2026-08-31T05:21:40
================================================================================
[2026-08-31T05:22:18.252+0000] {manager.py:878} INFO - 
================================================================================
DAG File Processing Stats

File Path                            PID    Runtime      # DAGs    # Errors  Last Runtime    Last Run
-----------------------------------  -----  ---------  --------  ----------  --------------  -------------------
/opt/airflow/dags/minio-to-kafka.py                           1           0  1.39s           2026-08-31T05:22:12
================================================================================
[2026-08-31T05:22:48.962+0000] {manager.py:878} INFO - 
================================================================================
DAG File Processing Stats

File Path                            PID    Runtime      # DAGs    # Errors  Last Runtime    Last Run
-----------------------------------  -----  ---------  --------  ----------  --------------  -------------------
/opt/airflow/dags/minio-to-kafka.py                           1           0  1.51s           2026-08-31T05:22:44
================================================================================
[2026-08-31T05:23:19.047+0000] {manager.py:878} INFO - 
================================================================================
DAG File Processing Stats

File Path                            PID    Runtime      # DAGs    # Errors  Last Runtime    Last Run
-----------------------------------  -----  ---------  --------  ----------  --------------  -------------------
/opt/airflow/dags/minio-to-kafka.py                           1           0  2.72s           2026-08-31T05:23:17
================================================================================
[2026-08-31T05:23:49.419+0000] {manager.py:878} INFO - 
================================================================================
DAG File Processing Stats

File Path                              PID  Runtime      # DAGs    # Errors  Last Runtime    Last Run
-----------------------------------  -----  ---------  --------  ----------  --------------  -------------------
/opt/airflow/dags/minio-to-kafka.py   3118  2.04s             1           0  2.72s           2026-08-31T05:23:17
================================================================================
[2026-08-31T05:24:20.021+0000] {manager.py:878} INFO - 
================================================================================
DAG File Processing Stats

File Path                              PID  Runtime      # DAGs    # Errors  Last Runtime    Last Run
-----------------------------------  -----  ---------  --------  ----------  --------------  -------------------
/opt/airflow/dags/minio-to-kafka.py   3121  0.01s             1           0  2.42s           2026-08-31T05:23:49
================================================================================
[2026-08-31T05:24:50.077+0000] {manager.py:878} INFO - 
================================================================================
DAG File Processing Stats

File Path                            PID    Runtime      # DAGs    # Errors  Last Runtime    Last Run
-----------------------------------  -----  ---------  --------  ----------  --------------  -------------------
/opt/airflow/dags/minio-to-kafka.py                           1           0  1.78s           2026-08-31T05:24:21
================================================================================
[2026-08-31T05:25:20.682+0000] {manager.py:878} INFO - 
================================================================================
DAG File Processing Stats

File Path                            PID    Runtime      # DAGs    # Errors  Last Runtime    Last Run
-----------------------------------  -----  ---------  --------  ----------  --------------  -------------------
/opt/airflow/dags/minio-to-kafka.py                           1           0  1.37s           2026-08-31T05:24:53
================================================================================
[2026-08-31T05:25:45.011+0000] {manager.py:737} INFO - Searching for files in /opt/airflow/dags
[2026-08-31T05:25:45.065+0000] {manager.py:740} INFO - There are 1 files in /opt/airflow/dags
[2026-08-31T05:25:51.161+0000] {manager.py:878} INFO - 
================================================================================
DAG File Processing Stats

File Path                            PID    Runtime      # DAGs    # Errors  Last Runtime    Last Run
-----------------------------------  -----  ---------  --------  ----------  --------------  -------------------
/opt/airflow/dags/minio-to-kafka.py                           1           0  2.24s           2026-08-31T05:25:25
================================================================================
[2026-08-31T05:26:21.597+0000] {manager.py:878} INFO - 
================================================================================
DAG File Processing Stats

File Path                            PID    Runtime      # DAGs    # Errors  Last Runtime    Last Run
-----------------------------------  -----  ---------  --------  ----------  --------------  -------------------
/opt/airflow/dags/minio-to-kafka.py                           1           0  2.55s           2026-08-31T05:25:58
================================================================================
[2026-08-31T05:26:52.385+0000] {manager.py:878} INFO - 
================================================================================
DAG File Processing Stats

File Path                            PID    Runtime      # DAGs    # Errors  Last Runtime    Last Run
-----------------------------------  -----  ---------  --------  ----------  --------------  -------------------
/opt/airflow/dags/minio-to-kafka.py                           1           0  2.13s           2026-08-31T05:26:31
================================================================================
[2026-08-31T05:27:22.895+0000] {manager.py:878} INFO - 
================================================================================
DAG File Processing Stats

File Path                            PID    Runtime      # DAGs    # Errors  Last Runtime    Last Run
-----------------------------------  -----  ---------  --------  ----------  --------------  -------------------
/opt/airflow/dags/minio-to-kafka.py                           1           0  3.07s           2026-08-31T05:27:04
================================================================================
[2026-08-31T05:27:53.038+0000] {manager.py:878} INFO - 
================================================================================
DAG File Processing Stats

File Path                            PID    Runtime      # DAGs    # Errors  Last Runtime    Last Run
-----------------------------------  -----  ---------  --------  ----------  --------------  -------------------
/opt/airflow/dags/minio-to-kafka.py                           1           0  2.78s           2026-08-31T05:27:37
================================================================================
[2026-08-31T05:28:23.192+0000] {manager.py:878} INFO - 
================================================================================
DAG File Processing Stats

File Path                            PID    Runtime      # DAGs    # Errors  Last Runtime    Last Run
-----------------------------------  -----  ---------  --------  ----------  --------------  -------------------
/opt/airflow/dags/minio-to-kafka.py                           1           0  8.32s           2026-08-31T05:28:17
================================================================================
[2026-08-31T05:28:53.447+0000] {manager.py:878} INFO - 
================================================================================
DAG File Processing Stats

File Path                            PID    Runtime      # DAGs    # Errors  Last Runtime    Last Run
-----------------------------------  -----  ---------  --------  ----------  --------------  -------------------
/opt/airflow/dags/minio-to-kafka.py                           1           0  2.47s           2026-08-31T05:28:50
================================================================================
[2026-08-31T05:29:23.919+0000] {manager.py:878} INFO - 
================================================================================
DAG File Processing Stats

File Path                            PID    Runtime      # DAGs    # Errors  Last Runtime    Last Run
-----------------------------------  -----  ---------  --------  ----------  --------------  -------------------
/opt/airflow/dags/minio-to-kafka.py                           1           0  2.47s           2026-08-31T05:29:23
================================================================================
[2026-08-31T05:29:54.265+0000] {manager.py:878} INFO - 
================================================================================
DAG File Processing Stats

File Path                              PID  Runtime      # DAGs    # Errors  Last Runtime    Last Run
-----------------------------------  -----  ---------  --------  ----------  --------------  -------------------
/opt/airflow/dags/minio-to-kafka.py   3151  0.66s             1           0  2.47s           2026-08-31T05:29:23
================================================================================
[2026-08-31T05:30:25.023+0000] {manager.py:878} INFO - 
================================================================================
DAG File Processing Stats

File Path                            PID    Runtime      # DAGs    # Errors  Last Runtime    Last Run
-----------------------------------  -----  ---------  --------  ----------  --------------  -------------------
/opt/airflow/dags/minio-to-kafka.py                           1           0  2.14s           2026-08-31T05:29:55
================================================================================
[2026-08-31T05:30:45.465+0000] {manager.py:737} INFO - Searching for files in /opt/airflow/dags
[2026-08-31T05:30:45.522+0000] {manager.py:740} INFO - There are 1 files in /opt/airflow/dags
[2026-08-31T05:30:55.660+0000] {manager.py:878} INFO - 
================================================================================
DAG File Processing Stats

File Path                            PID    Runtime      # DAGs    # Errors  Last Runtime    Last Run
-----------------------------------  -----  ---------  --------  ----------  --------------  -------------------
/opt/airflow/dags/minio-to-kafka.py                           1           0  3.10s           2026-08-31T05:30:29
================================================================================
[2026-08-31T05:31:26.090+0000] {manager.py:878} INFO - 
================================================================================
DAG File Processing Stats

File Path                            PID    Runtime      # DAGs    # Errors  Last Runtime    Last Run
-----------------------------------  -----  ---------  --------  ----------  --------------  -------------------
/opt/airflow/dags/minio-to-kafka.py                           1           0  2.02s           2026-08-31T05:31:01
================================================================================
[2026-08-31T05:31:56.487+0000] {manager.py:878} INFO - 
================================================================================
DAG File Processing Stats

File Path                            PID    Runtime      # DAGs    # Errors  Last Runtime    Last Run
-----------------------------------  -----  ---------  --------  ----------  --------------  -------------------
/opt/airflow/dags/minio-to-kafka.py                           1           0  2.38s           2026-08-31T05:31:34
================================================================================
[2026-08-31T05:32:27.250+0000] {manager.py:878} INFO - 
================================================================================
DAG File Processing Stats

File Path                            PID    Runtime      # DAGs    # Errors  Last Runtime    Last Run
-----------------------------------  -----  ---------  --------  ----------  --------------  -------------------
/opt/airflow/dags/minio-to-kafka.py                           1           0  2.19s           2026-08-31T05:32:07
================================================================================
[2026-08-31T05:32:57.516+0000] {manager.py:878} INFO - 
================================================================================
DAG File Processing Stats

File Path                            PID    Runtime      # DAGs    # Errors  Last Runtime    Last Run
-----------------------------------  -----  ---------  --------  ----------  --------------  -------------------
/opt/airflow/dags/minio-to-kafka.py                           1           0  2.97s           2026-08-31T05:32:40
================================================================================
[2026-08-31T05:33:27.849+0000] {manager.py:878} INFO - 
================================================================================
DAG File Processing Stats

File Path                            PID    Runtime      # DAGs    # Errors  Last Runtime    Last Run
-----------------------------------  -----  ---------  --------  ----------  --------------  -------------------
/opt/airflow/dags/minio-to-kafka.py                           1           0  1.33s           2026-08-31T05:33:11
================================================================================
[2026-08-31T05:33:58.323+0000] {manager.py:878} INFO - 
================================================================================
DAG File Processing Stats

File Path                            PID    Runtime      # DAGs    # Errors  Last Runtime    Last Run
-----------------------------------  -----  ---------  --------  ----------  --------------  -------------------
/opt/airflow/dags/minio-to-kafka.py                           1           0  1.47s           2026-08-31T05:33:43
================================================================================
[2026-08-31T05:34:29.041+0000] {manager.py:878} INFO - 
================================================================================
DAG File Processing Stats

File Path                            PID    Runtime      # DAGs    # Errors  Last Runtime    Last Run
-----------------------------------  -----  ---------  --------  ----------  --------------  -------------------
/opt/airflow/dags/minio-to-kafka.py                           1           0  1.22s           2026-08-31T05:34:15
================================================================================
[2026-08-31T05:34:59.469+0000] {manager.py:878} INFO - 
================================================================================
DAG File Processing Stats

File Path                            PID    Runtime      # DAGs    # Errors  Last Runtime    Last Run
-----------------------------------  -----  ---------  --------  ----------  --------------  -------------------
/opt/airflow/dags/minio-to-kafka.py                           1           0  1.62s           2026-08-31T05:34:46
================================================================================
[2026-08-31T05:35:29.732+0000] {manager.py:878} INFO - 
================================================================================
DAG File Processing Stats

File Path                            PID    Runtime      # DAGs    # Errors  Last Runtime    Last Run
-----------------------------------  -----  ---------  --------  ----------  --------------  -------------------
/opt/airflow/dags/minio-to-kafka.py                           1           0  1.48s           2026-08-31T05:35:18
================================================================================
[2026-08-31T05:35:45.883+0000] {manager.py:737} INFO - Searching for files in /opt/airflow/dags
[2026-08-31T05:35:45.937+0000] {manager.py:740} INFO - There are 1 files in /opt/airflow/dags
[2026-08-31T05:36:00.160+0000] {manager.py:878} INFO - 
================================================================================
DAG File Processing Stats

File Path                            PID    Runtime      # DAGs    # Errors  Last Runtime    Last Run
-----------------------------------  -----  ---------  --------  ----------  --------------  -------------------
/opt/airflow/dags/minio-to-kafka.py                           1           0  2.15s           2026-08-31T05:35:51
================================================================================
[2026-08-31T05:36:30.599+0000] {manager.py:878} INFO - 
================================================================================
DAG File Processing Stats

File Path                            PID    Runtime      # DAGs    # Errors  Last Runtime    Last Run
-----------------------------------  -----  ---------  --------  ----------  --------------  -------------------
/opt/airflow/dags/minio-to-kafka.py                           1           0  2.19s           2026-08-31T05:36:23
================================================================================
[2026-08-31T05:37:00.805+0000] {manager.py:878} INFO - 
================================================================================
DAG File Processing Stats

File Path                            PID    Runtime      # DAGs    # Errors  Last Runtime    Last Run
-----------------------------------  -----  ---------  --------  ----------  --------------  -------------------
/opt/airflow/dags/minio-to-kafka.py                           1           0  1.90s           2026-08-31T05:36:55
================================================================================
[2026-08-31T05:37:30.933+0000] {manager.py:878} INFO - 
================================================================================
DAG File Processing Stats

File Path                            PID    Runtime      # DAGs    # Errors  Last Runtime    Last Run
-----------------------------------  -----  ---------  --------  ----------  --------------  -------------------
/opt/airflow/dags/minio-to-kafka.py                           1           0  1.67s           2026-08-31T05:37:27
================================================================================
[2026-08-31T05:38:01.338+0000] {manager.py:878} INFO - 
================================================================================
DAG File Processing Stats

File Path                              PID  Runtime      # DAGs    # Errors  Last Runtime    Last Run
-----------------------------------  -----  ---------  --------  ----------  --------------  -------------------
/opt/airflow/dags/minio-to-kafka.py   3196  3.12s             1           0  1.67s           2026-08-31T05:37:27
================================================================================
[2026-08-31T05:38:31.569+0000] {manager.py:878} INFO - 
================================================================================
DAG File Processing Stats

File Path                            PID    Runtime      # DAGs    # Errors  Last Runtime    Last Run
-----------------------------------  -----  ---------  --------  ----------  --------------  -------------------
/opt/airflow/dags/minio-to-kafka.py                           1           0  7.82s           2026-08-31T05:38:06
================================================================================
[2026-08-31T05:39:01.899+0000] {manager.py:878} INFO - 
================================================================================
DAG File Processing Stats

File Path                            PID    Runtime      # DAGs    # Errors  Last Runtime    Last Run
-----------------------------------  -----  ---------  --------  ----------  --------------  -------------------
/opt/airflow/dags/minio-to-kafka.py                           1           0  3.82s           2026-08-31T05:38:40
================================================================================
[2026-08-31T05:39:32.563+0000] {manager.py:878} INFO - 
================================================================================
DAG File Processing Stats

File Path                            PID    Runtime      # DAGs    # Errors  Last Runtime    Last Run
-----------------------------------  -----  ---------  --------  ----------  --------------  -------------------
/opt/airflow/dags/minio-to-kafka.py                           1           0  2.09s           2026-08-31T05:39:12
================================================================================
[2026-08-31T05:40:02.736+0000] {manager.py:878} INFO - 
================================================================================
DAG File Processing Stats

File Path                            PID    Runtime      # DAGs    # Errors  Last Runtime    Last Run
-----------------------------------  -----  ---------  --------  ----------  --------------  -------------------
/opt/airflow/dags/minio-to-kafka.py                           1           0  1.87s           2026-08-31T05:39:44
================================================================================
[2026-08-31T05:40:32.750+0000] {manager.py:878} INFO - 
================================================================================
DAG File Processing Stats

File Path                            PID    Runtime      # DAGs    # Errors  Last Runtime    Last Run
-----------------------------------  -----  ---------  --------  ----------  --------------  -------------------
/opt/airflow/dags/minio-to-kafka.py                           1           0  1.63s           2026-08-31T05:40:16
================================================================================
[2026-08-31T05:40:46.269+0000] {manager.py:737} INFO - Searching for files in /opt/airflow/dags
[2026-08-31T05:40:46.333+0000] {manager.py:740} INFO - There are 1 files in /opt/airflow/dags
[2026-08-31T05:41:03.025+0000] {manager.py:878} INFO - 
================================================================================
DAG File Processing Stats

File Path                            PID    Runtime      # DAGs    # Errors  Last Runtime    Last Run
-----------------------------------  -----  ---------  --------  ----------  --------------  -------------------
/opt/airflow/dags/minio-to-kafka.py                           1           0  2.13s           2026-08-31T05:40:49
================================================================================
[2026-08-31T05:41:33.338+0000] {manager.py:878} INFO - 
================================================================================
DAG File Processing Stats

File Path                            PID    Runtime      # DAGs    # Errors  Last Runtime    Last Run
-----------------------------------  -----  ---------  --------  ----------  --------------  -------------------
/opt/airflow/dags/minio-to-kafka.py                           1           0  2.29s           2026-08-31T05:41:21
================================================================================
[2026-08-31T05:42:03.549+0000] {manager.py:878} INFO - 
================================================================================
DAG File Processing Stats

File Path                            PID    Runtime      # DAGs    # Errors  Last Runtime    Last Run
-----------------------------------  -----  ---------  --------  ----------  --------------  -------------------
/opt/airflow/dags/minio-to-kafka.py                           1           0  1.86s           2026-08-31T05:41:53
================================================================================
[2026-08-31T05:42:34.037+0000] {manager.py:878} INFO - 
================================================================================
DAG File Processing Stats

File Path                            PID    Runtime      # DAGs    # Errors  Last Runtime    Last Run
-----------------------------------  -----  ---------  --------  ----------  --------------  -------------------
/opt/airflow/dags/minio-to-kafka.py                           1           0  1.27s           2026-08-31T05:42:25
================================================================================
[2026-08-31T05:43:04.084+0000] {manager.py:878} INFO - 
================================================================================
DAG File Processing Stats

File Path                            PID    Runtime      # DAGs    # Errors  Last Runtime    Last Run
-----------------------------------  -----  ---------  --------  ----------  --------------  -------------------
/opt/airflow/dags/minio-to-kafka.py                           1           0  1.66s           2026-08-31T05:42:57
================================================================================
[2026-08-31T05:43:34.332+0000] {manager.py:878} INFO - 
================================================================================
DAG File Processing Stats

File Path                            PID    Runtime      # DAGs    # Errors  Last Runtime    Last Run
-----------------------------------  -----  ---------  --------  ----------  --------------  -------------------
/opt/airflow/dags/minio-to-kafka.py                           1           0  1.39s           2026-08-31T05:43:29
================================================================================
[2026-08-31T05:44:04.660+0000] {manager.py:878} INFO - 
================================================================================
DAG File Processing Stats

File Path                            PID    Runtime      # DAGs    # Errors  Last Runtime    Last Run
-----------------------------------  -----  ---------  --------  ----------  --------------  -------------------
/opt/airflow/dags/minio-to-kafka.py                           1           0  1.28s           2026-08-31T05:44:00
================================================================================
[2026-08-31T05:44:34.978+0000] {manager.py:878} INFO - 
================================================================================
DAG File Processing Stats

File Path                            PID    Runtime      # DAGs    # Errors  Last Runtime    Last Run
-----------------------------------  -----  ---------  --------  ----------  --------------  -------------------
/opt/airflow/dags/minio-to-kafka.py                           1           0  1.16s           2026-08-31T05:44:32
================================================================================
[2026-08-31T05:45:05.061+0000] {manager.py:878} INFO - 
================================================================================
DAG File Processing Stats

File Path                            PID    Runtime      # DAGs    # Errors  Last Runtime    Last Run
-----------------------------------  -----  ---------  --------  ----------  --------------  -------------------
/opt/airflow/dags/minio-to-kafka.py                           1           0  1.74s           2026-08-31T05:45:04
================================================================================
[2026-08-31T05:45:35.320+0000] {manager.py:878} INFO - 
================================================================================
DAG File Processing Stats

File Path                              PID  Runtime      # DAGs    # Errors  Last Runtime    Last Run
-----------------------------------  -----  ---------  --------  ----------  --------------  -------------------
/opt/airflow/dags/minio-to-kafka.py   3238  1.01s             1           0  1.74s           2026-08-31T05:45:04
================================================================================
[2026-08-31T05:45:46.411+0000] {manager.py:737} INFO - Searching for files in /opt/airflow/dags
[2026-08-31T05:45:46.454+0000] {manager.py:740} INFO - There are 1 files in /opt/airflow/dags
[2026-08-31T05:46:05.650+0000] {manager.py:878} INFO - 
================================================================================
DAG File Processing Stats

File Path                              PID  Runtime      # DAGs    # Errors  Last Runtime    Last Run
-----------------------------------  -----  ---------  --------  ----------  --------------  -------------------
/opt/airflow/dags/minio-to-kafka.py   3241  0.01s             1           0  1.03s           2026-08-31T05:45:35
================================================================================
[2026-08-31T05:46:35.922+0000] {manager.py:878} INFO - 
================================================================================
DAG File Processing Stats

File Path                            PID    Runtime      # DAGs    # Errors  Last Runtime    Last Run
-----------------------------------  -----  ---------  --------  ----------  --------------  -------------------
/opt/airflow/dags/minio-to-kafka.py                           1           0  1.12s           2026-08-31T05:46:06
================================================================================
[2026-08-31T05:47:06.237+0000] {manager.py:878} INFO - 
================================================================================
DAG File Processing Stats

File Path                            PID    Runtime      # DAGs    # Errors  Last Runtime    Last Run
-----------------------------------  -----  ---------  --------  ----------  --------------  -------------------
/opt/airflow/dags/minio-to-kafka.py                           1           0  2.04s           2026-08-31T05:46:38
================================================================================
[2026-08-31T05:47:36.582+0000] {manager.py:878} INFO - 
================================================================================
DAG File Processing Stats

File Path                            PID    Runtime      # DAGs    # Errors  Last Runtime    Last Run
-----------------------------------  -----  ---------  --------  ----------  --------------  -------------------
/opt/airflow/dags/minio-to-kafka.py                           1           0  1.47s           2026-08-31T05:47:10
================================================================================
[2026-08-31T05:48:06.800+0000] {manager.py:878} INFO - 
================================================================================
DAG File Processing Stats

File Path                            PID    Runtime      # DAGs    # Errors  Last Runtime    Last Run
-----------------------------------  -----  ---------  --------  ----------  --------------  -------------------
/opt/airflow/dags/minio-to-kafka.py                           1           0  16.66s          2026-08-31T05:47:57
================================================================================
[2026-08-31T05:48:37.130+0000] {manager.py:878} INFO - 
================================================================================
DAG File Processing Stats

File Path                            PID    Runtime      # DAGs    # Errors  Last Runtime    Last Run
-----------------------------------  -----  ---------  --------  ----------  --------------  -------------------
/opt/airflow/dags/minio-to-kafka.py                           1           0  1.10s           2026-08-31T05:48:29
================================================================================
[2026-08-31T05:49:07.451+0000] {manager.py:878} INFO - 
================================================================================
DAG File Processing Stats

File Path                            PID    Runtime      # DAGs    # Errors  Last Runtime    Last Run
-----------------------------------  -----  ---------  --------  ----------  --------------  -------------------
/opt/airflow/dags/minio-to-kafka.py                           1           0  1.22s           2026-08-31T05:49:00
================================================================================
[2026-08-31T05:49:37.733+0000] {manager.py:878} INFO - 
================================================================================
DAG File Processing Stats

File Path                            PID    Runtime      # DAGs    # Errors  Last Runtime    Last Run
-----------------------------------  -----  ---------  --------  ----------  --------------  -------------------
/opt/airflow/dags/minio-to-kafka.py                           1           0  1.10s           2026-08-31T05:49:31
================================================================================
[2026-08-31T05:50:08.065+0000] {manager.py:878} INFO - 
================================================================================
DAG File Processing Stats

File Path                            PID    Runtime      # DAGs    # Errors  Last Runtime    Last Run
-----------------------------------  -----  ---------  --------  ----------  --------------  -------------------
/opt/airflow/dags/minio-to-kafka.py                           1           0  1.39s           2026-08-31T05:50:03
================================================================================
[2026-08-31T05:50:38.264+0000] {manager.py:878} INFO - 
================================================================================
DAG File Processing Stats

File Path                            PID    Runtime      # DAGs    # Errors  Last Runtime    Last Run
-----------------------------------  -----  ---------  --------  ----------  --------------  -------------------
/opt/airflow/dags/minio-to-kafka.py                           1           0  1.55s           2026-08-31T05:50:35
================================================================================
[2026-08-31T05:50:46.820+0000] {manager.py:737} INFO - Searching for files in /opt/airflow/dags
[2026-08-31T05:50:46.851+0000] {manager.py:740} INFO - There are 1 files in /opt/airflow/dags
[2026-08-31T05:51:08.524+0000] {manager.py:878} INFO - 
================================================================================
DAG File Processing Stats

File Path                            PID    Runtime      # DAGs    # Errors  Last Runtime    Last Run
-----------------------------------  -----  ---------  --------  ----------  --------------  -------------------
/opt/airflow/dags/minio-to-kafka.py                           1           0  1.39s           2026-08-31T05:51:06
================================================================================
[2026-08-31T05:51:39.144+0000] {manager.py:878} INFO - 
================================================================================
DAG File Processing Stats

File Path                            PID    Runtime      # DAGs    # Errors  Last Runtime    Last Run
-----------------------------------  -----  ---------  --------  ----------  --------------  -------------------
/opt/airflow/dags/minio-to-kafka.py                           1           0  1.37s           2026-08-31T05:51:38
================================================================================
[2026-08-31T05:52:09.349+0000] {manager.py:878} INFO - 
================================================================================
DAG File Processing Stats

File Path                              PID  Runtime      # DAGs    # Errors  Last Runtime    Last Run
-----------------------------------  -----  ---------  --------  ----------  --------------  -------------------
/opt/airflow/dags/minio-to-kafka.py   3274  0.54s             1           0  1.37s           2026-08-31T05:51:38
================================================================================
[2026-08-31T05:52:40.067+0000] {manager.py:878} INFO - 
================================================================================
DAG File Processing Stats

File Path                              PID  Runtime      # DAGs    # Errors  Last Runtime    Last Run
-----------------------------------  -----  ---------  --------  ----------  --------------  -------------------
/opt/airflow/dags/minio-to-kafka.py   3277  0.01s             1           0  1.14s           2026-08-31T05:52:09
================================================================================
[2026-08-31T05:53:10.463+0000] {manager.py:878} INFO - 
================================================================================
DAG File Processing Stats

File Path                            PID    Runtime      # DAGs    # Errors  Last Runtime    Last Run
-----------------------------------  -----  ---------  --------  ----------  --------------  -------------------
/opt/airflow/dags/minio-to-kafka.py                           1           0  1.29s           2026-08-31T05:52:41
================================================================================
[2026-08-31T05:53:40.844+0000] {manager.py:878} INFO - 
================================================================================
DAG File Processing Stats

File Path                            PID    Runtime      # DAGs    # Errors  Last Runtime    Last Run
-----------------------------------  -----  ---------  --------  ----------  --------------  -------------------
/opt/airflow/dags/minio-to-kafka.py                           1           0  1.48s           2026-08-31T05:53:12
================================================================================
[2026-08-31T05:54:11.523+0000] {manager.py:878} INFO - 
================================================================================
DAG File Processing Stats

File Path                            PID    Runtime      # DAGs    # Errors  Last Runtime    Last Run
-----------------------------------  -----  ---------  --------  ----------  --------------  -------------------
/opt/airflow/dags/minio-to-kafka.py                           1           0  2.28s           2026-08-31T05:53:45
================================================================================
[2026-08-31T05:54:41.830+0000] {manager.py:878} INFO - 
================================================================================
DAG File Processing Stats

File Path                            PID    Runtime      # DAGs    # Errors  Last Runtime    Last Run
-----------------------------------  -----  ---------  --------  ----------  --------------  -------------------
/opt/airflow/dags/minio-to-kafka.py                           1           0  1.14s           2026-08-31T05:54:16
================================================================================
[2026-08-31T05:55:12.174+0000] {manager.py:878} INFO - 
================================================================================
DAG File Processing Stats

File Path                            PID    Runtime      # DAGs    # Errors  Last Runtime    Last Run
-----------------------------------  -----  ---------  --------  ----------  --------------  -------------------
/opt/airflow/dags/minio-to-kafka.py                           1           0  1.39s           2026-08-31T05:54:48
================================================================================
[2026-08-31T05:55:42.738+0000] {manager.py:878} INFO - 
================================================================================
DAG File Processing Stats

File Path                            PID    Runtime      # DAGs    # Errors  Last Runtime    Last Run
-----------------------------------  -----  ---------  --------  ----------  --------------  -------------------
/opt/airflow/dags/minio-to-kafka.py                           1           0  1.08s           2026-08-31T05:55:19
================================================================================
[2026-08-31T05:55:46.861+0000] {manager.py:737} INFO - Searching for files in /opt/airflow/dags
[2026-08-31T05:55:46.901+0000] {manager.py:740} INFO - There are 1 files in /opt/airflow/dags
[2026-08-31T05:56:13.114+0000] {manager.py:878} INFO - 
================================================================================
DAG File Processing Stats

File Path                            PID    Runtime      # DAGs    # Errors  Last Runtime    Last Run
-----------------------------------  -----  ---------  --------  ----------  --------------  -------------------
/opt/airflow/dags/minio-to-kafka.py                           1           0  1.30s           2026-08-31T05:55:51
================================================================================
[2026-08-31T05:56:43.507+0000] {manager.py:878} INFO - 
================================================================================
DAG File Processing Stats

File Path                            PID    Runtime      # DAGs    # Errors  Last Runtime    Last Run
-----------------------------------  -----  ---------  --------  ----------  --------------  -------------------
/opt/airflow/dags/minio-to-kafka.py                           1           0  1.20s           2026-08-31T05:56:22
================================================================================
[2026-08-31T05:57:13.644+0000] {manager.py:878} INFO - 
================================================================================
DAG File Processing Stats

File Path                            PID    Runtime      # DAGs    # Errors  Last Runtime    Last Run
-----------------------------------  -----  ---------  --------  ----------  --------------  -------------------
/opt/airflow/dags/minio-to-kafka.py                           1           0  3.89s           2026-08-31T05:56:56
================================================================================
[2026-08-31T05:57:43.895+0000] {manager.py:878} INFO - 
================================================================================
DAG File Processing Stats

File Path                            PID    Runtime      # DAGs    # Errors  Last Runtime    Last Run
-----------------------------------  -----  ---------  --------  ----------  --------------  -------------------
/opt/airflow/dags/minio-to-kafka.py                           1           0  1.11s           2026-08-31T05:57:27
================================================================================
[2026-08-31T05:58:14.001+0000] {manager.py:878} INFO - 
================================================================================
DAG File Processing Stats

File Path                            PID    Runtime      # DAGs    # Errors  Last Runtime    Last Run
-----------------------------------  -----  ---------  --------  ----------  --------------  -------------------
/opt/airflow/dags/minio-to-kafka.py                           1           0  1.86s           2026-08-31T05:57:59
================================================================================
[2026-08-31T05:58:44.475+0000] {manager.py:878} INFO - 
================================================================================
DAG File Processing Stats

File Path                            PID    Runtime      # DAGs    # Errors  Last Runtime    Last Run
-----------------------------------  -----  ---------  --------  ----------  --------------  -------------------
/opt/airflow/dags/minio-to-kafka.py                           1           0  1.26s           2026-08-31T05:58:31
================================================================================
[2026-08-31T05:59:14.527+0000] {manager.py:878} INFO - 
================================================================================
DAG File Processing Stats

File Path                            PID    Runtime      # DAGs    # Errors  Last Runtime    Last Run
-----------------------------------  -----  ---------  --------  ----------  --------------  -------------------
/opt/airflow/dags/minio-to-kafka.py                           1           0  1.78s           2026-08-31T05:59:03
================================================================================
[2026-08-31T05:59:45.038+0000] {manager.py:878} INFO - 
================================================================================
DAG File Processing Stats

File Path                            PID    Runtime      # DAGs    # Errors  Last Runtime    Last Run
-----------------------------------  -----  ---------  --------  ----------  --------------  -------------------
/opt/airflow/dags/minio-to-kafka.py                           1           0  1.35s           2026-08-31T05:59:35
================================================================================
[2026-08-31T06:00:15.396+0000] {manager.py:878} INFO - 
================================================================================
DAG File Processing Stats

File Path                            PID    Runtime      # DAGs    # Errors  Last Runtime    Last Run
-----------------------------------  -----  ---------  --------  ----------  --------------  -------------------
/opt/airflow/dags/minio-to-kafka.py                           1           0  2.10s           2026-08-31T06:00:07
================================================================================
[2026-08-31T06:00:45.679+0000] {manager.py:878} INFO - 
================================================================================
DAG File Processing Stats

File Path                            PID    Runtime      # DAGs    # Errors  Last Runtime    Last Run
-----------------------------------  -----  ---------  --------  ----------  --------------  -------------------
/opt/airflow/dags/minio-to-kafka.py                           1           0  1.12s           2026-08-31T06:00:38
================================================================================
[2026-08-31T06:00:47.695+0000] {manager.py:737} INFO - Searching for files in /opt/airflow/dags
[2026-08-31T06:00:47.729+0000] {manager.py:740} INFO - There are 1 files in /opt/airflow/dags
[2026-08-31T06:01:15.998+0000] {manager.py:878} INFO - 
================================================================================
DAG File Processing Stats

File Path                            PID    Runtime      # DAGs    # Errors  Last Runtime    Last Run
-----------------------------------  -----  ---------  --------  ----------  --------------  -------------------
/opt/airflow/dags/minio-to-kafka.py                           1           0  1.26s           2026-08-31T06:01:10
================================================================================
[2026-08-31T06:01:46.463+0000] {manager.py:878} INFO - 
================================================================================
DAG File Processing Stats

File Path                            PID    Runtime      # DAGs    # Errors  Last Runtime    Last Run
-----------------------------------  -----  ---------  --------  ----------  --------------  -------------------
/opt/airflow/dags/minio-to-kafka.py                           1           0  1.50s           2026-08-31T06:01:41
================================================================================
[2026-08-31T06:02:16.676+0000] {manager.py:878} INFO - 
================================================================================
DAG File Processing Stats

File Path                            PID    Runtime      # DAGs    # Errors  Last Runtime    Last Run
-----------------------------------  -----  ---------  --------  ----------  --------------  -------------------
/opt/airflow/dags/minio-to-kafka.py                           1           0  1.67s           2026-08-31T06:02:13
================================================================================
[2026-08-31T06:02:46.836+0000] {manager.py:878} INFO - 
================================================================================
DAG File Processing Stats

File Path                            PID    Runtime      # DAGs    # Errors  Last Runtime    Last Run
-----------------------------------  -----  ---------  --------  ----------  --------------  -------------------
/opt/airflow/dags/minio-to-kafka.py                           1           0  2.91s           2026-08-31T06:02:46
================================================================================
[2026-08-31T06:03:17.114+0000] {manager.py:878} INFO - 
================================================================================
DAG File Processing Stats

File Path                              PID  Runtime      # DAGs    # Errors  Last Runtime    Last Run
-----------------------------------  -----  ---------  --------  ----------  --------------  -------------------
/opt/airflow/dags/minio-to-kafka.py   3359  0.02s             1           0  2.91s           2026-08-31T06:02:46
================================================================================
[2026-08-31T06:03:47.809+0000] {manager.py:878} INFO - 
================================================================================
DAG File Processing Stats

File Path                            PID    Runtime      # DAGs    # Errors  Last Runtime    Last Run
-----------------------------------  -----  ---------  --------  ----------  --------------  -------------------
/opt/airflow/dags/minio-to-kafka.py                           1           0  1.51s           2026-08-31T06:03:18
================================================================================
[2026-08-31T06:04:17.850+0000] {manager.py:878} INFO - 
================================================================================
DAG File Processing Stats

File Path                            PID    Runtime      # DAGs    # Errors  Last Runtime    Last Run
-----------------------------------  -----  ---------  --------  ----------  --------------  -------------------
/opt/airflow/dags/minio-to-kafka.py                           1           0  1.78s           2026-08-31T06:03:50
================================================================================
[2026-08-31T06:04:48.353+0000] {manager.py:878} INFO - 
================================================================================
DAG File Processing Stats

File Path                            PID    Runtime      # DAGs    # Errors  Last Runtime    Last Run
-----------------------------------  -----  ---------  --------  ----------  --------------  -------------------
/opt/airflow/dags/minio-to-kafka.py                           1           0  1.37s           2026-08-31T06:04:22
================================================================================
[2026-08-31T06:05:18.721+0000] {manager.py:878} INFO - 
================================================================================
DAG File Processing Stats

File Path                            PID    Runtime      # DAGs    # Errors  Last Runtime    Last Run
-----------------------------------  -----  ---------  --------  ----------  --------------  -------------------
/opt/airflow/dags/minio-to-kafka.py                           1           0  1.40s           2026-08-31T06:04:53
================================================================================
[2026-08-31T06:05:47.798+0000] {manager.py:737} INFO - Searching for files in /opt/airflow/dags
[2026-08-31T06:05:47.840+0000] {manager.py:740} INFO - There are 1 files in /opt/airflow/dags
[2026-08-31T06:05:48.866+0000] {manager.py:878} INFO - 
================================================================================
DAG File Processing Stats

File Path                            PID    Runtime      # DAGs    # Errors  Last Runtime    Last Run
-----------------------------------  -----  ---------  --------  ----------  --------------  -------------------
/opt/airflow/dags/minio-to-kafka.py                           1           0  1.54s           2026-08-31T06:05:25
================================================================================
[2026-08-31T06:06:19.191+0000] {manager.py:878} INFO - 
================================================================================
DAG File Processing Stats

File Path                            PID    Runtime      # DAGs    # Errors  Last Runtime    Last Run
-----------------------------------  -----  ---------  --------  ----------  --------------  -------------------
/opt/airflow/dags/minio-to-kafka.py                           1           0  1.36s           2026-08-31T06:05:57
================================================================================
[2026-08-31T06:06:49.438+0000] {manager.py:878} INFO - 
================================================================================
DAG File Processing Stats

File Path                            PID    Runtime      # DAGs    # Errors  Last Runtime    Last Run
-----------------------------------  -----  ---------  --------  ----------  --------------  -------------------
/opt/airflow/dags/minio-to-kafka.py                           1           0  1.95s           2026-08-31T06:06:29
================================================================================
[2026-08-31T06:07:19.928+0000] {manager.py:878} INFO - 
================================================================================
DAG File Processing Stats

File Path                            PID    Runtime      # DAGs    # Errors  Last Runtime    Last Run
-----------------------------------  -----  ---------  --------  ----------  --------------  -------------------
/opt/airflow/dags/minio-to-kafka.py                           1           0  1.21s           2026-08-31T06:07:00
================================================================================
[2026-08-31T06:07:50.212+0000] {manager.py:878} INFO - 
================================================================================
DAG File Processing Stats

File Path                            PID    Runtime      # DAGs    # Errors  Last Runtime    Last Run
-----------------------------------  -----  ---------  --------  ----------  --------------  -------------------
/opt/airflow/dags/minio-to-kafka.py                           1           0  1.17s           2026-08-31T06:07:32
================================================================================
[2026-08-31T06:08:20.579+0000] {manager.py:878} INFO - 
================================================================================
DAG File Processing Stats

File Path                            PID    Runtime      # DAGs    # Errors  Last Runtime    Last Run
-----------------------------------  -----  ---------  --------  ----------  --------------  -------------------
/opt/airflow/dags/minio-to-kafka.py                           1           0  1.48s           2026-08-31T06:08:03
================================================================================
[2026-08-31T06:08:51.220+0000] {manager.py:878} INFO - 
================================================================================
DAG File Processing Stats

File Path                            PID    Runtime      # DAGs    # Errors  Last Runtime    Last Run
-----------------------------------  -----  ---------  --------  ----------  --------------  -------------------
/opt/airflow/dags/minio-to-kafka.py                           1           0  1.27s           2026-08-31T06:08:35
================================================================================
[2026-08-31T06:09:21.768+0000] {manager.py:878} INFO - 
================================================================================
DAG File Processing Stats

File Path                            PID    Runtime      # DAGs    # Errors  Last Runtime    Last Run
-----------------------------------  -----  ---------  --------  ----------  --------------  -------------------
/opt/airflow/dags/minio-to-kafka.py                           1           0  1.46s           2026-08-31T06:09:07
================================================================================
[2026-08-31T06:09:52.471+0000] {manager.py:878} INFO - 
================================================================================
DAG File Processing Stats

File Path                            PID    Runtime      # DAGs    # Errors  Last Runtime    Last Run
-----------------------------------  -----  ---------  --------  ----------  --------------  -------------------
/opt/airflow/dags/minio-to-kafka.py                           1           0  1.11s           2026-08-31T06:09:38
================================================================================
[2026-08-31T06:10:22.828+0000] {manager.py:878} INFO - 
================================================================================
DAG File Processing Stats

File Path                            PID    Runtime      # DAGs    # Errors  Last Runtime    Last Run
-----------------------------------  -----  ---------  --------  ----------  --------------  -------------------
/opt/airflow/dags/minio-to-kafka.py                           1           0  1.19s           2026-08-31T06:10:09
================================================================================
[2026-08-31T06:10:48.133+0000] {manager.py:737} INFO - Searching for files in /opt/airflow/dags
[2026-08-31T06:10:48.179+0000] {manager.py:740} INFO - There are 1 files in /opt/airflow/dags
[2026-08-31T06:10:53.235+0000] {manager.py:878} INFO - 
================================================================================
DAG File Processing Stats

File Path                            PID    Runtime      # DAGs    # Errors  Last Runtime    Last Run
-----------------------------------  -----  ---------  --------  ----------  --------------  -------------------
/opt/airflow/dags/minio-to-kafka.py                           1           0  1.58s           2026-08-31T06:10:41
================================================================================
[2026-08-31T06:11:23.446+0000] {manager.py:878} INFO - 
================================================================================
DAG File Processing Stats

File Path                            PID    Runtime      # DAGs    # Errors  Last Runtime    Last Run
-----------------------------------  -----  ---------  --------  ----------  --------------  -------------------
/opt/airflow/dags/minio-to-kafka.py                           1           0  1.68s           2026-08-31T06:11:13
================================================================================
[2026-08-31T06:11:53.826+0000] {manager.py:878} INFO - 
================================================================================
DAG File Processing Stats

File Path                            PID    Runtime      # DAGs    # Errors  Last Runtime    Last Run
-----------------------------------  -----  ---------  --------  ----------  --------------  -------------------
/opt/airflow/dags/minio-to-kafka.py                           1           0  1.63s           2026-08-31T06:11:45
================================================================================
[2026-08-31T06:12:23.887+0000] {manager.py:878} INFO - 
================================================================================
DAG File Processing Stats

File Path                            PID    Runtime      # DAGs    # Errors  Last Runtime    Last Run
-----------------------------------  -----  ---------  --------  ----------  --------------  -------------------
/opt/airflow/dags/minio-to-kafka.py                           1           0  1.30s           2026-08-31T06:12:16
================================================================================
[2026-08-31T06:12:54.173+0000] {manager.py:878} INFO - 
================================================================================
DAG File Processing Stats

File Path                            PID    Runtime      # DAGs    # Errors  Last Runtime    Last Run
-----------------------------------  -----  ---------  --------  ----------  --------------  -------------------
/opt/airflow/dags/minio-to-kafka.py                           1           0  2.10s           2026-08-31T06:12:49
================================================================================
[2026-08-31T06:13:24.455+0000] {manager.py:878} INFO - 
================================================================================
DAG File Processing Stats

File Path                            PID    Runtime      # DAGs    # Errors  Last Runtime    Last Run
-----------------------------------  -----  ---------  --------  ----------  --------------  -------------------
/opt/airflow/dags/minio-to-kafka.py                           1           0  1.31s           2026-08-31T06:13:20
================================================================================
[2026-08-31T06:13:54.964+0000] {manager.py:878} INFO - 
================================================================================
DAG File Processing Stats

File Path                            PID    Runtime      # DAGs    # Errors  Last Runtime    Last Run
-----------------------------------  -----  ---------  --------  ----------  --------------  -------------------
/opt/airflow/dags/minio-to-kafka.py                           1           0  1.13s           2026-08-31T06:13:52
================================================================================
[2026-08-31T06:14:25.280+0000] {manager.py:878} INFO - 
================================================================================
DAG File Processing Stats

File Path                            PID    Runtime      # DAGs    # Errors  Last Runtime    Last Run
-----------------------------------  -----  ---------  --------  ----------  --------------  -------------------
/opt/airflow/dags/minio-to-kafka.py                           1           0  1.55s           2026-08-31T06:14:23
================================================================================
[2026-08-31T06:14:56.009+0000] {manager.py:878} INFO - 
================================================================================
DAG File Processing Stats

File Path                            PID    Runtime      # DAGs    # Errors  Last Runtime    Last Run
-----------------------------------  -----  ---------  --------  ----------  --------------  -------------------
/opt/airflow/dags/minio-to-kafka.py                           1           0  1.25s           2026-08-31T06:14:55
================================================================================
[2026-08-31T06:15:26.389+0000] {manager.py:878} INFO - 
================================================================================
DAG File Processing Stats

File Path                              PID  Runtime      # DAGs    # Errors  Last Runtime    Last Run
-----------------------------------  -----  ---------  --------  ----------  --------------  -------------------
/opt/airflow/dags/minio-to-kafka.py   3428  0.78s             1           0  1.25s           2026-08-31T06:14:55
================================================================================
[2026-08-31T06:15:48.254+0000] {manager.py:737} INFO - Searching for files in /opt/airflow/dags
[2026-08-31T06:15:48.295+0000] {manager.py:740} INFO - There are 1 files in /opt/airflow/dags
[2026-08-31T06:15:56.871+0000] {manager.py:878} INFO - 
================================================================================
DAG File Processing Stats

File Path                            PID    Runtime      # DAGs    # Errors  Last Runtime    Last Run
-----------------------------------  -----  ---------  --------  ----------  --------------  -------------------
/opt/airflow/dags/minio-to-kafka.py                           1           0  3.50s           2026-08-31T06:15:29
================================================================================
[2026-08-31T06:16:26.877+0000] {manager.py:878} INFO - 
================================================================================
DAG File Processing Stats

File Path                            PID    Runtime      # DAGs    # Errors  Last Runtime    Last Run
-----------------------------------  -----  ---------  --------  ----------  --------------  -------------------
/opt/airflow/dags/minio-to-kafka.py                           1           0  1.27s           2026-08-31T06:16:00
================================================================================
[2026-08-31T06:16:56.920+0000] {manager.py:878} INFO - 
================================================================================
DAG File Processing Stats

File Path                            PID    Runtime      # DAGs    # Errors  Last Runtime    Last Run
-----------------------------------  -----  ---------  --------  ----------  --------------  -------------------
/opt/airflow/dags/minio-to-kafka.py                           1           0  1.20s           2026-08-31T06:16:31
================================================================================
[2026-08-31T06:17:27.175+0000] {manager.py:878} INFO - 
================================================================================
DAG File Processing Stats

File Path                            PID    Runtime      # DAGs    # Errors  Last Runtime    Last Run
-----------------------------------  -----  ---------  --------  ----------  --------------  -------------------
/opt/airflow/dags/minio-to-kafka.py                           1           0  1.17s           2026-08-31T06:17:03
================================================================================
[2026-08-31T06:17:57.556+0000] {manager.py:878} INFO - 
================================================================================
DAG File Processing Stats

File Path                            PID    Runtime      # DAGs    # Errors  Last Runtime    Last Run
-----------------------------------  -----  ---------  --------  ----------  --------------  -------------------
/opt/airflow/dags/minio-to-kafka.py                           1           0  1.27s           2026-08-31T06:17:34
================================================================================
[2026-08-31T06:18:27.683+0000] {manager.py:878} INFO - 
================================================================================
DAG File Processing Stats

File Path                            PID    Runtime      # DAGs    # Errors  Last Runtime    Last Run
-----------------------------------  -----  ---------  --------  ----------  --------------  -------------------
/opt/airflow/dags/minio-to-kafka.py                           1           0  1.54s           2026-08-31T06:18:06
================================================================================
[2026-08-31T06:18:57.964+0000] {manager.py:878} INFO - 
================================================================================
DAG File Processing Stats

File Path                            PID    Runtime      # DAGs    # Errors  Last Runtime    Last Run
-----------------------------------  -----  ---------  --------  ----------  --------------  -------------------
/opt/airflow/dags/minio-to-kafka.py                           1           0  1.50s           2026-08-31T06:18:38
================================================================================
[2026-08-31T06:19:28.715+0000] {manager.py:878} INFO - 
================================================================================
DAG File Processing Stats

File Path                            PID    Runtime      # DAGs    # Errors  Last Runtime    Last Run
-----------------------------------  -----  ---------  --------  ----------  --------------  -------------------
/opt/airflow/dags/minio-to-kafka.py                           1           0  1.08s           2026-08-31T06:19:09
================================================================================
[2026-08-31T06:19:59.019+0000] {manager.py:878} INFO - 
================================================================================
DAG File Processing Stats

File Path                            PID    Runtime      # DAGs    # Errors  Last Runtime    Last Run
-----------------------------------  -----  ---------  --------  ----------  --------------  -------------------
/opt/airflow/dags/minio-to-kafka.py                           1           0  1.27s           2026-08-31T06:19:41
================================================================================
[2026-08-31T06:20:29.636+0000] {manager.py:878} INFO - 
================================================================================
DAG File Processing Stats

File Path                            PID    Runtime      # DAGs    # Errors  Last Runtime    Last Run
-----------------------------------  -----  ---------  --------  ----------  --------------  -------------------
/opt/airflow/dags/minio-to-kafka.py                           1           0  2.51s           2026-08-31T06:20:13
================================================================================
[2026-08-31T06:20:48.837+0000] {manager.py:737} INFO - Searching for files in /opt/airflow/dags
[2026-08-31T06:20:48.880+0000] {manager.py:740} INFO - There are 1 files in /opt/airflow/dags
[2026-08-31T06:20:59.975+0000] {manager.py:878} INFO - 
================================================================================
DAG File Processing Stats

File Path                            PID    Runtime      # DAGs    # Errors  Last Runtime    Last Run
-----------------------------------  -----  ---------  --------  ----------  --------------  -------------------
/opt/airflow/dags/minio-to-kafka.py                           1           0  1.29s           2026-08-31T06:20:45
================================================================================
[2026-08-31T06:21:30.477+0000] {manager.py:878} INFO - 
================================================================================
DAG File Processing Stats

File Path                            PID    Runtime      # DAGs    # Errors  Last Runtime    Last Run
-----------------------------------  -----  ---------  --------  ----------  --------------  -------------------
/opt/airflow/dags/minio-to-kafka.py                           1           0  2.53s           2026-08-31T06:21:17
================================================================================
[2026-08-31T06:22:00.810+0000] {manager.py:878} INFO - 
================================================================================
DAG File Processing Stats

File Path                            PID    Runtime      # DAGs    # Errors  Last Runtime    Last Run
-----------------------------------  -----  ---------  --------  ----------  --------------  -------------------
/opt/airflow/dags/minio-to-kafka.py                           1           0  3.01s           2026-08-31T06:21:51
================================================================================
[2026-08-31T06:22:31.438+0000] {manager.py:878} INFO - 
================================================================================
DAG File Processing Stats

File Path                            PID    Runtime      # DAGs    # Errors  Last Runtime    Last Run
-----------------------------------  -----  ---------  --------  ----------  --------------  -------------------
/opt/airflow/dags/minio-to-kafka.py                           1           0  1.18s           2026-08-31T06:22:22
================================================================================
[2026-08-31T06:23:01.627+0000] {manager.py:878} INFO - 
================================================================================
DAG File Processing Stats

File Path                            PID    Runtime      # DAGs    # Errors  Last Runtime    Last Run
-----------------------------------  -----  ---------  --------  ----------  --------------  -------------------
/opt/airflow/dags/minio-to-kafka.py                           1           0  1.92s           2026-08-31T06:22:54
================================================================================
[2026-08-31T06:23:31.895+0000] {manager.py:878} INFO - 
================================================================================
DAG File Processing Stats

File Path                            PID    Runtime      # DAGs    # Errors  Last Runtime    Last Run
-----------------------------------  -----  ---------  --------  ----------  --------------  -------------------
/opt/airflow/dags/minio-to-kafka.py                           1           0  1.99s           2026-08-31T06:23:26
================================================================================
[2026-08-31T06:24:02.326+0000] {manager.py:878} INFO - 
================================================================================
DAG File Processing Stats

File Path                            PID    Runtime      # DAGs    # Errors  Last Runtime    Last Run
-----------------------------------  -----  ---------  --------  ----------  --------------  -------------------
/opt/airflow/dags/minio-to-kafka.py                           1           0  1.55s           2026-08-31T06:23:58
================================================================================
[2026-08-31T06:24:33.100+0000] {manager.py:878} INFO - 
================================================================================
DAG File Processing Stats

File Path                            PID    Runtime      # DAGs    # Errors  Last Runtime    Last Run
-----------------------------------  -----  ---------  --------  ----------  --------------  -------------------
/opt/airflow/dags/minio-to-kafka.py                           1           0  1.21s           2026-08-31T06:24:30
================================================================================
[2026-08-31T06:25:03.360+0000] {manager.py:878} INFO - 
================================================================================
DAG File Processing Stats

File Path                            PID    Runtime      # DAGs    # Errors  Last Runtime    Last Run
-----------------------------------  -----  ---------  --------  ----------  --------------  -------------------
/opt/airflow/dags/minio-to-kafka.py                           1           0  1.96s           2026-08-31T06:25:02
================================================================================
[2026-08-31T06:25:33.728+0000] {manager.py:878} INFO - 
================================================================================
DAG File Processing Stats

File Path                              PID  Runtime      # DAGs    # Errors  Last Runtime    Last Run
-----------------------------------  -----  ---------  --------  ----------  --------------  -------------------
/opt/airflow/dags/minio-to-kafka.py   3485  1.02s             1           0  1.96s           2026-08-31T06:25:02
================================================================================
[2026-08-31T06:25:48.847+0000] {manager.py:737} INFO - Searching for files in /opt/airflow/dags
[2026-08-31T06:25:48.888+0000] {manager.py:740} INFO - There are 1 files in /opt/airflow/dags
[2026-08-31T06:26:04.035+0000] {manager.py:878} INFO - 
================================================================================
DAG File Processing Stats

File Path                            PID    Runtime      # DAGs    # Errors  Last Runtime    Last Run
-----------------------------------  -----  ---------  --------  ----------  --------------  -------------------
/opt/airflow/dags/minio-to-kafka.py                           1           0  1.36s           2026-08-31T06:25:34
================================================================================
[2026-08-31T06:26:34.247+0000] {manager.py:878} INFO - 
================================================================================
DAG File Processing Stats

File Path                            PID    Runtime      # DAGs    # Errors  Last Runtime    Last Run
-----------------------------------  -----  ---------  --------  ----------  --------------  -------------------
/opt/airflow/dags/minio-to-kafka.py                           1           0  1.71s           2026-08-31T06:26:06
================================================================================
[2026-08-31T06:27:04.557+0000] {manager.py:878} INFO - 
================================================================================
DAG File Processing Stats

File Path                            PID    Runtime      # DAGs    # Errors  Last Runtime    Last Run
-----------------------------------  -----  ---------  --------  ----------  --------------  -------------------
/opt/airflow/dags/minio-to-kafka.py                           1           0  1.26s           2026-08-31T06:26:37
================================================================================
[2026-08-31T06:27:35.175+0000] {manager.py:878} INFO - 
================================================================================
DAG File Processing Stats

File Path                            PID    Runtime      # DAGs    # Errors  Last Runtime    Last Run
-----------------------------------  -----  ---------  --------  ----------  --------------  -------------------
/opt/airflow/dags/minio-to-kafka.py                           1           0  1.33s           2026-08-31T06:27:08
================================================================================
[2026-08-31T06:28:05.577+0000] {manager.py:878} INFO - 
================================================================================
DAG File Processing Stats

File Path                            PID    Runtime      # DAGs    # Errors  Last Runtime    Last Run
-----------------------------------  -----  ---------  --------  ----------  --------------  -------------------
/opt/airflow/dags/minio-to-kafka.py                           1           0  2.69s           2026-08-31T06:27:41
================================================================================
[2026-08-31T06:28:35.604+0000] {manager.py:878} INFO - 
================================================================================
DAG File Processing Stats

File Path                            PID    Runtime      # DAGs    # Errors  Last Runtime    Last Run
-----------------------------------  -----  ---------  --------  ----------  --------------  -------------------
/opt/airflow/dags/minio-to-kafka.py                           1           0  1.15s           2026-08-31T06:28:13
================================================================================
[2026-08-31T06:29:05.846+0000] {manager.py:878} INFO - 
================================================================================
DAG File Processing Stats

File Path                            PID    Runtime      # DAGs    # Errors  Last Runtime    Last Run
-----------------------------------  -----  ---------  --------  ----------  --------------  -------------------
/opt/airflow/dags/minio-to-kafka.py                           1           0  1.20s           2026-08-31T06:28:44
================================================================================
[2026-08-31T06:29:36.186+0000] {manager.py:878} INFO - 
================================================================================
DAG File Processing Stats

File Path                            PID    Runtime      # DAGs    # Errors  Last Runtime    Last Run
-----------------------------------  -----  ---------  --------  ----------  --------------  -------------------
/opt/airflow/dags/minio-to-kafka.py                           1           0  1.60s           2026-08-31T06:29:16
================================================================================
[2026-08-31T06:30:06.208+0000] {manager.py:878} INFO - 
================================================================================
DAG File Processing Stats

File Path                            PID    Runtime      # DAGs    # Errors  Last Runtime    Last Run
-----------------------------------  -----  ---------  --------  ----------  --------------  -------------------
/opt/airflow/dags/minio-to-kafka.py                           1           0  1.21s           2026-08-31T06:29:48
================================================================================
[2026-08-31T06:30:36.499+0000] {manager.py:878} INFO - 
================================================================================
DAG File Processing Stats

File Path                            PID    Runtime      # DAGs    # Errors  Last Runtime    Last Run
-----------------------------------  -----  ---------  --------  ----------  --------------  -------------------
/opt/airflow/dags/minio-to-kafka.py                           1           0  1.82s           2026-08-31T06:30:19
================================================================================
[2026-08-31T06:30:49.178+0000] {manager.py:737} INFO - Searching for files in /opt/airflow/dags
[2026-08-31T06:30:49.211+0000] {manager.py:740} INFO - There are 1 files in /opt/airflow/dags
[2026-08-31T06:31:06.651+0000] {manager.py:878} INFO - 
================================================================================
DAG File Processing Stats

File Path                            PID    Runtime      # DAGs    # Errors  Last Runtime    Last Run
-----------------------------------  -----  ---------  --------  ----------  --------------  -------------------
/opt/airflow/dags/minio-to-kafka.py                           1           0  1.30s           2026-08-31T06:30:51
================================================================================
[2026-08-31T06:31:36.907+0000] {manager.py:878} INFO - 
================================================================================
DAG File Processing Stats

File Path                            PID    Runtime      # DAGs    # Errors  Last Runtime    Last Run
-----------------------------------  -----  ---------  --------  ----------  --------------  -------------------
/opt/airflow/dags/minio-to-kafka.py                           1           0  1.18s           2026-08-31T06:31:22
================================================================================
[2026-08-31T06:32:07.335+0000] {manager.py:878} INFO - 
================================================================================
DAG File Processing Stats

File Path                            PID    Runtime      # DAGs    # Errors  Last Runtime    Last Run
-----------------------------------  -----  ---------  --------  ----------  --------------  -------------------
/opt/airflow/dags/minio-to-kafka.py                           1           0  1.39s           2026-08-31T06:31:54
================================================================================
[2026-08-31T06:32:37.605+0000] {manager.py:878} INFO - 
================================================================================
DAG File Processing Stats

File Path                            PID    Runtime      # DAGs    # Errors  Last Runtime    Last Run
-----------------------------------  -----  ---------  --------  ----------  --------------  -------------------
/opt/airflow/dags/minio-to-kafka.py                           1           0  1.06s           2026-08-31T06:32:25
================================================================================
[2026-08-31T06:33:07.862+0000] {manager.py:878} INFO - 
================================================================================
DAG File Processing Stats

File Path                            PID    Runtime      # DAGs    # Errors  Last Runtime    Last Run
-----------------------------------  -----  ---------  --------  ----------  --------------  -------------------
/opt/airflow/dags/minio-to-kafka.py                           1           0  1.32s           2026-08-31T06:32:57
================================================================================
[2026-08-31T06:33:38.412+0000] {manager.py:878} INFO - 
================================================================================
DAG File Processing Stats

File Path                            PID    Runtime      # DAGs    # Errors  Last Runtime    Last Run
-----------------------------------  -----  ---------  --------  ----------  --------------  -------------------
/opt/airflow/dags/minio-to-kafka.py                           1           0  1.23s           2026-08-31T06:33:28
================================================================================
[2026-08-31T06:34:08.835+0000] {manager.py:878} INFO - 
================================================================================
DAG File Processing Stats

File Path                            PID    Runtime      # DAGs    # Errors  Last Runtime    Last Run
-----------------------------------  -----  ---------  --------  ----------  --------------  -------------------
/opt/airflow/dags/minio-to-kafka.py                           1           0  1.23s           2026-08-31T06:33:59
================================================================================
[2026-08-31T06:34:39.185+0000] {manager.py:878} INFO - 
================================================================================
DAG File Processing Stats

File Path                            PID    Runtime      # DAGs    # Errors  Last Runtime    Last Run
-----------------------------------  -----  ---------  --------  ----------  --------------  -------------------
/opt/airflow/dags/minio-to-kafka.py                           1           0  1.19s           2026-08-31T06:34:31
================================================================================
[2026-08-31T06:35:09.272+0000] {manager.py:878} INFO - 
================================================================================
DAG File Processing Stats

File Path                            PID    Runtime      # DAGs    # Errors  Last Runtime    Last Run
-----------------------------------  -----  ---------  --------  ----------  --------------  -------------------
/opt/airflow/dags/minio-to-kafka.py                           1           0  1.83s           2026-08-31T06:35:03
================================================================================
[2026-08-31T06:35:39.576+0000] {manager.py:878} INFO - 
================================================================================
DAG File Processing Stats

File Path                            PID    Runtime      # DAGs    # Errors  Last Runtime    Last Run
-----------------------------------  -----  ---------  --------  ----------  --------------  -------------------
/opt/airflow/dags/minio-to-kafka.py                           1           0  1.20s           2026-08-31T06:35:34
================================================================================
[2026-08-31T06:35:49.656+0000] {manager.py:737} INFO - Searching for files in /opt/airflow/dags
[2026-08-31T06:35:49.696+0000] {manager.py:740} INFO - There are 1 files in /opt/airflow/dags
[2026-08-31T06:36:09.955+0000] {manager.py:878} INFO - 
================================================================================
DAG File Processing Stats

File Path                            PID    Runtime      # DAGs    # Errors  Last Runtime    Last Run
-----------------------------------  -----  ---------  --------  ----------  --------------  -------------------
/opt/airflow/dags/minio-to-kafka.py                           1           0  1.08s           2026-08-31T06:36:05
================================================================================
[2026-08-31T06:36:40.269+0000] {manager.py:878} INFO - 
================================================================================
DAG File Processing Stats

File Path                            PID    Runtime      # DAGs    # Errors  Last Runtime    Last Run
-----------------------------------  -----  ---------  --------  ----------  --------------  -------------------
/opt/airflow/dags/minio-to-kafka.py                           1           0  1.20s           2026-08-31T06:36:37
================================================================================
[2026-08-31T06:37:10.307+0000] {manager.py:878} INFO - 
================================================================================
DAG File Processing Stats

File Path                            PID    Runtime      # DAGs    # Errors  Last Runtime    Last Run
-----------------------------------  -----  ---------  --------  ----------  --------------  -------------------
/opt/airflow/dags/minio-to-kafka.py                           1           0  1.75s           2026-08-31T06:37:09
================================================================================
[2026-08-31T06:37:40.612+0000] {manager.py:878} INFO - 
================================================================================
DAG File Processing Stats

File Path                              PID  Runtime      # DAGs    # Errors  Last Runtime    Last Run
-----------------------------------  -----  ---------  --------  ----------  --------------  -------------------
/opt/airflow/dags/minio-to-kafka.py   3554  1.02s             1           0  1.75s           2026-08-31T06:37:09
================================================================================
[2026-08-31T06:38:10.875+0000] {manager.py:878} INFO - 
================================================================================
DAG File Processing Stats

File Path                            PID    Runtime      # DAGs    # Errors  Last Runtime    Last Run
-----------------------------------  -----  ---------  --------  ----------  --------------  -------------------
/opt/airflow/dags/minio-to-kafka.py                           1           0  1.30s           2026-08-31T06:37:40
================================================================================
[2026-08-31T06:38:41.340+0000] {manager.py:878} INFO - 
================================================================================
DAG File Processing Stats

File Path                            PID    Runtime      # DAGs    # Errors  Last Runtime    Last Run
-----------------------------------  -----  ---------  --------  ----------  --------------  -------------------
/opt/airflow/dags/minio-to-kafka.py                           1           0  1.14s           2026-08-31T06:38:12
================================================================================
[2026-08-31T06:39:11.596+0000] {manager.py:878} INFO - 
================================================================================
DAG File Processing Stats

File Path                            PID    Runtime      # DAGs    # Errors  Last Runtime    Last Run
-----------------------------------  -----  ---------  --------  ----------  --------------  -------------------
/opt/airflow/dags/minio-to-kafka.py                           1           0  1.06s           2026-08-31T06:38:43
================================================================================
[2026-08-31T06:39:41.891+0000] {manager.py:878} INFO - 
================================================================================
DAG File Processing Stats

File Path                            PID    Runtime      # DAGs    # Errors  Last Runtime    Last Run
-----------------------------------  -----  ---------  --------  ----------  --------------  -------------------
/opt/airflow/dags/minio-to-kafka.py                           1           0  1.18s           2026-08-31T06:39:14
================================================================================
[2026-08-31T06:40:12.264+0000] {manager.py:878} INFO - 
================================================================================
DAG File Processing Stats

File Path                            PID    Runtime      # DAGs    # Errors  Last Runtime    Last Run
-----------------------------------  -----  ---------  --------  ----------  --------------  -------------------
/opt/airflow/dags/minio-to-kafka.py                           1           0  1.02s           2026-08-31T06:39:45
================================================================================
[2026-08-31T06:40:42.537+0000] {manager.py:878} INFO - 
================================================================================
DAG File Processing Stats

File Path                            PID    Runtime      # DAGs    # Errors  Last Runtime    Last Run
-----------------------------------  -----  ---------  --------  ----------  --------------  -------------------
/opt/airflow/dags/minio-to-kafka.py                           1           0  1.16s           2026-08-31T06:40:17
================================================================================
[2026-08-31T06:40:49.695+0000] {manager.py:737} INFO - Searching for files in /opt/airflow/dags
[2026-08-31T06:40:49.749+0000] {manager.py:740} INFO - There are 1 files in /opt/airflow/dags
[2026-08-31T06:41:12.943+0000] {manager.py:878} INFO - 
================================================================================
DAG File Processing Stats

File Path                            PID    Runtime      # DAGs    # Errors  Last Runtime    Last Run
-----------------------------------  -----  ---------  --------  ----------  --------------  -------------------
/opt/airflow/dags/minio-to-kafka.py                           1           0  1.15s           2026-08-31T06:40:48
================================================================================
[2026-08-31T06:41:43.226+0000] {manager.py:878} INFO - 
================================================================================
DAG File Processing Stats

File Path                            PID    Runtime      # DAGs    # Errors  Last Runtime    Last Run
-----------------------------------  -----  ---------  --------  ----------  --------------  -------------------
/opt/airflow/dags/minio-to-kafka.py                           1           0  1.39s           2026-08-31T06:41:20
================================================================================
[2026-08-31T06:42:13.815+0000] {manager.py:878} INFO - 
================================================================================
DAG File Processing Stats

File Path                            PID    Runtime      # DAGs    # Errors  Last Runtime    Last Run
-----------------------------------  -----  ---------  --------  ----------  --------------  -------------------
/opt/airflow/dags/minio-to-kafka.py                           1           0  1.15s           2026-08-31T06:41:51
================================================================================
[2026-08-31T06:42:44.184+0000] {manager.py:878} INFO - 
================================================================================
DAG File Processing Stats

File Path                            PID    Runtime      # DAGs    # Errors  Last Runtime    Last Run
-----------------------------------  -----  ---------  --------  ----------  --------------  -------------------
/opt/airflow/dags/minio-to-kafka.py                           1           0  1.41s           2026-08-31T06:42:23
================================================================================
[2026-08-31T06:43:14.745+0000] {manager.py:878} INFO - 
================================================================================
DAG File Processing Stats

File Path                            PID    Runtime      # DAGs    # Errors  Last Runtime    Last Run
-----------------------------------  -----  ---------  --------  ----------  --------------  -------------------
/opt/airflow/dags/minio-to-kafka.py                           1           0  2.15s           2026-08-31T06:42:55
================================================================================
[2026-08-31T06:43:44.892+0000] {manager.py:878} INFO - 
================================================================================
DAG File Processing Stats

File Path                            PID    Runtime      # DAGs    # Errors  Last Runtime    Last Run
-----------------------------------  -----  ---------  --------  ----------  --------------  -------------------
/opt/airflow/dags/minio-to-kafka.py                           1           0  1.90s           2026-08-31T06:43:27
================================================================================
[2026-08-31T06:44:15.183+0000] {manager.py:878} INFO - 
================================================================================
DAG File Processing Stats

File Path                            PID    Runtime      # DAGs    # Errors  Last Runtime    Last Run
-----------------------------------  -----  ---------  --------  ----------  --------------  -------------------
/opt/airflow/dags/minio-to-kafka.py                           1           0  1.13s           2026-08-31T06:43:59
================================================================================
[2026-08-31T06:44:45.450+0000] {manager.py:878} INFO - 
================================================================================
DAG File Processing Stats

File Path                            PID    Runtime      # DAGs    # Errors  Last Runtime    Last Run
-----------------------------------  -----  ---------  --------  ----------  --------------  -------------------
/opt/airflow/dags/minio-to-kafka.py                           1           0  1.16s           2026-08-31T06:44:30
================================================================================
[2026-08-31T06:45:15.713+0000] {manager.py:878} INFO - 
================================================================================
DAG File Processing Stats

File Path                            PID    Runtime      # DAGs    # Errors  Last Runtime    Last Run
-----------------------------------  -----  ---------  --------  ----------  --------------  -------------------
/opt/airflow/dags/minio-to-kafka.py                           1           0  1.07s           2026-08-31T06:45:01
================================================================================
[2026-08-31T06:45:46.123+0000] {manager.py:878} INFO - 
================================================================================
DAG File Processing Stats

File Path                            PID    Runtime      # DAGs    # Errors  Last Runtime    Last Run
-----------------------------------  -----  ---------  --------  ----------  --------------  -------------------
/opt/airflow/dags/minio-to-kafka.py                           1           0  1.60s           2026-08-31T06:45:33
================================================================================
[2026-08-31T06:45:50.157+0000] {manager.py:737} INFO - Searching for files in /opt/airflow/dags
[2026-08-31T06:45:50.197+0000] {manager.py:740} INFO - There are 1 files in /opt/airflow/dags
[2026-08-31T06:46:16.485+0000] {manager.py:878} INFO - 
================================================================================
DAG File Processing Stats

File Path                            PID    Runtime      # DAGs    # Errors  Last Runtime    Last Run
-----------------------------------  -----  ---------  --------  ----------  --------------  -------------------
/opt/airflow/dags/minio-to-kafka.py                           1           0  1.95s           2026-08-31T06:46:05
================================================================================
[2026-08-31T06:46:46.744+0000] {manager.py:878} INFO - 
================================================================================
DAG File Processing Stats

File Path                            PID    Runtime      # DAGs    # Errors  Last Runtime    Last Run
-----------------------------------  -----  ---------  --------  ----------  --------------  -------------------
/opt/airflow/dags/minio-to-kafka.py                           1           0  1.89s           2026-08-31T06:46:37
================================================================================
[2026-08-31T06:47:17.219+0000] {manager.py:878} INFO - 
================================================================================
DAG File Processing Stats

File Path                            PID    Runtime      # DAGs    # Errors  Last Runtime    Last Run
-----------------------------------  -----  ---------  --------  ----------  --------------  -------------------
/opt/airflow/dags/minio-to-kafka.py                           1           0  1.15s           2026-08-31T06:47:09
================================================================================
[2026-08-31T06:47:47.607+0000] {manager.py:878} INFO - 
================================================================================
DAG File Processing Stats

File Path                            PID    Runtime      # DAGs    # Errors  Last Runtime    Last Run
-----------------------------------  -----  ---------  --------  ----------  --------------  -------------------
/opt/airflow/dags/minio-to-kafka.py                           1           0  1.31s           2026-08-31T06:47:40
================================================================================
[2026-08-31T06:48:17.688+0000] {manager.py:878} INFO - 
================================================================================
DAG File Processing Stats

File Path                            PID    Runtime      # DAGs    # Errors  Last Runtime    Last Run
-----------------------------------  -----  ---------  --------  ----------  --------------  -------------------
/opt/airflow/dags/minio-to-kafka.py                           1           0  1.78s           2026-08-31T06:48:12
================================================================================
[2026-08-31T06:48:47.975+0000] {manager.py:878} INFO - 
================================================================================
DAG File Processing Stats

File Path                            PID    Runtime      # DAGs    # Errors  Last Runtime    Last Run
-----------------------------------  -----  ---------  --------  ----------  --------------  -------------------
/opt/airflow/dags/minio-to-kafka.py                           1           0  1.17s           2026-08-31T06:48:44
================================================================================
[2026-08-31T06:49:18.416+0000] {manager.py:878} INFO - 
================================================================================
DAG File Processing Stats

File Path                            PID    Runtime      # DAGs    # Errors  Last Runtime    Last Run
-----------------------------------  -----  ---------  --------  ----------  --------------  -------------------
/opt/airflow/dags/minio-to-kafka.py                           1           0  1.29s           2026-08-31T06:49:15
================================================================================
[2026-08-31T06:49:48.815+0000] {manager.py:878} INFO - 
================================================================================
DAG File Processing Stats

File Path                            PID    Runtime      # DAGs    # Errors  Last Runtime    Last Run
-----------------------------------  -----  ---------  --------  ----------  --------------  -------------------
/opt/airflow/dags/minio-to-kafka.py                           1           0  1.44s           2026-08-31T06:49:47
================================================================================
[2026-08-31T06:50:19.470+0000] {manager.py:878} INFO - 
================================================================================
DAG File Processing Stats

File Path                            PID    Runtime      # DAGs    # Errors  Last Runtime    Last Run
-----------------------------------  -----  ---------  --------  ----------  --------------  -------------------
/opt/airflow/dags/minio-to-kafka.py                           1           0  1.25s           2026-08-31T06:50:18
================================================================================
[2026-08-31T06:50:50.162+0000] {manager.py:878} INFO - 
================================================================================
DAG File Processing Stats

File Path                              PID  Runtime      # DAGs    # Errors  Last Runtime    Last Run
-----------------------------------  -----  ---------  --------  ----------  --------------  -------------------
/opt/airflow/dags/minio-to-kafka.py   3629  0.33s             1           0  1.25s           2026-08-31T06:50:18
================================================================================
[2026-08-31T06:50:50.364+0000] {manager.py:737} INFO - Searching for files in /opt/airflow/dags
[2026-08-31T06:50:57.667+0000] {manager.py:740} INFO - There are 1 files in /opt/airflow/dags
[2026-08-31T06:51:20.627+0000] {manager.py:878} INFO - 
================================================================================
DAG File Processing Stats

File Path                            PID    Runtime      # DAGs    # Errors  Last Runtime    Last Run
-----------------------------------  -----  ---------  --------  ----------  --------------  -------------------
/opt/airflow/dags/minio-to-kafka.py                           1           0  16.68s          2026-08-31T06:51:06
================================================================================
[2026-08-31T06:51:51.007+0000] {manager.py:878} INFO - 
================================================================================
DAG File Processing Stats

File Path                            PID    Runtime      # DAGs    # Errors  Last Runtime    Last Run
-----------------------------------  -----  ---------  --------  ----------  --------------  -------------------
/opt/airflow/dags/minio-to-kafka.py                           1           0  2.68s           2026-08-31T06:51:39
================================================================================
[2026-08-31T06:52:21.632+0000] {manager.py:878} INFO - 
================================================================================
DAG File Processing Stats

File Path                            PID    Runtime      # DAGs    # Errors  Last Runtime    Last Run
-----------------------------------  -----  ---------  --------  ----------  --------------  -------------------
/opt/airflow/dags/minio-to-kafka.py                           1           0  1.46s           2026-08-31T06:52:11
================================================================================
[2026-08-31T06:52:51.806+0000] {manager.py:878} INFO - 
================================================================================
DAG File Processing Stats

File Path                            PID    Runtime      # DAGs    # Errors  Last Runtime    Last Run
-----------------------------------  -----  ---------  --------  ----------  --------------  -------------------
/opt/airflow/dags/minio-to-kafka.py                           1           0  1.87s           2026-08-31T06:52:43
================================================================================
[2026-08-31T06:53:22.028+0000] {manager.py:878} INFO - 
================================================================================
DAG File Processing Stats

File Path                            PID    Runtime      # DAGs    # Errors  Last Runtime    Last Run
-----------------------------------  -----  ---------  --------  ----------  --------------  -------------------
/opt/airflow/dags/minio-to-kafka.py                           1           0  2.00s           2026-08-31T06:53:15
================================================================================
[2026-08-31T06:53:52.683+0000] {manager.py:878} INFO - 
================================================================================
DAG File Processing Stats

File Path                            PID    Runtime      # DAGs    # Errors  Last Runtime    Last Run
-----------------------------------  -----  ---------  --------  ----------  --------------  -------------------
/opt/airflow/dags/minio-to-kafka.py                           1           0  1.51s           2026-08-31T06:53:47
================================================================================
[2026-08-31T06:54:22.983+0000] {manager.py:878} INFO - 
================================================================================
DAG File Processing Stats

File Path                            PID    Runtime      # DAGs    # Errors  Last Runtime    Last Run
-----------------------------------  -----  ---------  --------  ----------  --------------  -------------------
/opt/airflow/dags/minio-to-kafka.py                           1           0  1.13s           2026-08-31T06:54:19
================================================================================
[2026-08-31T06:54:53.330+0000] {manager.py:878} INFO - 
================================================================================
DAG File Processing Stats

File Path                            PID    Runtime      # DAGs    # Errors  Last Runtime    Last Run
-----------------------------------  -----  ---------  --------  ----------  --------------  -------------------
/opt/airflow/dags/minio-to-kafka.py                           1           0  1.67s           2026-08-31T06:54:50
================================================================================
[2026-08-31T06:55:23.595+0000] {manager.py:878} INFO - 
================================================================================
DAG File Processing Stats

File Path                            PID    Runtime      # DAGs    # Errors  Last Runtime    Last Run
-----------------------------------  -----  ---------  --------  ----------  --------------  -------------------
/opt/airflow/dags/minio-to-kafka.py                           1           0  1.63s           2026-08-31T06:55:22
================================================================================
[2026-08-31T06:55:50.805+0000] {manager.py:737} INFO - Searching for files in /opt/airflow/dags
[2026-08-31T06:55:50.833+0000] {manager.py:740} INFO - There are 1 files in /opt/airflow/dags
[2026-08-31T06:55:53.895+0000] {manager.py:878} INFO - 
================================================================================
DAG File Processing Stats

File Path                              PID  Runtime      # DAGs    # Errors  Last Runtime    Last Run
-----------------------------------  -----  ---------  --------  ----------  --------------  -------------------
/opt/airflow/dags/minio-to-kafka.py   3656  1.01s             1           0  1.63s           2026-08-31T06:55:22
================================================================================
[2026-08-31T06:56:24.143+0000] {manager.py:878} INFO - 
================================================================================
DAG File Processing Stats

File Path                              PID  Runtime      # DAGs    # Errors  Last Runtime    Last Run
-----------------------------------  -----  ---------  --------  ----------  --------------  -------------------
/opt/airflow/dags/minio-to-kafka.py   3659  0.01s             1           0  1.13s           2026-08-31T06:55:54
================================================================================
[2026-08-31T06:56:54.468+0000] {manager.py:878} INFO - 
================================================================================
DAG File Processing Stats

File Path                            PID    Runtime      # DAGs    # Errors  Last Runtime    Last Run
-----------------------------------  -----  ---------  --------  ----------  --------------  -------------------
/opt/airflow/dags/minio-to-kafka.py                           1           0  1.73s           2026-08-31T06:56:25
================================================================================
[2026-08-31T06:57:24.543+0000] {manager.py:878} INFO - 
================================================================================
DAG File Processing Stats

File Path                            PID    Runtime      # DAGs    # Errors  Last Runtime    Last Run
-----------------------------------  -----  ---------  --------  ----------  --------------  -------------------
/opt/airflow/dags/minio-to-kafka.py                           1           0  1.18s           2026-08-31T06:56:57
================================================================================
[2026-08-31T06:57:54.815+0000] {manager.py:878} INFO - 
================================================================================
DAG File Processing Stats

File Path                            PID    Runtime      # DAGs    # Errors  Last Runtime    Last Run
-----------------------------------  -----  ---------  --------  ----------  --------------  -------------------
/opt/airflow/dags/minio-to-kafka.py                           1           0  1.09s           2026-08-31T06:57:28
================================================================================
[2026-08-31T06:58:25.104+0000] {manager.py:878} INFO - 
================================================================================
DAG File Processing Stats

File Path                            PID    Runtime      # DAGs    # Errors  Last Runtime    Last Run
-----------------------------------  -----  ---------  --------  ----------  --------------  -------------------
/opt/airflow/dags/minio-to-kafka.py                           1           0  1.67s           2026-08-31T06:58:00
================================================================================
[2026-08-31T06:58:55.335+0000] {manager.py:878} INFO - 
================================================================================
DAG File Processing Stats

File Path                            PID    Runtime      # DAGs    # Errors  Last Runtime    Last Run
-----------------------------------  -----  ---------  --------  ----------  --------------  -------------------
/opt/airflow/dags/minio-to-kafka.py                           1           0  1.45s           2026-08-31T06:58:32
================================================================================
[2026-08-31T06:59:25.694+0000] {manager.py:878} INFO - 
================================================================================
DAG File Processing Stats

File Path                            PID    Runtime      # DAGs    # Errors  Last Runtime    Last Run
-----------------------------------  -----  ---------  --------  ----------  --------------  -------------------
/opt/airflow/dags/minio-to-kafka.py                           1           0  1.26s           2026-08-31T06:59:03
================================================================================
[2026-08-31T06:59:56.049+0000] {manager.py:878} INFO - 
================================================================================
DAG File Processing Stats

File Path                            PID    Runtime      # DAGs    # Errors  Last Runtime    Last Run
-----------------------------------  -----  ---------  --------  ----------  --------------  -------------------
/opt/airflow/dags/minio-to-kafka.py                           1           0  1.34s           2026-08-31T06:59:35
================================================================================
[2026-08-31T07:00:26.467+0000] {manager.py:878} INFO - 
================================================================================
DAG File Processing Stats

File Path                            PID    Runtime      # DAGs    # Errors  Last Runtime    Last Run
-----------------------------------  -----  ---------  --------  ----------  --------------  -------------------
/opt/airflow/dags/minio-to-kafka.py                           1           0  1.32s           2026-08-31T07:00:06
================================================================================
[2026-08-31T07:00:50.974+0000] {manager.py:737} INFO - Searching for files in /opt/airflow/dags
[2026-08-31T07:00:51.009+0000] {manager.py:740} INFO - There are 1 files in /opt/airflow/dags
[2026-08-31T07:00:57.066+0000] {manager.py:878} INFO - 
================================================================================
DAG File Processing Stats

File Path                            PID    Runtime      # DAGs    # Errors  Last Runtime    Last Run
-----------------------------------  -----  ---------  --------  ----------  --------------  -------------------
/opt/airflow/dags/minio-to-kafka.py                           1           0  1.11s           2026-08-31T07:00:37
================================================================================
[2026-08-31T07:01:27.333+0000] {manager.py:878} INFO - 
================================================================================
DAG File Processing Stats

File Path                            PID    Runtime      # DAGs    # Errors  Last Runtime    Last Run
-----------------------------------  -----  ---------  --------  ----------  --------------  -------------------
/opt/airflow/dags/minio-to-kafka.py                           1           0  1.06s           2026-08-31T07:01:09
================================================================================
[2026-08-31T07:01:57.600+0000] {manager.py:878} INFO - 
================================================================================
DAG File Processing Stats

File Path                            PID    Runtime      # DAGs    # Errors  Last Runtime    Last Run
-----------------------------------  -----  ---------  --------  ----------  --------------  -------------------
/opt/airflow/dags/minio-to-kafka.py                           1           0  1.44s           2026-08-31T07:01:40
================================================================================
[2026-08-31T07:02:28.259+0000] {manager.py:878} INFO - 
================================================================================
DAG File Processing Stats

File Path                            PID    Runtime      # DAGs    # Errors  Last Runtime    Last Run
-----------------------------------  -----  ---------  --------  ----------  --------------  -------------------
/opt/airflow/dags/minio-to-kafka.py                           1           0  1.19s           2026-08-31T07:02:12
================================================================================
[2026-08-31T07:02:58.624+0000] {manager.py:878} INFO - 
================================================================================
DAG File Processing Stats

File Path                            PID    Runtime      # DAGs    # Errors  Last Runtime    Last Run
-----------------------------------  -----  ---------  --------  ----------  --------------  -------------------
/opt/airflow/dags/minio-to-kafka.py                           1           0  1.94s           2026-08-31T07:02:44
================================================================================
[2026-08-31T07:03:29.049+0000] {manager.py:878} INFO - 
================================================================================
DAG File Processing Stats

File Path                            PID    Runtime      # DAGs    # Errors  Last Runtime    Last Run
-----------------------------------  -----  ---------  --------  ----------  --------------  -------------------
/opt/airflow/dags/minio-to-kafka.py                           1           0  1.51s           2026-08-31T07:03:16
================================================================================
[2026-08-31T07:03:59.360+0000] {manager.py:878} INFO - 
================================================================================
DAG File Processing Stats

File Path                            PID    Runtime      # DAGs    # Errors  Last Runtime    Last Run
-----------------------------------  -----  ---------  --------  ----------  --------------  -------------------
/opt/airflow/dags/minio-to-kafka.py                           1           0  1.70s           2026-08-31T07:03:48
================================================================================
[2026-08-31T07:04:29.616+0000] {manager.py:878} INFO - 
================================================================================
DAG File Processing Stats

File Path                            PID    Runtime      # DAGs    # Errors  Last Runtime    Last Run
-----------------------------------  -----  ---------  --------  ----------  --------------  -------------------
/opt/airflow/dags/minio-to-kafka.py                           1           0  1.13s           2026-08-31T07:04:19
================================================================================
[2026-08-31T07:05:00.063+0000] {manager.py:878} INFO - 
================================================================================
DAG File Processing Stats

File Path                            PID    Runtime      # DAGs    # Errors  Last Runtime    Last Run
-----------------------------------  -----  ---------  --------  ----------  --------------  -------------------
/opt/airflow/dags/minio-to-kafka.py                           1           0  2.38s           2026-08-31T07:04:52
================================================================================
[2026-08-31T07:05:30.594+0000] {manager.py:878} INFO - 
================================================================================
DAG File Processing Stats

File Path                            PID    Runtime      # DAGs    # Errors  Last Runtime    Last Run
-----------------------------------  -----  ---------  --------  ----------  --------------  -------------------
/opt/airflow/dags/minio-to-kafka.py                           1           0  1.24s           2026-08-31T07:05:23
================================================================================
[2026-08-31T07:05:51.024+0000] {manager.py:737} INFO - Searching for files in /opt/airflow/dags
[2026-08-31T07:05:51.052+0000] {manager.py:740} INFO - There are 1 files in /opt/airflow/dags
[2026-08-31T07:06:01.127+0000] {manager.py:878} INFO - 
================================================================================
DAG File Processing Stats

File Path                            PID    Runtime      # DAGs    # Errors  Last Runtime    Last Run
-----------------------------------  -----  ---------  --------  ----------  --------------  -------------------
/opt/airflow/dags/minio-to-kafka.py                           1           0  1.26s           2026-08-31T07:05:55
================================================================================
[2026-08-31T07:06:31.362+0000] {manager.py:878} INFO - 
================================================================================
DAG File Processing Stats

File Path                            PID    Runtime      # DAGs    # Errors  Last Runtime    Last Run
-----------------------------------  -----  ---------  --------  ----------  --------------  -------------------
/opt/airflow/dags/minio-to-kafka.py                           1           0  1.89s           2026-08-31T07:06:27
================================================================================
[2026-08-31T07:07:01.844+0000] {manager.py:878} INFO - 
================================================================================
DAG File Processing Stats

File Path                            PID    Runtime      # DAGs    # Errors  Last Runtime    Last Run
-----------------------------------  -----  ---------  --------  ----------  --------------  -------------------
/opt/airflow/dags/minio-to-kafka.py                           1           0  1.50s           2026-08-31T07:06:59
================================================================================
[2026-08-31T07:07:32.570+0000] {manager.py:878} INFO - 
================================================================================
DAG File Processing Stats

File Path                            PID    Runtime      # DAGs    # Errors  Last Runtime    Last Run
-----------------------------------  -----  ---------  --------  ----------  --------------  -------------------
/opt/airflow/dags/minio-to-kafka.py                           1           0  2.15s           2026-08-31T07:07:31
================================================================================
[2026-08-31T07:08:02.915+0000] {manager.py:878} INFO - 
================================================================================
DAG File Processing Stats

File Path                              PID  Runtime      # DAGs    # Errors  Last Runtime    Last Run
-----------------------------------  -----  ---------  --------  ----------  --------------  -------------------
/opt/airflow/dags/minio-to-kafka.py   3747  1.02s             1           0  2.15s           2026-08-31T07:07:31
================================================================================
[2026-08-31T07:08:33.208+0000] {manager.py:878} INFO - 
================================================================================
DAG File Processing Stats

File Path                            PID    Runtime      # DAGs    # Errors  Last Runtime    Last Run
-----------------------------------  -----  ---------  --------  ----------  --------------  -------------------
/opt/airflow/dags/minio-to-kafka.py                           1           0  1.38s           2026-08-31T07:08:03
================================================================================
[2026-08-31T07:09:03.514+0000] {manager.py:878} INFO - 
================================================================================
DAG File Processing Stats

File Path                            PID    Runtime      # DAGs    # Errors  Last Runtime    Last Run
-----------------------------------  -----  ---------  --------  ----------  --------------  -------------------
/opt/airflow/dags/minio-to-kafka.py                           1           0  1.99s           2026-08-31T07:08:35
================================================================================
[2026-08-31T07:09:33.528+0000] {manager.py:878} INFO - 
================================================================================
DAG File Processing Stats

File Path                            PID    Runtime      # DAGs    # Errors  Last Runtime    Last Run
-----------------------------------  -----  ---------  --------  ----------  --------------  -------------------
/opt/airflow/dags/minio-to-kafka.py                           1           0  6.45s           2026-08-31T07:09:12
================================================================================
[2026-08-31T07:10:03.541+0000] {manager.py:878} INFO - 
================================================================================
DAG File Processing Stats

File Path                            PID    Runtime      # DAGs    # Errors  Last Runtime    Last Run
-----------------------------------  -----  ---------  --------  ----------  --------------  -------------------
/opt/airflow/dags/minio-to-kafka.py                           1           0  2.87s           2026-08-31T07:09:45
================================================================================
[2026-08-31T07:10:33.642+0000] {manager.py:878} INFO - 
================================================================================
DAG File Processing Stats

File Path                            PID    Runtime      # DAGs    # Errors  Last Runtime    Last Run
-----------------------------------  -----  ---------  --------  ----------  --------------  -------------------
/opt/airflow/dags/minio-to-kafka.py                           1           0  1.85s           2026-08-31T07:10:17
================================================================================
[2026-08-31T07:10:51.034+0000] {manager.py:737} INFO - Searching for files in /opt/airflow/dags
[2026-08-31T07:10:51.104+0000] {manager.py:740} INFO - There are 1 files in /opt/airflow/dags
[2026-08-31T07:11:03.693+0000] {manager.py:878} INFO - 
================================================================================
DAG File Processing Stats

File Path                            PID    Runtime      # DAGs    # Errors  Last Runtime    Last Run
-----------------------------------  -----  ---------  --------  ----------  --------------  -------------------
/opt/airflow/dags/minio-to-kafka.py                           1           0  1.82s           2026-08-31T07:10:49
================================================================================
[2026-08-31T07:11:33.971+0000] {manager.py:878} INFO - 
================================================================================
DAG File Processing Stats

File Path                            PID    Runtime      # DAGs    # Errors  Last Runtime    Last Run
-----------------------------------  -----  ---------  --------  ----------  --------------  -------------------
/opt/airflow/dags/minio-to-kafka.py                           1           0  2.18s           2026-08-31T07:11:22
================================================================================
[2026-08-31T07:12:04.746+0000] {manager.py:878} INFO - 
================================================================================
DAG File Processing Stats

File Path                            PID    Runtime      # DAGs    # Errors  Last Runtime    Last Run
-----------------------------------  -----  ---------  --------  ----------  --------------  -------------------
/opt/airflow/dags/minio-to-kafka.py                           1           0  2.56s           2026-08-31T07:11:54
================================================================================
[2026-08-31T07:12:35.377+0000] {manager.py:878} INFO - 
================================================================================
DAG File Processing Stats

File Path                            PID    Runtime      # DAGs    # Errors  Last Runtime    Last Run
-----------------------------------  -----  ---------  --------  ----------  --------------  -------------------
/opt/airflow/dags/minio-to-kafka.py                           1           0  1.28s           2026-08-31T07:12:26
================================================================================
[2026-08-31T07:13:05.462+0000] {manager.py:878} INFO - 
================================================================================
DAG File Processing Stats

File Path                            PID    Runtime      # DAGs    # Errors  Last Runtime    Last Run
-----------------------------------  -----  ---------  --------  ----------  --------------  -------------------
/opt/airflow/dags/minio-to-kafka.py                           1           0  3.20s           2026-08-31T07:12:59
================================================================================
[2026-08-31T07:13:35.881+0000] {manager.py:878} INFO - 
================================================================================
DAG File Processing Stats

File Path                            PID    Runtime      # DAGs    # Errors  Last Runtime    Last Run
-----------------------------------  -----  ---------  --------  ----------  --------------  -------------------
/opt/airflow/dags/minio-to-kafka.py                           1           0  2.54s           2026-08-31T07:13:32
================================================================================
[2026-08-31T07:14:05.974+0000] {manager.py:878} INFO - 
================================================================================
DAG File Processing Stats

File Path                            PID    Runtime      # DAGs    # Errors  Last Runtime    Last Run
-----------------------------------  -----  ---------  --------  ----------  --------------  -------------------
/opt/airflow/dags/minio-to-kafka.py                           1           0  2.31s           2026-08-31T07:14:04
================================================================================
[2026-08-31T07:14:36.087+0000] {manager.py:878} INFO - 
================================================================================
DAG File Processing Stats

File Path                              PID  Runtime      # DAGs    # Errors  Last Runtime    Last Run
-----------------------------------  -----  ---------  --------  ----------  --------------  -------------------
/opt/airflow/dags/minio-to-kafka.py   3783  1.08s             1           0  2.31s           2026-08-31T07:14:04
================================================================================
[2026-08-31T07:15:06.508+0000] {manager.py:878} INFO - 
================================================================================
DAG File Processing Stats

File Path                            PID    Runtime      # DAGs    # Errors  Last Runtime    Last Run
-----------------------------------  -----  ---------  --------  ----------  --------------  -------------------
/opt/airflow/dags/minio-to-kafka.py                           1           0  2.56s           2026-08-31T07:14:37
================================================================================
[2026-08-31T07:15:37.307+0000] {manager.py:878} INFO - 
================================================================================
DAG File Processing Stats

File Path                            PID    Runtime      # DAGs    # Errors  Last Runtime    Last Run
-----------------------------------  -----  ---------  --------  ----------  --------------  -------------------
/opt/airflow/dags/minio-to-kafka.py                           1           0  2.14s           2026-08-31T07:15:10
================================================================================
[2026-08-31T07:15:51.979+0000] {manager.py:737} INFO - Searching for files in /opt/airflow/dags
[2026-08-31T07:15:53.250+0000] {manager.py:740} INFO - There are 1 files in /opt/airflow/dags
[2026-08-31T07:16:08.006+0000] {manager.py:878} INFO - 
================================================================================
DAG File Processing Stats

File Path                            PID    Runtime      # DAGs    # Errors  Last Runtime    Last Run
-----------------------------------  -----  ---------  --------  ----------  --------------  -------------------
/opt/airflow/dags/minio-to-kafka.py                           1           0  2.33s           2026-08-31T07:15:42
================================================================================
[2026-08-31T07:16:38.399+0000] {manager.py:878} INFO - 
================================================================================
DAG File Processing Stats

File Path                            PID    Runtime      # DAGs    # Errors  Last Runtime    Last Run
-----------------------------------  -----  ---------  --------  ----------  --------------  -------------------
/opt/airflow/dags/minio-to-kafka.py                           1           0  1.50s           2026-08-31T07:16:14
================================================================================
[2026-08-31T07:17:08.557+0000] {manager.py:878} INFO - 
================================================================================
DAG File Processing Stats

File Path                            PID    Runtime      # DAGs    # Errors  Last Runtime    Last Run
-----------------------------------  -----  ---------  --------  ----------  --------------  -------------------
/opt/airflow/dags/minio-to-kafka.py                           1           0  2.54s           2026-08-31T07:16:47
================================================================================
[2026-08-31T07:17:38.621+0000] {manager.py:878} INFO - 
================================================================================
DAG File Processing Stats

File Path                            PID    Runtime      # DAGs    # Errors  Last Runtime    Last Run
-----------------------------------  -----  ---------  --------  ----------  --------------  -------------------
/opt/airflow/dags/minio-to-kafka.py                           1           0  1.80s           2026-08-31T07:17:19
================================================================================
[2026-08-31T07:18:08.637+0000] {manager.py:878} INFO - 
================================================================================
DAG File Processing Stats

File Path                            PID    Runtime      # DAGs    # Errors  Last Runtime    Last Run
-----------------------------------  -----  ---------  --------  ----------  --------------  -------------------
/opt/airflow/dags/minio-to-kafka.py                           1           0  2.23s           2026-08-31T07:17:51
================================================================================
[2026-08-31T07:18:39.095+0000] {manager.py:878} INFO - 
================================================================================
DAG File Processing Stats

File Path                            PID    Runtime      # DAGs    # Errors  Last Runtime    Last Run
-----------------------------------  -----  ---------  --------  ----------  --------------  -------------------
/opt/airflow/dags/minio-to-kafka.py                           1           0  1.22s           2026-08-31T07:18:23
================================================================================
[2026-08-31T07:19:09.361+0000] {manager.py:878} INFO - 
================================================================================
DAG File Processing Stats

File Path                            PID    Runtime      # DAGs    # Errors  Last Runtime    Last Run
-----------------------------------  -----  ---------  --------  ----------  --------------  -------------------
/opt/airflow/dags/minio-to-kafka.py                           1           0  1.38s           2026-08-31T07:18:54
================================================================================
[2026-08-31T07:19:39.655+0000] {manager.py:878} INFO - 
================================================================================
DAG File Processing Stats

File Path                            PID    Runtime      # DAGs    # Errors  Last Runtime    Last Run
-----------------------------------  -----  ---------  --------  ----------  --------------  -------------------
/opt/airflow/dags/minio-to-kafka.py                           1           0  2.03s           2026-08-31T07:19:26
================================================================================
[2026-08-31T07:20:09.937+0000] {manager.py:878} INFO - 
================================================================================
DAG File Processing Stats

File Path                            PID    Runtime      # DAGs    # Errors  Last Runtime    Last Run
-----------------------------------  -----  ---------  --------  ----------  --------------  -------------------
/opt/airflow/dags/minio-to-kafka.py                           1           0  1.71s           2026-08-31T07:19:58
================================================================================
[2026-08-31T07:20:40.358+0000] {manager.py:878} INFO - 
================================================================================
DAG File Processing Stats

File Path                            PID    Runtime      # DAGs    # Errors  Last Runtime    Last Run
-----------------------------------  -----  ---------  --------  ----------  --------------  -------------------
/opt/airflow/dags/minio-to-kafka.py                           1           0  2.35s           2026-08-31T07:20:31
================================================================================
[2026-08-31T07:20:52.476+0000] {manager.py:737} INFO - Searching for files in /opt/airflow/dags
[2026-08-31T07:20:52.514+0000] {manager.py:740} INFO - There are 1 files in /opt/airflow/dags
[2026-08-31T07:21:10.918+0000] {manager.py:878} INFO - 
================================================================================
DAG File Processing Stats

File Path                            PID    Runtime      # DAGs    # Errors  Last Runtime    Last Run
-----------------------------------  -----  ---------  --------  ----------  --------------  -------------------
/opt/airflow/dags/minio-to-kafka.py                           1           0  1.52s           2026-08-31T07:21:03
================================================================================
[2026-08-31T07:21:40.985+0000] {manager.py:878} INFO - 
================================================================================
DAG File Processing Stats

File Path                            PID    Runtime      # DAGs    # Errors  Last Runtime    Last Run
-----------------------------------  -----  ---------  --------  ----------  --------------  -------------------
/opt/airflow/dags/minio-to-kafka.py                           1           0  1.46s           2026-08-31T07:21:34
================================================================================
[2026-08-31T07:22:11.154+0000] {manager.py:878} INFO - 
================================================================================
DAG File Processing Stats

File Path                            PID    Runtime      # DAGs    # Errors  Last Runtime    Last Run
-----------------------------------  -----  ---------  --------  ----------  --------------  -------------------
/opt/airflow/dags/minio-to-kafka.py                           1           0  1.85s           2026-08-31T07:22:07
================================================================================
[2026-08-31T07:22:41.437+0000] {manager.py:878} INFO - 
================================================================================
DAG File Processing Stats

File Path                            PID    Runtime      # DAGs    # Errors  Last Runtime    Last Run
-----------------------------------  -----  ---------  --------  ----------  --------------  -------------------
/opt/airflow/dags/minio-to-kafka.py                           1           0  1.25s           2026-08-31T07:22:38
================================================================================
[2026-08-31T07:23:12.710+0000] {manager.py:878} INFO - 
================================================================================
DAG File Processing Stats

File Path                              PID  Runtime      # DAGs    # Errors  Last Runtime    Last Run
-----------------------------------  -----  ---------  --------  ----------  --------------  -------------------
/opt/airflow/dags/minio-to-kafka.py   3831  2.82s             1           0  1.25s           2026-08-31T07:22:38
================================================================================
[2026-08-31T07:23:43.593+0000] {manager.py:878} INFO - 
================================================================================
DAG File Processing Stats

File Path                            PID    Runtime      # DAGs    # Errors  Last Runtime    Last Run
-----------------------------------  -----  ---------  --------  ----------  --------------  -------------------
/opt/airflow/dags/minio-to-kafka.py                           1           0  12.44s          2026-08-31T07:23:22
================================================================================
[2026-08-31T07:24:13.895+0000] {manager.py:878} INFO - 
================================================================================
DAG File Processing Stats

File Path                            PID    Runtime      # DAGs    # Errors  Last Runtime    Last Run
-----------------------------------  -----  ---------  --------  ----------  --------------  -------------------
/opt/airflow/dags/minio-to-kafka.py                           1           0  1.56s           2026-08-31T07:23:54
================================================================================
[2026-08-31T07:24:44.120+0000] {manager.py:878} INFO - 
================================================================================
DAG File Processing Stats

File Path                            PID    Runtime      # DAGs    # Errors  Last Runtime    Last Run
-----------------------------------  -----  ---------  --------  ----------  --------------  -------------------
/opt/airflow/dags/minio-to-kafka.py                           1           0  4.22s           2026-08-31T07:24:28
================================================================================
[2026-08-31T07:25:14.444+0000] {manager.py:878} INFO - 
================================================================================
DAG File Processing Stats

File Path                            PID    Runtime      # DAGs    # Errors  Last Runtime    Last Run
-----------------------------------  -----  ---------  --------  ----------  --------------  -------------------
/opt/airflow/dags/minio-to-kafka.py                           1           0  1.65s           2026-08-31T07:25:00
================================================================================
[2026-08-31T07:25:44.549+0000] {manager.py:878} INFO - 
================================================================================
DAG File Processing Stats

File Path                            PID    Runtime      # DAGs    # Errors  Last Runtime    Last Run
-----------------------------------  -----  ---------  --------  ----------  --------------  -------------------
/opt/airflow/dags/minio-to-kafka.py                           1           0  1.20s           2026-08-31T07:25:32
================================================================================
[2026-08-31T07:25:52.616+0000] {manager.py:737} INFO - Searching for files in /opt/airflow/dags
[2026-08-31T07:25:52.660+0000] {manager.py:740} INFO - There are 1 files in /opt/airflow/dags
[2026-08-31T07:26:14.886+0000] {manager.py:878} INFO - 
================================================================================
DAG File Processing Stats

File Path                            PID    Runtime      # DAGs    # Errors  Last Runtime    Last Run
-----------------------------------  -----  ---------  --------  ----------  --------------  -------------------
/opt/airflow/dags/minio-to-kafka.py                           1           0  1.48s           2026-08-31T07:26:04
================================================================================
[2026-08-31T07:26:45.374+0000] {manager.py:878} INFO - 
================================================================================
DAG File Processing Stats

File Path                            PID    Runtime      # DAGs    # Errors  Last Runtime    Last Run
-----------------------------------  -----  ---------  --------  ----------  --------------  -------------------
/opt/airflow/dags/minio-to-kafka.py                           1           0  1.41s           2026-08-31T07:26:35
================================================================================
[2026-08-31T07:27:15.748+0000] {manager.py:878} INFO - 
================================================================================
DAG File Processing Stats

File Path                            PID    Runtime      # DAGs    # Errors  Last Runtime    Last Run
-----------------------------------  -----  ---------  --------  ----------  --------------  -------------------
/opt/airflow/dags/minio-to-kafka.py                           1           0  2.17s           2026-08-31T07:27:07
================================================================================
[2026-08-31T07:27:46.034+0000] {manager.py:878} INFO - 
================================================================================
DAG File Processing Stats

File Path                            PID    Runtime      # DAGs    # Errors  Last Runtime    Last Run
-----------------------------------  -----  ---------  --------  ----------  --------------  -------------------
/opt/airflow/dags/minio-to-kafka.py                           1           0  1.43s           2026-08-31T07:27:39
================================================================================
[2026-08-31T07:28:16.268+0000] {manager.py:878} INFO - 
================================================================================
DAG File Processing Stats

File Path                            PID    Runtime      # DAGs    # Errors  Last Runtime    Last Run
-----------------------------------  -----  ---------  --------  ----------  --------------  -------------------
/opt/airflow/dags/minio-to-kafka.py                           1           0  1.57s           2026-08-31T07:28:11
================================================================================
[2026-08-31T07:28:46.972+0000] {manager.py:878} INFO - 
================================================================================
DAG File Processing Stats

File Path                            PID    Runtime      # DAGs    # Errors  Last Runtime    Last Run
-----------------------------------  -----  ---------  --------  ----------  --------------  -------------------
/opt/airflow/dags/minio-to-kafka.py                           1           0  1.52s           2026-08-31T07:28:43
================================================================================
[2026-08-31T07:29:17.371+0000] {manager.py:878} INFO - 
================================================================================
DAG File Processing Stats

File Path                            PID    Runtime      # DAGs    # Errors  Last Runtime    Last Run
-----------------------------------  -----  ---------  --------  ----------  --------------  -------------------
/opt/airflow/dags/minio-to-kafka.py                           1           0  1.23s           2026-08-31T07:29:14
================================================================================
[2026-08-31T07:29:47.753+0000] {manager.py:878} INFO - 
================================================================================
DAG File Processing Stats

File Path                            PID    Runtime      # DAGs    # Errors  Last Runtime    Last Run
-----------------------------------  -----  ---------  --------  ----------  --------------  -------------------
/opt/airflow/dags/minio-to-kafka.py                           1           0  1.31s           2026-08-31T07:29:45
================================================================================
[2026-08-31T07:30:18.200+0000] {manager.py:878} INFO - 
================================================================================
DAG File Processing Stats

File Path                            PID    Runtime      # DAGs    # Errors  Last Runtime    Last Run
-----------------------------------  -----  ---------  --------  ----------  --------------  -------------------
/opt/airflow/dags/minio-to-kafka.py                           1           0  1.26s           2026-08-31T07:30:17
================================================================================
[2026-08-31T07:30:48.536+0000] {manager.py:878} INFO - 
================================================================================
DAG File Processing Stats

File Path                              PID  Runtime      # DAGs    # Errors  Last Runtime    Last Run
-----------------------------------  -----  ---------  --------  ----------  --------------  -------------------
/opt/airflow/dags/minio-to-kafka.py   3873  1.02s             1           0  1.26s           2026-08-31T07:30:17
================================================================================
[2026-08-31T07:30:52.719+0000] {manager.py:737} INFO - Searching for files in /opt/airflow/dags
[2026-08-31T07:30:52.760+0000] {manager.py:740} INFO - There are 1 files in /opt/airflow/dags
[2026-08-31T07:31:18.823+0000] {manager.py:878} INFO - 
================================================================================
DAG File Processing Stats

File Path                              PID  Runtime      # DAGs    # Errors  Last Runtime    Last Run
-----------------------------------  -----  ---------  --------  ----------  --------------  -------------------
/opt/airflow/dags/minio-to-kafka.py   3876  0.01s             1           0  1.17s           2026-08-31T07:30:48
================================================================================
[2026-08-31T07:31:49.282+0000] {manager.py:878} INFO - 
================================================================================
DAG File Processing Stats

File Path                            PID    Runtime      # DAGs    # Errors  Last Runtime    Last Run
-----------------------------------  -----  ---------  --------  ----------  --------------  -------------------
/opt/airflow/dags/minio-to-kafka.py                           1           0  1.35s           2026-08-31T07:31:20
================================================================================
[2026-08-31T07:32:19.566+0000] {manager.py:878} INFO - 
================================================================================
DAG File Processing Stats

File Path                            PID    Runtime      # DAGs    # Errors  Last Runtime    Last Run
-----------------------------------  -----  ---------  --------  ----------  --------------  -------------------
/opt/airflow/dags/minio-to-kafka.py                           1           0  2.00s           2026-08-31T07:31:52
================================================================================
[2026-08-31T07:32:49.928+0000] {manager.py:878} INFO - 
================================================================================
DAG File Processing Stats

File Path                            PID    Runtime      # DAGs    # Errors  Last Runtime    Last Run
-----------------------------------  -----  ---------  --------  ----------  --------------  -------------------
/opt/airflow/dags/minio-to-kafka.py                           1           0  1.17s           2026-08-31T07:32:23
================================================================================
[2026-08-31T07:33:20.399+0000] {manager.py:878} INFO - 
================================================================================
DAG File Processing Stats

File Path                            PID    Runtime      # DAGs    # Errors  Last Runtime    Last Run
-----------------------------------  -----  ---------  --------  ----------  --------------  -------------------
/opt/airflow/dags/minio-to-kafka.py                           1           0  1.26s           2026-08-31T07:32:55
================================================================================
[2026-08-31T07:33:50.724+0000] {manager.py:878} INFO - 
================================================================================
DAG File Processing Stats

File Path                            PID    Runtime      # DAGs    # Errors  Last Runtime    Last Run
-----------------------------------  -----  ---------  --------  ----------  --------------  -------------------
/opt/airflow/dags/minio-to-kafka.py                           1           0  1.36s           2026-08-31T07:33:26
================================================================================
[2026-08-31T07:34:20.894+0000] {manager.py:878} INFO - 
================================================================================
DAG File Processing Stats

File Path                            PID    Runtime      # DAGs    # Errors  Last Runtime    Last Run
-----------------------------------  -----  ---------  --------  ----------  --------------  -------------------
/opt/airflow/dags/minio-to-kafka.py                           1           0  1.62s           2026-08-31T07:33:58
================================================================================
[2026-08-31T07:34:51.177+0000] {manager.py:878} INFO - 
================================================================================
DAG File Processing Stats

File Path                            PID    Runtime      # DAGs    # Errors  Last Runtime    Last Run
-----------------------------------  -----  ---------  --------  ----------  --------------  -------------------
/opt/airflow/dags/minio-to-kafka.py                           1           0  1.31s           2026-08-31T07:34:30
================================================================================
[2026-08-31T07:35:21.786+0000] {manager.py:878} INFO - 
================================================================================
DAG File Processing Stats

File Path                            PID    Runtime      # DAGs    # Errors  Last Runtime    Last Run
-----------------------------------  -----  ---------  --------  ----------  --------------  -------------------
/opt/airflow/dags/minio-to-kafka.py                           1           0  1.13s           2026-08-31T07:35:01
================================================================================
[2026-08-31T07:35:52.140+0000] {manager.py:878} INFO - 
================================================================================
DAG File Processing Stats

File Path                            PID    Runtime      # DAGs    # Errors  Last Runtime    Last Run
-----------------------------------  -----  ---------  --------  ----------  --------------  -------------------
/opt/airflow/dags/minio-to-kafka.py                           1           0  1.20s           2026-08-31T07:35:33
================================================================================
[2026-08-31T07:35:53.157+0000] {manager.py:737} INFO - Searching for files in /opt/airflow/dags
[2026-08-31T07:35:53.253+0000] {manager.py:740} INFO - There are 1 files in /opt/airflow/dags
[2026-08-31T07:36:22.603+0000] {manager.py:878} INFO - 
================================================================================
DAG File Processing Stats

File Path                            PID    Runtime      # DAGs    # Errors  Last Runtime    Last Run
-----------------------------------  -----  ---------  --------  ----------  --------------  -------------------
/opt/airflow/dags/minio-to-kafka.py                           1           0  1.29s           2026-08-31T07:36:04
================================================================================
[2026-08-31T07:36:52.882+0000] {manager.py:878} INFO - 
================================================================================
DAG File Processing Stats

File Path                            PID    Runtime      # DAGs    # Errors  Last Runtime    Last Run
-----------------------------------  -----  ---------  --------  ----------  --------------  -------------------
/opt/airflow/dags/minio-to-kafka.py                           1           0  1.15s           2026-08-31T07:36:35
================================================================================
[2026-08-31T07:37:23.269+0000] {manager.py:878} INFO - 
================================================================================
DAG File Processing Stats

File Path                            PID    Runtime      # DAGs    # Errors  Last Runtime    Last Run
-----------------------------------  -----  ---------  --------  ----------  --------------  -------------------
/opt/airflow/dags/minio-to-kafka.py                           1           0  1.65s           2026-08-31T07:37:07
================================================================================
[2026-08-31T07:37:53.565+0000] {manager.py:878} INFO - 
================================================================================
DAG File Processing Stats

File Path                            PID    Runtime      # DAGs    # Errors  Last Runtime    Last Run
-----------------------------------  -----  ---------  --------  ----------  --------------  -------------------
/opt/airflow/dags/minio-to-kafka.py                           1           0  1.50s           2026-08-31T07:37:39
================================================================================
[2026-08-31T07:38:23.913+0000] {manager.py:878} INFO - 
================================================================================
DAG File Processing Stats

File Path                            PID    Runtime      # DAGs    # Errors  Last Runtime    Last Run
-----------------------------------  -----  ---------  --------  ----------  --------------  -------------------
/opt/airflow/dags/minio-to-kafka.py                           1           0  1.43s           2026-08-31T07:38:11
================================================================================
[2026-08-31T07:38:54.600+0000] {manager.py:878} INFO - 
================================================================================
DAG File Processing Stats

File Path                            PID    Runtime      # DAGs    # Errors  Last Runtime    Last Run
-----------------------------------  -----  ---------  --------  ----------  --------------  -------------------
/opt/airflow/dags/minio-to-kafka.py                           1           0  1.15s           2026-08-31T07:38:42
================================================================================
[2026-08-31T07:39:25.026+0000] {manager.py:878} INFO - 
================================================================================
DAG File Processing Stats

File Path                            PID    Runtime      # DAGs    # Errors  Last Runtime    Last Run
-----------------------------------  -----  ---------  --------  ----------  --------------  -------------------
/opt/airflow/dags/minio-to-kafka.py                           1           0  1.33s           2026-08-31T07:39:14
================================================================================
[2026-08-31T07:39:55.494+0000] {manager.py:878} INFO - 
================================================================================
DAG File Processing Stats

File Path                            PID    Runtime      # DAGs    # Errors  Last Runtime    Last Run
-----------------------------------  -----  ---------  --------  ----------  --------------  -------------------
/opt/airflow/dags/minio-to-kafka.py                           1           0  1.30s           2026-08-31T07:39:45
================================================================================
[2026-08-31T07:40:25.908+0000] {manager.py:878} INFO - 
================================================================================
DAG File Processing Stats

File Path                            PID    Runtime      # DAGs    # Errors  Last Runtime    Last Run
-----------------------------------  -----  ---------  --------  ----------  --------------  -------------------
/opt/airflow/dags/minio-to-kafka.py                           1           0  1.59s           2026-08-31T07:40:17
================================================================================
[2026-08-31T07:40:53.642+0000] {manager.py:737} INFO - Searching for files in /opt/airflow/dags
[2026-08-31T07:40:53.706+0000] {manager.py:740} INFO - There are 1 files in /opt/airflow/dags
[2026-08-31T07:40:56.003+0000] {manager.py:878} INFO - 
================================================================================
DAG File Processing Stats

File Path                            PID    Runtime      # DAGs    # Errors  Last Runtime    Last Run
-----------------------------------  -----  ---------  --------  ----------  --------------  -------------------
/opt/airflow/dags/minio-to-kafka.py                           1           0  1.36s           2026-08-31T07:40:48
================================================================================
[2026-08-31T07:41:26.252+0000] {manager.py:878} INFO - 
================================================================================
DAG File Processing Stats

File Path                            PID    Runtime      # DAGs    # Errors  Last Runtime    Last Run
-----------------------------------  -----  ---------  --------  ----------  --------------  -------------------
/opt/airflow/dags/minio-to-kafka.py                           1           0  1.70s           2026-08-31T07:41:20
================================================================================
[2026-08-31T07:41:56.315+0000] {manager.py:878} INFO - 
================================================================================
DAG File Processing Stats

File Path                            PID    Runtime      # DAGs    # Errors  Last Runtime    Last Run
-----------------------------------  -----  ---------  --------  ----------  --------------  -------------------
/opt/airflow/dags/minio-to-kafka.py                           1           0  1.33s           2026-08-31T07:41:52
================================================================================
[2026-08-31T07:42:26.594+0000] {manager.py:878} INFO - 
================================================================================
DAG File Processing Stats

File Path                            PID    Runtime      # DAGs    # Errors  Last Runtime    Last Run
-----------------------------------  -----  ---------  --------  ----------  --------------  -------------------
/opt/airflow/dags/minio-to-kafka.py                           1           0  2.33s           2026-08-31T07:42:24
================================================================================
[2026-08-31T07:42:56.885+0000] {manager.py:878} INFO - 
================================================================================
DAG File Processing Stats

File Path                              PID  Runtime      # DAGs    # Errors  Last Runtime    Last Run
-----------------------------------  -----  ---------  --------  ----------  --------------  -------------------
/opt/airflow/dags/minio-to-kafka.py   3942  1.72s             1           0  2.33s           2026-08-31T07:42:24
================================================================================
[2026-08-31T07:43:27.043+0000] {manager.py:878} INFO - 
================================================================================
DAG File Processing Stats

File Path                            PID    Runtime      # DAGs    # Errors  Last Runtime    Last Run
-----------------------------------  -----  ---------  --------  ----------  --------------  -------------------
/opt/airflow/dags/minio-to-kafka.py                           1           0  2.05s           2026-08-31T07:42:57
================================================================================
[2026-08-31T07:43:57.318+0000] {manager.py:878} INFO - 
================================================================================
DAG File Processing Stats

File Path                            PID    Runtime      # DAGs    # Errors  Last Runtime    Last Run
-----------------------------------  -----  ---------  --------  ----------  --------------  -------------------
/opt/airflow/dags/minio-to-kafka.py                           1           0  4.21s           2026-08-31T07:43:32
================================================================================
[2026-08-31T07:44:28.090+0000] {manager.py:878} INFO - 
================================================================================
DAG File Processing Stats

File Path                            PID    Runtime      # DAGs    # Errors  Last Runtime    Last Run
-----------------------------------  -----  ---------  --------  ----------  --------------  -------------------
/opt/airflow/dags/minio-to-kafka.py                           1           0  1.50s           2026-08-31T07:44:03
================================================================================
[2026-08-31T07:44:58.446+0000] {manager.py:878} INFO - 
================================================================================
DAG File Processing Stats

File Path                            PID    Runtime      # DAGs    # Errors  Last Runtime    Last Run
-----------------------------------  -----  ---------  --------  ----------  --------------  -------------------
/opt/airflow/dags/minio-to-kafka.py                           1           0  1.11s           2026-08-31T07:44:35
================================================================================
[2026-08-31T07:45:28.491+0000] {manager.py:878} INFO - 
================================================================================
DAG File Processing Stats

File Path                            PID    Runtime      # DAGs    # Errors  Last Runtime    Last Run
-----------------------------------  -----  ---------  --------  ----------  --------------  -------------------
/opt/airflow/dags/minio-to-kafka.py                           1           0  1.76s           2026-08-31T07:45:07
================================================================================
[2026-08-31T07:45:54.057+0000] {manager.py:737} INFO - Searching for files in /opt/airflow/dags
[2026-08-31T07:45:54.104+0000] {manager.py:740} INFO - There are 1 files in /opt/airflow/dags
[2026-08-31T07:45:59.166+0000] {manager.py:878} INFO - 
================================================================================
DAG File Processing Stats

File Path                            PID    Runtime      # DAGs    # Errors  Last Runtime    Last Run
-----------------------------------  -----  ---------  --------  ----------  --------------  -------------------
/opt/airflow/dags/minio-to-kafka.py                           1           0  1.55s           2026-08-31T07:45:39
================================================================================
[2026-08-31T07:46:29.634+0000] {manager.py:878} INFO - 
================================================================================
DAG File Processing Stats

File Path                            PID    Runtime      # DAGs    # Errors  Last Runtime    Last Run
-----------------------------------  -----  ---------  --------  ----------  --------------  -------------------
/opt/airflow/dags/minio-to-kafka.py                           1           0  1.34s           2026-08-31T07:46:10
================================================================================
[2026-08-31T07:47:00.038+0000] {manager.py:878} INFO - 
================================================================================
DAG File Processing Stats

File Path                            PID    Runtime      # DAGs    # Errors  Last Runtime    Last Run
-----------------------------------  -----  ---------  --------  ----------  --------------  -------------------
/opt/airflow/dags/minio-to-kafka.py                           1           0  1.18s           2026-08-31T07:46:41
================================================================================
[2026-08-31T07:47:30.331+0000] {manager.py:878} INFO - 
================================================================================
DAG File Processing Stats

File Path                            PID    Runtime      # DAGs    # Errors  Last Runtime    Last Run
-----------------------------------  -----  ---------  --------  ----------  --------------  -------------------
/opt/airflow/dags/minio-to-kafka.py                           1           0  1.15s           2026-08-31T07:47:13
================================================================================
[2026-08-31T07:48:00.764+0000] {manager.py:878} INFO - 
================================================================================
DAG File Processing Stats

File Path                            PID    Runtime      # DAGs    # Errors  Last Runtime    Last Run
-----------------------------------  -----  ---------  --------  ----------  --------------  -------------------
/opt/airflow/dags/minio-to-kafka.py                           1           0  1.60s           2026-08-31T07:47:45
================================================================================
[2026-08-31T07:48:31.004+0000] {manager.py:878} INFO - 
================================================================================
DAG File Processing Stats

File Path                            PID    Runtime      # DAGs    # Errors  Last Runtime    Last Run
-----------------------------------  -----  ---------  --------  ----------  --------------  -------------------
/opt/airflow/dags/minio-to-kafka.py                           1           0  1.43s           2026-08-31T07:48:16
================================================================================
[2026-08-31T07:49:01.153+0000] {manager.py:878} INFO - 
================================================================================
DAG File Processing Stats

File Path                            PID    Runtime      # DAGs    # Errors  Last Runtime    Last Run
-----------------------------------  -----  ---------  --------  ----------  --------------  -------------------
/opt/airflow/dags/minio-to-kafka.py                           1           0  1.86s           2026-08-31T07:48:49
================================================================================
[2026-08-31T07:49:31.436+0000] {manager.py:878} INFO - 
================================================================================
DAG File Processing Stats

File Path                            PID    Runtime      # DAGs    # Errors  Last Runtime    Last Run
-----------------------------------  -----  ---------  --------  ----------  --------------  -------------------
/opt/airflow/dags/minio-to-kafka.py                           1           0  1.21s           2026-08-31T07:49:20
================================================================================
[2026-08-31T07:50:01.936+0000] {manager.py:878} INFO - 
================================================================================
DAG File Processing Stats

File Path                            PID    Runtime      # DAGs    # Errors  Last Runtime    Last Run
-----------------------------------  -----  ---------  --------  ----------  --------------  -------------------
/opt/airflow/dags/minio-to-kafka.py                           1           0  1.51s           2026-08-31T07:49:52
================================================================================
[2026-08-31T07:50:32.522+0000] {manager.py:878} INFO - 
================================================================================
DAG File Processing Stats

File Path                            PID    Runtime      # DAGs    # Errors  Last Runtime    Last Run
-----------------------------------  -----  ---------  --------  ----------  --------------  -------------------
/opt/airflow/dags/minio-to-kafka.py                           1           0  1.35s           2026-08-31T07:50:23
================================================================================
[2026-08-31T07:50:54.774+0000] {manager.py:737} INFO - Searching for files in /opt/airflow/dags
[2026-08-31T07:50:54.815+0000] {manager.py:740} INFO - There are 1 files in /opt/airflow/dags
[2026-08-31T07:51:02.923+0000] {manager.py:878} INFO - 
================================================================================
DAG File Processing Stats

File Path                            PID    Runtime      # DAGs    # Errors  Last Runtime    Last Run
-----------------------------------  -----  ---------  --------  ----------  --------------  -------------------
/opt/airflow/dags/minio-to-kafka.py                           1           0  1.94s           2026-08-31T07:50:55
================================================================================
[2026-08-31T07:51:33.295+0000] {manager.py:878} INFO - 
================================================================================
DAG File Processing Stats

File Path                            PID    Runtime      # DAGs    # Errors  Last Runtime    Last Run
-----------------------------------  -----  ---------  --------  ----------  --------------  -------------------
/opt/airflow/dags/minio-to-kafka.py                           1           0  5.34s           2026-08-31T07:51:31
================================================================================
[2026-08-31T07:52:03.356+0000] {manager.py:878} INFO - 
================================================================================
DAG File Processing Stats

File Path                              PID  Runtime      # DAGs    # Errors  Last Runtime    Last Run
-----------------------------------  -----  ---------  --------  ----------  --------------  -------------------
/opt/airflow/dags/minio-to-kafka.py   3993  1.47s             1           0  5.34s           2026-08-31T07:51:31
================================================================================
[2026-08-31T07:52:33.538+0000] {manager.py:878} INFO - 
================================================================================
DAG File Processing Stats

File Path                            PID    Runtime      # DAGs    # Errors  Last Runtime    Last Run
-----------------------------------  -----  ---------  --------  ----------  --------------  -------------------
/opt/airflow/dags/minio-to-kafka.py                           1           0  2.38s           2026-08-31T07:52:04
================================================================================
[2026-08-31T07:53:03.701+0000] {manager.py:878} INFO - 
================================================================================
DAG File Processing Stats

File Path                            PID    Runtime      # DAGs    # Errors  Last Runtime    Last Run
-----------------------------------  -----  ---------  --------  ----------  --------------  -------------------
/opt/airflow/dags/minio-to-kafka.py                           1           0  1.47s           2026-08-31T07:52:36
================================================================================
[2026-08-31T07:53:33.948+0000] {manager.py:878} INFO - 
================================================================================
DAG File Processing Stats

File Path                            PID    Runtime      # DAGs    # Errors  Last Runtime    Last Run
-----------------------------------  -----  ---------  --------  ----------  --------------  -------------------
/opt/airflow/dags/minio-to-kafka.py                           1           0  1.46s           2026-08-31T07:53:07
================================================================================
[2026-08-31T07:54:04.258+0000] {manager.py:878} INFO - 
================================================================================
DAG File Processing Stats

File Path                            PID    Runtime      # DAGs    # Errors  Last Runtime    Last Run
-----------------------------------  -----  ---------  --------  ----------  --------------  -------------------
/opt/airflow/dags/minio-to-kafka.py                           1           0  1.40s           2026-08-31T07:53:39
================================================================================
[2026-08-31T07:54:34.977+0000] {manager.py:878} INFO - 
================================================================================
DAG File Processing Stats

File Path                            PID    Runtime      # DAGs    # Errors  Last Runtime    Last Run
-----------------------------------  -----  ---------  --------  ----------  --------------  -------------------
/opt/airflow/dags/minio-to-kafka.py                           1           0  1.26s           2026-08-31T07:54:10
================================================================================
[2026-08-31T07:55:05.542+0000] {manager.py:878} INFO - 
================================================================================
DAG File Processing Stats

File Path                            PID    Runtime      # DAGs    # Errors  Last Runtime    Last Run
-----------------------------------  -----  ---------  --------  ----------  --------------  -------------------
/opt/airflow/dags/minio-to-kafka.py                           1           0  1.63s           2026-08-31T07:54:42
================================================================================
[2026-08-31T07:55:36.163+0000] {manager.py:878} INFO - 
================================================================================
DAG File Processing Stats

File Path                            PID    Runtime      # DAGs    # Errors  Last Runtime    Last Run
-----------------------------------  -----  ---------  --------  ----------  --------------  -------------------
/opt/airflow/dags/minio-to-kafka.py                           1           0  1.07s           2026-08-31T07:55:14
================================================================================
[2026-08-31T07:55:55.384+0000] {manager.py:737} INFO - Searching for files in /opt/airflow/dags
[2026-08-31T07:55:55.435+0000] {manager.py:740} INFO - There are 1 files in /opt/airflow/dags
[2026-08-31T07:56:06.555+0000] {manager.py:878} INFO - 
================================================================================
DAG File Processing Stats

File Path                            PID    Runtime      # DAGs    # Errors  Last Runtime    Last Run
-----------------------------------  -----  ---------  --------  ----------  --------------  -------------------
/opt/airflow/dags/minio-to-kafka.py                           1           0  1.28s           2026-08-31T07:55:45
================================================================================
[2026-08-31T07:56:36.867+0000] {manager.py:878} INFO - 
================================================================================
DAG File Processing Stats

File Path                            PID    Runtime      # DAGs    # Errors  Last Runtime    Last Run
-----------------------------------  -----  ---------  --------  ----------  --------------  -------------------
/opt/airflow/dags/minio-to-kafka.py                           1           0  1.07s           2026-08-31T07:56:16
================================================================================
[2026-08-31T07:57:07.215+0000] {manager.py:878} INFO - 
================================================================================
DAG File Processing Stats

File Path                            PID    Runtime      # DAGs    # Errors  Last Runtime    Last Run
-----------------------------------  -----  ---------  --------  ----------  --------------  -------------------
/opt/airflow/dags/minio-to-kafka.py                           1           0  1.33s           2026-08-31T07:56:48
================================================================================
[2026-08-31T07:57:37.840+0000] {manager.py:878} INFO - 
================================================================================
DAG File Processing Stats

File Path                            PID    Runtime      # DAGs    # Errors  Last Runtime    Last Run
-----------------------------------  -----  ---------  --------  ----------  --------------  -------------------
/opt/airflow/dags/minio-to-kafka.py                           1           0  1.11s           2026-08-31T07:57:19
================================================================================
[2026-08-31T07:58:08.145+0000] {manager.py:878} INFO - 
================================================================================
DAG File Processing Stats

File Path                            PID    Runtime      # DAGs    # Errors  Last Runtime    Last Run
-----------------------------------  -----  ---------  --------  ----------  --------------  -------------------
/opt/airflow/dags/minio-to-kafka.py                           1           0  1.14s           2026-08-31T07:57:51
================================================================================
[2026-08-31T07:58:38.202+0000] {manager.py:878} INFO - 
================================================================================
DAG File Processing Stats

File Path                            PID    Runtime      # DAGs    # Errors  Last Runtime    Last Run
-----------------------------------  -----  ---------  --------  ----------  --------------  -------------------
/opt/airflow/dags/minio-to-kafka.py                           1           0  1.84s           2026-08-31T07:58:23
================================================================================
[2026-08-31T07:59:08.226+0000] {manager.py:878} INFO - 
================================================================================
DAG File Processing Stats

File Path                            PID    Runtime      # DAGs    # Errors  Last Runtime    Last Run
-----------------------------------  -----  ---------  --------  ----------  --------------  -------------------
/opt/airflow/dags/minio-to-kafka.py                           1           0  8.33s           2026-08-31T07:59:02
================================================================================
[2026-08-31T07:59:38.501+0000] {manager.py:878} INFO - 
================================================================================
DAG File Processing Stats

File Path                            PID    Runtime      # DAGs    # Errors  Last Runtime    Last Run
-----------------------------------  -----  ---------  --------  ----------  --------------  -------------------
/opt/airflow/dags/minio-to-kafka.py                           1           0  2.15s           2026-08-31T07:59:34
================================================================================
[2026-08-31T08:00:08.789+0000] {manager.py:878} INFO - 
================================================================================
DAG File Processing Stats

File Path                              PID  Runtime      # DAGs    # Errors  Last Runtime    Last Run
-----------------------------------  -----  ---------  --------  ----------  --------------  -------------------
/opt/airflow/dags/minio-to-kafka.py   4039  3.09s             1           0  2.15s           2026-08-31T07:59:34
================================================================================
[2026-08-31T09:37:10.430+0000] {manager.py:470} INFO - Processing files using up to 2 processes at a time 
[2026-08-31T09:37:10.436+0000] {manager.py:471} INFO - Process each file at most once every 30 seconds
[2026-08-31T09:37:10.439+0000] {manager.py:472} INFO - Checking for new files in /opt/airflow/dags every 300 seconds
[2026-08-31T09:37:10.477+0000] {manager.py:737} INFO - Searching for files in /opt/airflow/dags
[2026-08-31T09:37:10.670+0000] {manager.py:740} INFO - There are 1 files in /opt/airflow/dags
[2026-08-31T09:37:11.460+0000] {manager.py:878} INFO - 
================================================================================
DAG File Processing Stats

File Path                              PID  Runtime      # DAGs    # Errors  Last Runtime    Last Run
-----------------------------------  -----  ---------  --------  ----------  --------------  ----------
/opt/airflow/dags/minio-to-kafka.py   4055  0.09s             0           0
================================================================================
[2026-08-31T09:37:42.916+0000] {manager.py:878} INFO - 
================================================================================
DAG File Processing Stats

File Path                            PID    Runtime      # DAGs    # Errors  Last Runtime    Last Run
-----------------------------------  -----  ---------  --------  ----------  --------------  -------------------
/opt/airflow/dags/minio-to-kafka.py                           1           0  7.71s           2026-08-31T09:37:18
================================================================================
[2026-08-31T09:38:11.473+0000] {manager.py:878} INFO - 
================================================================================
DAG File Processing Stats

File Path                            PID    Runtime      # DAGs    # Errors  Last Runtime    Last Run
-----------------------------------  -----  ---------  --------  ----------  --------------  -------------------
/opt/airflow/dags/minio-to-kafka.py                           1           0  1.89s           2026-08-31T09:37:50
================================================================================
[2026-08-31T09:38:42.372+0000] {manager.py:878} INFO - 
================================================================================
DAG File Processing Stats

File Path                            PID    Runtime      # DAGs    # Errors  Last Runtime    Last Run
-----------------------------------  -----  ---------  --------  ----------  --------------  -------------------
/opt/airflow/dags/minio-to-kafka.py                           1           0  1.90s           2026-08-31T09:38:23
================================================================================
[2026-08-31T09:39:12.833+0000] {manager.py:878} INFO - 
================================================================================
DAG File Processing Stats

File Path                            PID    Runtime      # DAGs    # Errors  Last Runtime    Last Run
-----------------------------------  -----  ---------  --------  ----------  --------------  -------------------
/opt/airflow/dags/minio-to-kafka.py                           1           0  5.77s           2026-08-31T09:38:59
================================================================================
[2026-08-31T09:39:43.559+0000] {manager.py:878} INFO - 
================================================================================
DAG File Processing Stats

File Path                            PID    Runtime      # DAGs    # Errors  Last Runtime    Last Run
-----------------------------------  -----  ---------  --------  ----------  --------------  -------------------
/opt/airflow/dags/minio-to-kafka.py                           1           0  13.10s          2026-08-31T09:39:42
================================================================================
[2026-08-31T09:40:13.973+0000] {manager.py:878} INFO - 
================================================================================
DAG File Processing Stats

File Path                              PID  Runtime      # DAGs    # Errors  Last Runtime    Last Run
-----------------------------------  -----  ---------  --------  ----------  --------------  -------------------
/opt/airflow/dags/minio-to-kafka.py   4102  1.08s             1           0  13.10s          2026-08-31T09:39:42
================================================================================
[2026-08-31T09:40:44.409+0000] {manager.py:878} INFO - 
================================================================================
DAG File Processing Stats

File Path                            PID    Runtime      # DAGs    # Errors  Last Runtime    Last Run
-----------------------------------  -----  ---------  --------  ----------  --------------  -------------------
/opt/airflow/dags/minio-to-kafka.py                           1           0  4.31s           2026-08-31T09:40:17
================================================================================
[2026-08-31T09:41:14.930+0000] {manager.py:878} INFO - 
================================================================================
DAG File Processing Stats

File Path                            PID    Runtime      # DAGs    # Errors  Last Runtime    Last Run
-----------------------------------  -----  ---------  --------  ----------  --------------  -------------------
/opt/airflow/dags/minio-to-kafka.py                           1           0  23.23s          2026-08-31T09:41:11
================================================================================
[2026-08-31T09:41:45.193+0000] {manager.py:878} INFO - 
================================================================================
DAG File Processing Stats

File Path                            PID    Runtime      # DAGs    # Errors  Last Runtime    Last Run
-----------------------------------  -----  ---------  --------  ----------  --------------  -------------------
/opt/airflow/dags/minio-to-kafka.py                           1           0  2.71s           2026-08-31T09:41:45
================================================================================
[2026-08-31T09:42:10.556+0000] {manager.py:737} INFO - Searching for files in /opt/airflow/dags
[2026-08-31T09:42:10.747+0000] {manager.py:740} INFO - There are 1 files in /opt/airflow/dags
[2026-08-31T09:42:15.569+0000] {manager.py:878} INFO - 
================================================================================
DAG File Processing Stats

File Path                              PID  Runtime      # DAGs    # Errors  Last Runtime    Last Run
-----------------------------------  -----  ---------  --------  ----------  --------------  -------------------
/opt/airflow/dags/minio-to-kafka.py   4111  0.02s             1           0  2.71s           2026-08-31T09:41:45
================================================================================
[2026-08-31T09:42:45.640+0000] {manager.py:878} INFO - 
================================================================================
DAG File Processing Stats

File Path                            PID    Runtime      # DAGs    # Errors  Last Runtime    Last Run
-----------------------------------  -----  ---------  --------  ----------  --------------  -------------------
/opt/airflow/dags/minio-to-kafka.py                           1           0  2.74s           2026-08-31T09:42:18
================================================================================
[2026-08-31T09:43:15.983+0000] {manager.py:878} INFO - 
================================================================================
DAG File Processing Stats

File Path                            PID    Runtime      # DAGs    # Errors  Last Runtime    Last Run
-----------------------------------  -----  ---------  --------  ----------  --------------  -------------------
/opt/airflow/dags/minio-to-kafka.py                           1           0  3.01s           2026-08-31T09:42:51
================================================================================
[2026-08-31T09:43:46.109+0000] {manager.py:878} INFO - 
================================================================================
DAG File Processing Stats

File Path                            PID    Runtime      # DAGs    # Errors  Last Runtime    Last Run
-----------------------------------  -----  ---------  --------  ----------  --------------  -------------------
/opt/airflow/dags/minio-to-kafka.py                           1           0  1.78s           2026-08-31T09:43:23
================================================================================
[2026-08-31T09:44:16.513+0000] {manager.py:878} INFO - 
================================================================================
DAG File Processing Stats

File Path                            PID    Runtime      # DAGs    # Errors  Last Runtime    Last Run
-----------------------------------  -----  ---------  --------  ----------  --------------  -------------------
/opt/airflow/dags/minio-to-kafka.py                           1           0  4.71s           2026-08-31T09:43:58
================================================================================
[2026-08-31T09:44:46.827+0000] {manager.py:878} INFO - 
================================================================================
DAG File Processing Stats

File Path                            PID    Runtime      # DAGs    # Errors  Last Runtime    Last Run
-----------------------------------  -----  ---------  --------  ----------  --------------  -------------------
/opt/airflow/dags/minio-to-kafka.py                           1           0  3.06s           2026-08-31T09:44:32
================================================================================
[2026-08-31T09:45:17.166+0000] {manager.py:878} INFO - 
================================================================================
DAG File Processing Stats

File Path                            PID    Runtime      # DAGs    # Errors  Last Runtime    Last Run
-----------------------------------  -----  ---------  --------  ----------  --------------  -------------------
/opt/airflow/dags/minio-to-kafka.py                           1           0  2.91s           2026-08-31T09:45:05
================================================================================
[2026-08-31T09:45:47.505+0000] {manager.py:878} INFO - 
================================================================================
DAG File Processing Stats

File Path                            PID    Runtime      # DAGs    # Errors  Last Runtime    Last Run
-----------------------------------  -----  ---------  --------  ----------  --------------  -------------------
/opt/airflow/dags/minio-to-kafka.py                           1           0  3.95s           2026-08-31T09:45:39
================================================================================
[2026-08-31T09:46:17.577+0000] {manager.py:878} INFO - 
================================================================================
DAG File Processing Stats

File Path                            PID    Runtime      # DAGs    # Errors  Last Runtime    Last Run
-----------------------------------  -----  ---------  --------  ----------  --------------  -------------------
/opt/airflow/dags/minio-to-kafka.py                           1           0  2.34s           2026-08-31T09:46:12
================================================================================
[2026-08-31T09:46:47.883+0000] {manager.py:878} INFO - 
================================================================================
DAG File Processing Stats

File Path                            PID    Runtime      # DAGs    # Errors  Last Runtime    Last Run
-----------------------------------  -----  ---------  --------  ----------  --------------  -------------------
/opt/airflow/dags/minio-to-kafka.py                           1           0  1.64s           2026-08-31T09:46:44
================================================================================
[2026-08-31T09:47:10.675+0000] {manager.py:737} INFO - Searching for files in /opt/airflow/dags
[2026-08-31T09:47:10.755+0000] {manager.py:740} INFO - There are 1 files in /opt/airflow/dags
[2026-08-31T09:47:17.959+0000] {manager.py:878} INFO - 
================================================================================
DAG File Processing Stats

File Path                            PID    Runtime      # DAGs    # Errors  Last Runtime    Last Run
-----------------------------------  -----  ---------  --------  ----------  --------------  -------------------
/opt/airflow/dags/minio-to-kafka.py                           1           0  2.25s           2026-08-31T09:47:17
================================================================================
[2026-08-31T09:47:48.469+0000] {manager.py:878} INFO - 
================================================================================
DAG File Processing Stats

File Path                              PID  Runtime      # DAGs    # Errors  Last Runtime    Last Run
-----------------------------------  -----  ---------  --------  ----------  --------------  -------------------
/opt/airflow/dags/minio-to-kafka.py   4141  1.11s             1           0  2.25s           2026-08-31T09:47:17
================================================================================
[2026-08-31T09:48:18.693+0000] {manager.py:878} INFO - 
================================================================================
DAG File Processing Stats

File Path                            PID    Runtime      # DAGs    # Errors  Last Runtime    Last Run
-----------------------------------  -----  ---------  --------  ----------  --------------  -------------------
/opt/airflow/dags/minio-to-kafka.py                           1           0  2.97s           2026-08-31T09:47:50
================================================================================
[2026-08-31T09:48:48.746+0000] {manager.py:878} INFO - 
================================================================================
DAG File Processing Stats

File Path                            PID    Runtime      # DAGs    # Errors  Last Runtime    Last Run
-----------------------------------  -----  ---------  --------  ----------  --------------  -------------------
/opt/airflow/dags/minio-to-kafka.py                           1           0  1.58s           2026-08-31T09:48:22
================================================================================
[2026-08-31T09:49:19.179+0000] {manager.py:878} INFO - 
================================================================================
DAG File Processing Stats

File Path                            PID    Runtime      # DAGs    # Errors  Last Runtime    Last Run
-----------------------------------  -----  ---------  --------  ----------  --------------  -------------------
/opt/airflow/dags/minio-to-kafka.py                           1           0  1.58s           2026-08-31T09:48:54
================================================================================
[2026-08-31T09:49:49.490+0000] {manager.py:878} INFO - 
================================================================================
DAG File Processing Stats

File Path                            PID    Runtime      # DAGs    # Errors  Last Runtime    Last Run
-----------------------------------  -----  ---------  --------  ----------  --------------  -------------------
/opt/airflow/dags/minio-to-kafka.py                           1           0  1.50s           2026-08-31T09:49:26
================================================================================
[2026-08-31T09:50:19.863+0000] {manager.py:878} INFO - 
================================================================================
DAG File Processing Stats

File Path                            PID    Runtime      # DAGs    # Errors  Last Runtime    Last Run
-----------------------------------  -----  ---------  --------  ----------  --------------  -------------------
/opt/airflow/dags/minio-to-kafka.py                           1           0  1.19s           2026-08-31T09:49:57
================================================================================
[2026-08-31T09:50:50.278+0000] {manager.py:878} INFO - 
================================================================================
DAG File Processing Stats

File Path                            PID    Runtime      # DAGs    # Errors  Last Runtime    Last Run
-----------------------------------  -----  ---------  --------  ----------  --------------  -------------------
/opt/airflow/dags/minio-to-kafka.py                           1           0  2.07s           2026-08-31T09:50:30
================================================================================
[2026-08-31T09:51:20.732+0000] {manager.py:878} INFO - 
================================================================================
DAG File Processing Stats

File Path                            PID    Runtime      # DAGs    # Errors  Last Runtime    Last Run
-----------------------------------  -----  ---------  --------  ----------  --------------  -------------------
/opt/airflow/dags/minio-to-kafka.py                           1           0  1.44s           2026-08-31T09:51:01
================================================================================
[2026-08-31T09:51:50.780+0000] {manager.py:878} INFO - 
================================================================================
DAG File Processing Stats

File Path                            PID    Runtime      # DAGs    # Errors  Last Runtime    Last Run
-----------------------------------  -----  ---------  --------  ----------  --------------  -------------------
/opt/airflow/dags/minio-to-kafka.py                           1           0  5.63s           2026-08-31T09:51:37
================================================================================
[2026-08-31T09:52:11.039+0000] {manager.py:737} INFO - Searching for files in /opt/airflow/dags
[2026-08-31T09:52:11.206+0000] {manager.py:740} INFO - There are 1 files in /opt/airflow/dags
