[2026-08-31T00:00:12.567+0000] {processor.py:161} INFO - Started process (PID=2840) to work on /opt/airflow/dags/minio-to-kafka.py
[2026-08-31T00:00:12.570+0000] {processor.py:830} INFO - Processing file /opt/airflow/dags/minio-to-kafka.py for tasks to queue
[2026-08-31T00:00:12.576+0000] {logging_mixin.py:188} INFO - [2026-08-31T00:00:12.575+0000] {dagbag.py:545} INFO - Filling up the DagBag from /opt/airflow/dags/minio-to-kafka.py
[2026-08-31T00:00:13.463+0000] {processor.py:840} INFO - DAG(s) 'spotify_minio_to_snowflake_bronze' retrieved from /opt/airflow/dags/minio-to-kafka.py
[2026-08-31T00:00:13.540+0000] {logging_mixin.py:188} INFO - [2026-08-31T00:00:13.539+0000] {dag.py:3089} INFO - Sync 1 DAGs
[2026-08-31T00:00:13.609+0000] {logging_mixin.py:188} INFO - [2026-08-31T00:00:13.608+0000] {dag.py:3947} INFO - Setting next_dagrun for spotify_minio_to_snowflake_bronze to 2026-08-31 00:00:00+00:00, run_after=2026-08-31 01:00:00+00:00
[2026-08-31T00:00:14.481+0000] {processor.py:183} INFO - Processing /opt/airflow/dags/minio-to-kafka.py took 1.933 seconds
[2026-08-31T00:00:44.915+0000] {processor.py:161} INFO - Started process (PID=2845) to work on /opt/airflow/dags/minio-to-kafka.py
[2026-08-31T00:00:44.920+0000] {processor.py:830} INFO - Processing file /opt/airflow/dags/minio-to-kafka.py for tasks to queue
[2026-08-31T00:00:44.932+0000] {logging_mixin.py:188} INFO - [2026-08-31T00:00:44.930+0000] {dagbag.py:545} INFO - Filling up the DagBag from /opt/airflow/dags/minio-to-kafka.py
[2026-08-31T00:00:45.853+0000] {processor.py:840} INFO - DAG(s) 'spotify_minio_to_snowflake_bronze' retrieved from /opt/airflow/dags/minio-to-kafka.py
[2026-08-31T00:00:45.895+0000] {logging_mixin.py:188} INFO - [2026-08-31T00:00:45.895+0000] {dag.py:3089} INFO - Sync 1 DAGs
[2026-08-31T00:00:46.156+0000] {logging_mixin.py:188} INFO - [2026-08-31T00:00:46.156+0000] {dag.py:3947} INFO - Setting next_dagrun for spotify_minio_to_snowflake_bronze to 2026-08-31 00:00:00+00:00, run_after=2026-08-31 01:00:00+00:00
[2026-08-31T00:00:46.185+0000] {processor.py:183} INFO - Processing /opt/airflow/dags/minio-to-kafka.py took 1.303 seconds
[2026-08-31T00:01:16.481+0000] {processor.py:161} INFO - Started process (PID=2848) to work on /opt/airflow/dags/minio-to-kafka.py
[2026-08-31T00:01:16.484+0000] {processor.py:830} INFO - Processing file /opt/airflow/dags/minio-to-kafka.py for tasks to queue
[2026-08-31T00:01:16.490+0000] {logging_mixin.py:188} INFO - [2026-08-31T00:01:16.490+0000] {dagbag.py:545} INFO - Filling up the DagBag from /opt/airflow/dags/minio-to-kafka.py
[2026-08-31T00:01:17.385+0000] {processor.py:840} INFO - DAG(s) 'spotify_minio_to_snowflake_bronze' retrieved from /opt/airflow/dags/minio-to-kafka.py
[2026-08-31T00:01:17.431+0000] {logging_mixin.py:188} INFO - [2026-08-31T00:01:17.430+0000] {dag.py:3089} INFO - Sync 1 DAGs
[2026-08-31T00:01:17.691+0000] {logging_mixin.py:188} INFO - [2026-08-31T00:01:17.691+0000] {dag.py:3947} INFO - Setting next_dagrun for spotify_minio_to_snowflake_bronze to 2026-08-31 00:00:00+00:00, run_after=2026-08-31 01:00:00+00:00
[2026-08-31T00:01:17.723+0000] {processor.py:183} INFO - Processing /opt/airflow/dags/minio-to-kafka.py took 1.253 seconds
[2026-08-31T00:01:48.043+0000] {processor.py:161} INFO - Started process (PID=2851) to work on /opt/airflow/dags/minio-to-kafka.py
[2026-08-31T00:01:48.045+0000] {processor.py:830} INFO - Processing file /opt/airflow/dags/minio-to-kafka.py for tasks to queue
[2026-08-31T00:01:48.049+0000] {logging_mixin.py:188} INFO - [2026-08-31T00:01:48.048+0000] {dagbag.py:545} INFO - Filling up the DagBag from /opt/airflow/dags/minio-to-kafka.py
[2026-08-31T00:01:48.892+0000] {processor.py:840} INFO - DAG(s) 'spotify_minio_to_snowflake_bronze' retrieved from /opt/airflow/dags/minio-to-kafka.py
[2026-08-31T00:01:48.930+0000] {logging_mixin.py:188} INFO - [2026-08-31T00:01:48.929+0000] {dag.py:3089} INFO - Sync 1 DAGs
[2026-08-31T00:01:48.960+0000] {logging_mixin.py:188} INFO - [2026-08-31T00:01:48.959+0000] {dag.py:3947} INFO - Setting next_dagrun for spotify_minio_to_snowflake_bronze to 2026-08-31 00:00:00+00:00, run_after=2026-08-31 01:00:00+00:00
[2026-08-31T00:01:48.986+0000] {processor.py:183} INFO - Processing /opt/airflow/dags/minio-to-kafka.py took 0.950 seconds
[2026-08-31T00:02:19.310+0000] {processor.py:161} INFO - Started process (PID=2854) to work on /opt/airflow/dags/minio-to-kafka.py
[2026-08-31T00:02:19.312+0000] {processor.py:830} INFO - Processing file /opt/airflow/dags/minio-to-kafka.py for tasks to queue
[2026-08-31T00:02:19.317+0000] {logging_mixin.py:188} INFO - [2026-08-31T00:02:19.316+0000] {dagbag.py:545} INFO - Filling up the DagBag from /opt/airflow/dags/minio-to-kafka.py
[2026-08-31T00:02:20.495+0000] {processor.py:840} INFO - DAG(s) 'spotify_minio_to_snowflake_bronze' retrieved from /opt/airflow/dags/minio-to-kafka.py
[2026-08-31T00:02:20.561+0000] {logging_mixin.py:188} INFO - [2026-08-31T00:02:20.561+0000] {dag.py:3089} INFO - Sync 1 DAGs
[2026-08-31T00:02:20.592+0000] {logging_mixin.py:188} INFO - [2026-08-31T00:02:20.591+0000] {dag.py:3947} INFO - Setting next_dagrun for spotify_minio_to_snowflake_bronze to 2026-08-31 00:00:00+00:00, run_after=2026-08-31 01:00:00+00:00
[2026-08-31T00:02:20.889+0000] {processor.py:183} INFO - Processing /opt/airflow/dags/minio-to-kafka.py took 1.590 seconds
[2026-08-31T00:02:51.271+0000] {processor.py:161} INFO - Started process (PID=2857) to work on /opt/airflow/dags/minio-to-kafka.py
[2026-08-31T00:02:51.272+0000] {processor.py:830} INFO - Processing file /opt/airflow/dags/minio-to-kafka.py for tasks to queue
[2026-08-31T00:02:51.276+0000] {logging_mixin.py:188} INFO - [2026-08-31T00:02:51.276+0000] {dagbag.py:545} INFO - Filling up the DagBag from /opt/airflow/dags/minio-to-kafka.py
[2026-08-31T00:02:51.958+0000] {processor.py:840} INFO - DAG(s) 'spotify_minio_to_snowflake_bronze' retrieved from /opt/airflow/dags/minio-to-kafka.py
[2026-08-31T00:02:51.993+0000] {logging_mixin.py:188} INFO - [2026-08-31T00:02:51.992+0000] {dag.py:3089} INFO - Sync 1 DAGs
[2026-08-31T00:02:52.363+0000] {logging_mixin.py:188} INFO - [2026-08-31T00:02:52.362+0000] {dag.py:3947} INFO - Setting next_dagrun for spotify_minio_to_snowflake_bronze to 2026-08-31 00:00:00+00:00, run_after=2026-08-31 01:00:00+00:00
[2026-08-31T00:02:52.399+0000] {processor.py:183} INFO - Processing /opt/airflow/dags/minio-to-kafka.py took 1.154 seconds
[2026-08-31T00:03:22.546+0000] {processor.py:161} INFO - Started process (PID=2860) to work on /opt/airflow/dags/minio-to-kafka.py
[2026-08-31T00:03:22.548+0000] {processor.py:830} INFO - Processing file /opt/airflow/dags/minio-to-kafka.py for tasks to queue
[2026-08-31T00:03:22.553+0000] {logging_mixin.py:188} INFO - [2026-08-31T00:03:22.552+0000] {dagbag.py:545} INFO - Filling up the DagBag from /opt/airflow/dags/minio-to-kafka.py
[2026-08-31T00:03:23.725+0000] {processor.py:840} INFO - DAG(s) 'spotify_minio_to_snowflake_bronze' retrieved from /opt/airflow/dags/minio-to-kafka.py
[2026-08-31T00:03:23.765+0000] {logging_mixin.py:188} INFO - [2026-08-31T00:03:23.765+0000] {dag.py:3089} INFO - Sync 1 DAGs
[2026-08-31T00:03:23.982+0000] {logging_mixin.py:188} INFO - [2026-08-31T00:03:23.982+0000] {dag.py:3947} INFO - Setting next_dagrun for spotify_minio_to_snowflake_bronze to 2026-08-31 00:00:00+00:00, run_after=2026-08-31 01:00:00+00:00
[2026-08-31T00:03:24.007+0000] {processor.py:183} INFO - Processing /opt/airflow/dags/minio-to-kafka.py took 1.482 seconds
[2026-08-31T00:03:54.340+0000] {processor.py:161} INFO - Started process (PID=2863) to work on /opt/airflow/dags/minio-to-kafka.py
[2026-08-31T00:03:54.343+0000] {processor.py:830} INFO - Processing file /opt/airflow/dags/minio-to-kafka.py for tasks to queue
[2026-08-31T00:03:54.346+0000] {logging_mixin.py:188} INFO - [2026-08-31T00:03:54.346+0000] {dagbag.py:545} INFO - Filling up the DagBag from /opt/airflow/dags/minio-to-kafka.py
[2026-08-31T00:03:55.357+0000] {processor.py:840} INFO - DAG(s) 'spotify_minio_to_snowflake_bronze' retrieved from /opt/airflow/dags/minio-to-kafka.py
[2026-08-31T00:03:55.407+0000] {logging_mixin.py:188} INFO - [2026-08-31T00:03:55.406+0000] {dag.py:3089} INFO - Sync 1 DAGs
[2026-08-31T00:03:55.438+0000] {logging_mixin.py:188} INFO - [2026-08-31T00:03:55.438+0000] {dag.py:3947} INFO - Setting next_dagrun for spotify_minio_to_snowflake_bronze to 2026-08-31 00:00:00+00:00, run_after=2026-08-31 01:00:00+00:00
[2026-08-31T00:03:55.465+0000] {processor.py:183} INFO - Processing /opt/airflow/dags/minio-to-kafka.py took 1.145 seconds
[2026-08-31T00:04:25.650+0000] {processor.py:161} INFO - Started process (PID=2866) to work on /opt/airflow/dags/minio-to-kafka.py
[2026-08-31T00:04:25.652+0000] {processor.py:830} INFO - Processing file /opt/airflow/dags/minio-to-kafka.py for tasks to queue
[2026-08-31T00:04:25.655+0000] {logging_mixin.py:188} INFO - [2026-08-31T00:04:25.655+0000] {dagbag.py:545} INFO - Filling up the DagBag from /opt/airflow/dags/minio-to-kafka.py
[2026-08-31T00:04:26.460+0000] {processor.py:840} INFO - DAG(s) 'spotify_minio_to_snowflake_bronze' retrieved from /opt/airflow/dags/minio-to-kafka.py
[2026-08-31T00:04:26.515+0000] {logging_mixin.py:188} INFO - [2026-08-31T00:04:26.515+0000] {dag.py:3089} INFO - Sync 1 DAGs
[2026-08-31T00:04:26.560+0000] {logging_mixin.py:188} INFO - [2026-08-31T00:04:26.560+0000] {dag.py:3947} INFO - Setting next_dagrun for spotify_minio_to_snowflake_bronze to 2026-08-31 00:00:00+00:00, run_after=2026-08-31 01:00:00+00:00
[2026-08-31T00:04:27.447+0000] {processor.py:183} INFO - Processing /opt/airflow/dags/minio-to-kafka.py took 1.805 seconds
[2026-08-31T00:04:57.802+0000] {processor.py:161} INFO - Started process (PID=2869) to work on /opt/airflow/dags/minio-to-kafka.py
[2026-08-31T00:04:57.805+0000] {processor.py:830} INFO - Processing file /opt/airflow/dags/minio-to-kafka.py for tasks to queue
[2026-08-31T00:04:57.808+0000] {logging_mixin.py:188} INFO - [2026-08-31T00:04:57.808+0000] {dagbag.py:545} INFO - Filling up the DagBag from /opt/airflow/dags/minio-to-kafka.py
[2026-08-31T00:04:58.647+0000] {processor.py:840} INFO - DAG(s) 'spotify_minio_to_snowflake_bronze' retrieved from /opt/airflow/dags/minio-to-kafka.py
[2026-08-31T00:04:58.694+0000] {logging_mixin.py:188} INFO - [2026-08-31T00:04:58.693+0000] {dag.py:3089} INFO - Sync 1 DAGs
[2026-08-31T00:04:58.980+0000] {logging_mixin.py:188} INFO - [2026-08-31T00:04:58.980+0000] {dag.py:3947} INFO - Setting next_dagrun for spotify_minio_to_snowflake_bronze to 2026-08-31 00:00:00+00:00, run_after=2026-08-31 01:00:00+00:00
[2026-08-31T00:04:59.027+0000] {processor.py:183} INFO - Processing /opt/airflow/dags/minio-to-kafka.py took 1.262 seconds
[2026-08-31T00:05:29.274+0000] {processor.py:161} INFO - Started process (PID=2872) to work on /opt/airflow/dags/minio-to-kafka.py
[2026-08-31T00:05:29.277+0000] {processor.py:830} INFO - Processing file /opt/airflow/dags/minio-to-kafka.py for tasks to queue
[2026-08-31T00:05:29.286+0000] {logging_mixin.py:188} INFO - [2026-08-31T00:05:29.285+0000] {dagbag.py:545} INFO - Filling up the DagBag from /opt/airflow/dags/minio-to-kafka.py
[2026-08-31T00:05:30.224+0000] {processor.py:840} INFO - DAG(s) 'spotify_minio_to_snowflake_bronze' retrieved from /opt/airflow/dags/minio-to-kafka.py
[2026-08-31T00:05:30.276+0000] {logging_mixin.py:188} INFO - [2026-08-31T00:05:30.275+0000] {dag.py:3089} INFO - Sync 1 DAGs
[2026-08-31T00:05:30.604+0000] {logging_mixin.py:188} INFO - [2026-08-31T00:05:30.604+0000] {dag.py:3947} INFO - Setting next_dagrun for spotify_minio_to_snowflake_bronze to 2026-08-31 00:00:00+00:00, run_after=2026-08-31 01:00:00+00:00
[2026-08-31T00:05:30.634+0000] {processor.py:183} INFO - Processing /opt/airflow/dags/minio-to-kafka.py took 1.368 seconds
[2026-08-31T04:50:52.532+0000] {processor.py:161} INFO - Started process (PID=2876) to work on /opt/airflow/dags/minio-to-kafka.py
[2026-08-31T04:50:52.559+0000] {processor.py:830} INFO - Processing file /opt/airflow/dags/minio-to-kafka.py for tasks to queue
[2026-08-31T04:50:52.679+0000] {logging_mixin.py:188} INFO - [2026-08-31T04:50:52.668+0000] {dagbag.py:545} INFO - Filling up the DagBag from /opt/airflow/dags/minio-to-kafka.py
[2026-08-31T04:51:05.395+0000] {processor.py:840} INFO - DAG(s) 'spotify_minio_to_snowflake_bronze' retrieved from /opt/airflow/dags/minio-to-kafka.py
[2026-08-31T04:51:10.961+0000] {logging_mixin.py:188} INFO - [2026-08-31T04:51:10.959+0000] {dag.py:3089} INFO - Sync 1 DAGs
[2026-08-31T04:51:11.091+0000] {logging_mixin.py:188} INFO - [2026-08-31T04:51:11.090+0000] {dag.py:3947} INFO - Setting next_dagrun for spotify_minio_to_snowflake_bronze to 2026-08-31 03:00:00+00:00, run_after=2026-08-31 04:00:00+00:00
[2026-08-31T04:51:11.182+0000] {processor.py:183} INFO - Processing /opt/airflow/dags/minio-to-kafka.py took 19.562 seconds
[2026-08-31T04:51:41.905+0000] {processor.py:161} INFO - Started process (PID=2900) to work on /opt/airflow/dags/minio-to-kafka.py
[2026-08-31T04:51:41.919+0000] {processor.py:830} INFO - Processing file /opt/airflow/dags/minio-to-kafka.py for tasks to queue
[2026-08-31T04:51:41.952+0000] {logging_mixin.py:188} INFO - [2026-08-31T04:51:41.948+0000] {dagbag.py:545} INFO - Filling up the DagBag from /opt/airflow/dags/minio-to-kafka.py
[2026-08-31T04:51:45.305+0000] {processor.py:840} INFO - DAG(s) 'spotify_minio_to_snowflake_bronze' retrieved from /opt/airflow/dags/minio-to-kafka.py
[2026-08-31T04:51:45.601+0000] {logging_mixin.py:188} INFO - [2026-08-31T04:51:45.600+0000] {dag.py:3089} INFO - Sync 1 DAGs
[2026-08-31T04:51:45.876+0000] {logging_mixin.py:188} INFO - [2026-08-31T04:51:45.876+0000] {dag.py:3947} INFO - Setting next_dagrun for spotify_minio_to_snowflake_bronze to 2026-08-31 04:00:00+00:00, run_after=2026-08-31 05:00:00+00:00
[2026-08-31T04:51:49.903+0000] {processor.py:183} INFO - Processing /opt/airflow/dags/minio-to-kafka.py took 8.092 seconds
[2026-08-31T04:52:20.989+0000] {processor.py:161} INFO - Started process (PID=2925) to work on /opt/airflow/dags/minio-to-kafka.py
[2026-08-31T04:52:20.992+0000] {processor.py:830} INFO - Processing file /opt/airflow/dags/minio-to-kafka.py for tasks to queue
[2026-08-31T04:52:20.996+0000] {logging_mixin.py:188} INFO - [2026-08-31T04:52:20.995+0000] {dagbag.py:545} INFO - Filling up the DagBag from /opt/airflow/dags/minio-to-kafka.py
[2026-08-31T04:52:21.866+0000] {processor.py:840} INFO - DAG(s) 'spotify_minio_to_snowflake_bronze' retrieved from /opt/airflow/dags/minio-to-kafka.py
[2026-08-31T04:52:21.906+0000] {logging_mixin.py:188} INFO - [2026-08-31T04:52:21.906+0000] {dag.py:3089} INFO - Sync 1 DAGs
[2026-08-31T04:52:22.129+0000] {logging_mixin.py:188} INFO - [2026-08-31T04:52:22.129+0000] {dag.py:3947} INFO - Setting next_dagrun for spotify_minio_to_snowflake_bronze to 2026-08-31 04:00:00+00:00, run_after=2026-08-31 05:00:00+00:00
[2026-08-31T04:52:22.157+0000] {processor.py:183} INFO - Processing /opt/airflow/dags/minio-to-kafka.py took 1.179 seconds
[2026-08-31T04:52:54.511+0000] {processor.py:161} INFO - Started process (PID=2928) to work on /opt/airflow/dags/minio-to-kafka.py
[2026-08-31T04:52:54.799+0000] {processor.py:830} INFO - Processing file /opt/airflow/dags/minio-to-kafka.py for tasks to queue
[2026-08-31T04:52:54.803+0000] {logging_mixin.py:188} INFO - [2026-08-31T04:52:54.803+0000] {dagbag.py:545} INFO - Filling up the DagBag from /opt/airflow/dags/minio-to-kafka.py
[2026-08-31T04:52:56.804+0000] {processor.py:840} INFO - DAG(s) 'spotify_minio_to_snowflake_bronze' retrieved from /opt/airflow/dags/minio-to-kafka.py
[2026-08-31T04:52:56.919+0000] {logging_mixin.py:188} INFO - [2026-08-31T04:52:56.918+0000] {dag.py:3089} INFO - Sync 1 DAGs
[2026-08-31T04:52:57.640+0000] {logging_mixin.py:188} INFO - [2026-08-31T04:52:57.639+0000] {dag.py:3947} INFO - Setting next_dagrun for spotify_minio_to_snowflake_bronze to 2026-08-31 04:00:00+00:00, run_after=2026-08-31 05:00:00+00:00
[2026-08-31T04:52:57.678+0000] {processor.py:183} INFO - Processing /opt/airflow/dags/minio-to-kafka.py took 3.327 seconds
[2026-08-31T04:53:27.828+0000] {processor.py:161} INFO - Started process (PID=2931) to work on /opt/airflow/dags/minio-to-kafka.py
[2026-08-31T04:53:27.836+0000] {processor.py:830} INFO - Processing file /opt/airflow/dags/minio-to-kafka.py for tasks to queue
[2026-08-31T04:53:27.851+0000] {logging_mixin.py:188} INFO - [2026-08-31T04:53:27.845+0000] {dagbag.py:545} INFO - Filling up the DagBag from /opt/airflow/dags/minio-to-kafka.py
[2026-08-31T04:53:29.184+0000] {processor.py:840} INFO - DAG(s) 'spotify_minio_to_snowflake_bronze' retrieved from /opt/airflow/dags/minio-to-kafka.py
[2026-08-31T04:53:29.248+0000] {logging_mixin.py:188} INFO - [2026-08-31T04:53:29.247+0000] {dag.py:3089} INFO - Sync 1 DAGs
[2026-08-31T04:53:29.304+0000] {logging_mixin.py:188} INFO - [2026-08-31T04:53:29.304+0000] {dag.py:3947} INFO - Setting next_dagrun for spotify_minio_to_snowflake_bronze to 2026-08-31 04:00:00+00:00, run_after=2026-08-31 05:00:00+00:00
[2026-08-31T04:53:29.347+0000] {processor.py:183} INFO - Processing /opt/airflow/dags/minio-to-kafka.py took 1.548 seconds
[2026-08-31T04:53:59.702+0000] {processor.py:161} INFO - Started process (PID=2934) to work on /opt/airflow/dags/minio-to-kafka.py
[2026-08-31T04:53:59.705+0000] {processor.py:830} INFO - Processing file /opt/airflow/dags/minio-to-kafka.py for tasks to queue
[2026-08-31T04:53:59.708+0000] {logging_mixin.py:188} INFO - [2026-08-31T04:53:59.707+0000] {dagbag.py:545} INFO - Filling up the DagBag from /opt/airflow/dags/minio-to-kafka.py
[2026-08-31T04:54:01.079+0000] {processor.py:840} INFO - DAG(s) 'spotify_minio_to_snowflake_bronze' retrieved from /opt/airflow/dags/minio-to-kafka.py
[2026-08-31T04:54:01.124+0000] {logging_mixin.py:188} INFO - [2026-08-31T04:54:01.124+0000] {dag.py:3089} INFO - Sync 1 DAGs
[2026-08-31T04:54:01.214+0000] {logging_mixin.py:188} INFO - [2026-08-31T04:54:01.213+0000] {dag.py:3947} INFO - Setting next_dagrun for spotify_minio_to_snowflake_bronze to 2026-08-31 04:00:00+00:00, run_after=2026-08-31 05:00:00+00:00
[2026-08-31T04:54:01.742+0000] {processor.py:183} INFO - Processing /opt/airflow/dags/minio-to-kafka.py took 2.049 seconds
[2026-08-31T04:54:32.017+0000] {processor.py:161} INFO - Started process (PID=2937) to work on /opt/airflow/dags/minio-to-kafka.py
[2026-08-31T04:54:32.019+0000] {processor.py:830} INFO - Processing file /opt/airflow/dags/minio-to-kafka.py for tasks to queue
[2026-08-31T04:54:32.023+0000] {logging_mixin.py:188} INFO - [2026-08-31T04:54:32.023+0000] {dagbag.py:545} INFO - Filling up the DagBag from /opt/airflow/dags/minio-to-kafka.py
[2026-08-31T04:54:33.149+0000] {processor.py:840} INFO - DAG(s) 'spotify_minio_to_snowflake_bronze' retrieved from /opt/airflow/dags/minio-to-kafka.py
[2026-08-31T04:54:33.218+0000] {logging_mixin.py:188} INFO - [2026-08-31T04:54:33.217+0000] {dag.py:3089} INFO - Sync 1 DAGs
[2026-08-31T04:54:34.315+0000] {logging_mixin.py:188} INFO - [2026-08-31T04:54:34.314+0000] {dag.py:3947} INFO - Setting next_dagrun for spotify_minio_to_snowflake_bronze to 2026-08-31 04:00:00+00:00, run_after=2026-08-31 05:00:00+00:00
[2026-08-31T04:54:34.373+0000] {processor.py:183} INFO - Processing /opt/airflow/dags/minio-to-kafka.py took 2.369 seconds
[2026-08-31T04:55:04.742+0000] {processor.py:161} INFO - Started process (PID=2940) to work on /opt/airflow/dags/minio-to-kafka.py
[2026-08-31T04:55:04.749+0000] {processor.py:830} INFO - Processing file /opt/airflow/dags/minio-to-kafka.py for tasks to queue
[2026-08-31T04:55:04.761+0000] {logging_mixin.py:188} INFO - [2026-08-31T04:55:04.761+0000] {dagbag.py:545} INFO - Filling up the DagBag from /opt/airflow/dags/minio-to-kafka.py
[2026-08-31T04:55:05.590+0000] {processor.py:840} INFO - DAG(s) 'spotify_minio_to_snowflake_bronze' retrieved from /opt/airflow/dags/minio-to-kafka.py
[2026-08-31T04:55:05.659+0000] {logging_mixin.py:188} INFO - [2026-08-31T04:55:05.658+0000] {dag.py:3089} INFO - Sync 1 DAGs
[2026-08-31T04:55:05.946+0000] {logging_mixin.py:188} INFO - [2026-08-31T04:55:05.946+0000] {dag.py:3947} INFO - Setting next_dagrun for spotify_minio_to_snowflake_bronze to 2026-08-31 04:00:00+00:00, run_after=2026-08-31 05:00:00+00:00
[2026-08-31T04:55:05.978+0000] {processor.py:183} INFO - Processing /opt/airflow/dags/minio-to-kafka.py took 1.269 seconds
[2026-08-31T04:55:36.335+0000] {processor.py:161} INFO - Started process (PID=2943) to work on /opt/airflow/dags/minio-to-kafka.py
[2026-08-31T04:55:36.336+0000] {processor.py:830} INFO - Processing file /opt/airflow/dags/minio-to-kafka.py for tasks to queue
[2026-08-31T04:55:36.339+0000] {logging_mixin.py:188} INFO - [2026-08-31T04:55:36.339+0000] {dagbag.py:545} INFO - Filling up the DagBag from /opt/airflow/dags/minio-to-kafka.py
[2026-08-31T04:55:37.114+0000] {processor.py:840} INFO - DAG(s) 'spotify_minio_to_snowflake_bronze' retrieved from /opt/airflow/dags/minio-to-kafka.py
[2026-08-31T04:55:37.156+0000] {logging_mixin.py:188} INFO - [2026-08-31T04:55:37.155+0000] {dag.py:3089} INFO - Sync 1 DAGs
[2026-08-31T04:55:37.188+0000] {logging_mixin.py:188} INFO - [2026-08-31T04:55:37.187+0000] {dag.py:3947} INFO - Setting next_dagrun for spotify_minio_to_snowflake_bronze to 2026-08-31 04:00:00+00:00, run_after=2026-08-31 05:00:00+00:00
[2026-08-31T04:55:37.216+0000] {processor.py:183} INFO - Processing /opt/airflow/dags/minio-to-kafka.py took 0.888 seconds
[2026-08-31T04:56:07.298+0000] {processor.py:161} INFO - Started process (PID=2946) to work on /opt/airflow/dags/minio-to-kafka.py
[2026-08-31T04:56:07.300+0000] {processor.py:830} INFO - Processing file /opt/airflow/dags/minio-to-kafka.py for tasks to queue
[2026-08-31T04:56:07.303+0000] {logging_mixin.py:188} INFO - [2026-08-31T04:56:07.302+0000] {dagbag.py:545} INFO - Filling up the DagBag from /opt/airflow/dags/minio-to-kafka.py
[2026-08-31T04:56:08.310+0000] {processor.py:840} INFO - DAG(s) 'spotify_minio_to_snowflake_bronze' retrieved from /opt/airflow/dags/minio-to-kafka.py
[2026-08-31T04:56:08.420+0000] {logging_mixin.py:188} INFO - [2026-08-31T04:56:08.419+0000] {dag.py:3089} INFO - Sync 1 DAGs
[2026-08-31T04:56:08.508+0000] {logging_mixin.py:188} INFO - [2026-08-31T04:56:08.508+0000] {dag.py:3947} INFO - Setting next_dagrun for spotify_minio_to_snowflake_bronze to 2026-08-31 04:00:00+00:00, run_after=2026-08-31 05:00:00+00:00
[2026-08-31T04:56:09.000+0000] {processor.py:183} INFO - Processing /opt/airflow/dags/minio-to-kafka.py took 1.709 seconds
[2026-08-31T04:56:39.506+0000] {processor.py:161} INFO - Started process (PID=2949) to work on /opt/airflow/dags/minio-to-kafka.py
[2026-08-31T04:56:39.511+0000] {processor.py:830} INFO - Processing file /opt/airflow/dags/minio-to-kafka.py for tasks to queue
[2026-08-31T04:56:39.518+0000] {logging_mixin.py:188} INFO - [2026-08-31T04:56:39.517+0000] {dagbag.py:545} INFO - Filling up the DagBag from /opt/airflow/dags/minio-to-kafka.py
[2026-08-31T04:56:41.629+0000] {processor.py:840} INFO - DAG(s) 'spotify_minio_to_snowflake_bronze' retrieved from /opt/airflow/dags/minio-to-kafka.py
[2026-08-31T04:56:41.714+0000] {logging_mixin.py:188} INFO - [2026-08-31T04:56:41.713+0000] {dag.py:3089} INFO - Sync 1 DAGs
[2026-08-31T04:56:42.266+0000] {logging_mixin.py:188} INFO - [2026-08-31T04:56:42.266+0000] {dag.py:3947} INFO - Setting next_dagrun for spotify_minio_to_snowflake_bronze to 2026-08-31 04:00:00+00:00, run_after=2026-08-31 05:00:00+00:00
[2026-08-31T04:56:42.313+0000] {processor.py:183} INFO - Processing /opt/airflow/dags/minio-to-kafka.py took 2.932 seconds
[2026-08-31T04:57:12.740+0000] {processor.py:161} INFO - Started process (PID=2952) to work on /opt/airflow/dags/minio-to-kafka.py
[2026-08-31T04:57:12.743+0000] {processor.py:830} INFO - Processing file /opt/airflow/dags/minio-to-kafka.py for tasks to queue
[2026-08-31T04:57:12.748+0000] {logging_mixin.py:188} INFO - [2026-08-31T04:57:12.748+0000] {dagbag.py:545} INFO - Filling up the DagBag from /opt/airflow/dags/minio-to-kafka.py
[2026-08-31T04:57:14.794+0000] {processor.py:840} INFO - DAG(s) 'spotify_minio_to_snowflake_bronze' retrieved from /opt/airflow/dags/minio-to-kafka.py
[2026-08-31T04:57:16.062+0000] {logging_mixin.py:188} INFO - [2026-08-31T04:57:16.062+0000] {dag.py:3089} INFO - Sync 1 DAGs
[2026-08-31T04:57:16.134+0000] {logging_mixin.py:188} INFO - [2026-08-31T04:57:16.133+0000] {dag.py:3947} INFO - Setting next_dagrun for spotify_minio_to_snowflake_bronze to 2026-08-31 04:00:00+00:00, run_after=2026-08-31 05:00:00+00:00
[2026-08-31T04:57:16.197+0000] {processor.py:183} INFO - Processing /opt/airflow/dags/minio-to-kafka.py took 3.472 seconds
[2026-08-31T04:57:46.573+0000] {processor.py:161} INFO - Started process (PID=2955) to work on /opt/airflow/dags/minio-to-kafka.py
[2026-08-31T04:57:46.576+0000] {processor.py:830} INFO - Processing file /opt/airflow/dags/minio-to-kafka.py for tasks to queue
[2026-08-31T04:57:46.581+0000] {logging_mixin.py:188} INFO - [2026-08-31T04:57:46.580+0000] {dagbag.py:545} INFO - Filling up the DagBag from /opt/airflow/dags/minio-to-kafka.py
[2026-08-31T04:57:47.385+0000] {processor.py:840} INFO - DAG(s) 'spotify_minio_to_snowflake_bronze' retrieved from /opt/airflow/dags/minio-to-kafka.py
[2026-08-31T04:57:47.449+0000] {logging_mixin.py:188} INFO - [2026-08-31T04:57:47.448+0000] {dag.py:3089} INFO - Sync 1 DAGs
[2026-08-31T04:57:47.576+0000] {logging_mixin.py:188} INFO - [2026-08-31T04:57:47.576+0000] {dag.py:3947} INFO - Setting next_dagrun for spotify_minio_to_snowflake_bronze to 2026-08-31 04:00:00+00:00, run_after=2026-08-31 05:00:00+00:00
[2026-08-31T04:57:47.644+0000] {processor.py:183} INFO - Processing /opt/airflow/dags/minio-to-kafka.py took 1.084 seconds
[2026-08-31T04:58:17.847+0000] {processor.py:161} INFO - Started process (PID=2958) to work on /opt/airflow/dags/minio-to-kafka.py
[2026-08-31T04:58:17.849+0000] {processor.py:830} INFO - Processing file /opt/airflow/dags/minio-to-kafka.py for tasks to queue
[2026-08-31T04:58:17.853+0000] {logging_mixin.py:188} INFO - [2026-08-31T04:58:17.852+0000] {dagbag.py:545} INFO - Filling up the DagBag from /opt/airflow/dags/minio-to-kafka.py
[2026-08-31T04:58:19.363+0000] {processor.py:840} INFO - DAG(s) 'spotify_minio_to_snowflake_bronze' retrieved from /opt/airflow/dags/minio-to-kafka.py
[2026-08-31T04:58:19.545+0000] {logging_mixin.py:188} INFO - [2026-08-31T04:58:19.544+0000] {dag.py:3089} INFO - Sync 1 DAGs
[2026-08-31T04:58:19.671+0000] {logging_mixin.py:188} INFO - [2026-08-31T04:58:19.670+0000] {dag.py:3947} INFO - Setting next_dagrun for spotify_minio_to_snowflake_bronze to 2026-08-31 04:00:00+00:00, run_after=2026-08-31 05:00:00+00:00
[2026-08-31T04:58:20.428+0000] {processor.py:183} INFO - Processing /opt/airflow/dags/minio-to-kafka.py took 2.591 seconds
[2026-08-31T04:58:50.792+0000] {processor.py:161} INFO - Started process (PID=2961) to work on /opt/airflow/dags/minio-to-kafka.py
[2026-08-31T04:58:50.798+0000] {processor.py:830} INFO - Processing file /opt/airflow/dags/minio-to-kafka.py for tasks to queue
[2026-08-31T04:58:50.821+0000] {logging_mixin.py:188} INFO - [2026-08-31T04:58:50.818+0000] {dagbag.py:545} INFO - Filling up the DagBag from /opt/airflow/dags/minio-to-kafka.py
[2026-08-31T04:58:52.373+0000] {processor.py:840} INFO - DAG(s) 'spotify_minio_to_snowflake_bronze' retrieved from /opt/airflow/dags/minio-to-kafka.py
[2026-08-31T04:58:52.427+0000] {logging_mixin.py:188} INFO - [2026-08-31T04:58:52.427+0000] {dag.py:3089} INFO - Sync 1 DAGs
[2026-08-31T04:58:52.788+0000] {logging_mixin.py:188} INFO - [2026-08-31T04:58:52.787+0000] {dag.py:3947} INFO - Setting next_dagrun for spotify_minio_to_snowflake_bronze to 2026-08-31 04:00:00+00:00, run_after=2026-08-31 05:00:00+00:00
[2026-08-31T04:58:52.815+0000] {processor.py:183} INFO - Processing /opt/airflow/dags/minio-to-kafka.py took 2.056 seconds
[2026-08-31T04:59:23.080+0000] {processor.py:161} INFO - Started process (PID=2964) to work on /opt/airflow/dags/minio-to-kafka.py
[2026-08-31T04:59:23.086+0000] {processor.py:830} INFO - Processing file /opt/airflow/dags/minio-to-kafka.py for tasks to queue
[2026-08-31T04:59:23.099+0000] {logging_mixin.py:188} INFO - [2026-08-31T04:59:23.097+0000] {dagbag.py:545} INFO - Filling up the DagBag from /opt/airflow/dags/minio-to-kafka.py
[2026-08-31T04:59:23.951+0000] {processor.py:840} INFO - DAG(s) 'spotify_minio_to_snowflake_bronze' retrieved from /opt/airflow/dags/minio-to-kafka.py
[2026-08-31T04:59:23.994+0000] {logging_mixin.py:188} INFO - [2026-08-31T04:59:23.993+0000] {dag.py:3089} INFO - Sync 1 DAGs
[2026-08-31T04:59:24.253+0000] {logging_mixin.py:188} INFO - [2026-08-31T04:59:24.252+0000] {dag.py:3947} INFO - Setting next_dagrun for spotify_minio_to_snowflake_bronze to 2026-08-31 04:00:00+00:00, run_after=2026-08-31 05:00:00+00:00
[2026-08-31T04:59:24.289+0000] {processor.py:183} INFO - Processing /opt/airflow/dags/minio-to-kafka.py took 1.243 seconds
[2026-08-31T04:59:54.428+0000] {processor.py:161} INFO - Started process (PID=2967) to work on /opt/airflow/dags/minio-to-kafka.py
[2026-08-31T04:59:54.432+0000] {processor.py:830} INFO - Processing file /opt/airflow/dags/minio-to-kafka.py for tasks to queue
[2026-08-31T04:59:54.455+0000] {logging_mixin.py:188} INFO - [2026-08-31T04:59:54.452+0000] {dagbag.py:545} INFO - Filling up the DagBag from /opt/airflow/dags/minio-to-kafka.py
[2026-08-31T04:59:55.582+0000] {processor.py:840} INFO - DAG(s) 'spotify_minio_to_snowflake_bronze' retrieved from /opt/airflow/dags/minio-to-kafka.py
[2026-08-31T04:59:55.640+0000] {logging_mixin.py:188} INFO - [2026-08-31T04:59:55.639+0000] {dag.py:3089} INFO - Sync 1 DAGs
[2026-08-31T04:59:55.684+0000] {logging_mixin.py:188} INFO - [2026-08-31T04:59:55.683+0000] {dag.py:3947} INFO - Setting next_dagrun for spotify_minio_to_snowflake_bronze to 2026-08-31 04:00:00+00:00, run_after=2026-08-31 05:00:00+00:00
[2026-08-31T04:59:55.720+0000] {processor.py:183} INFO - Processing /opt/airflow/dags/minio-to-kafka.py took 1.305 seconds
[2026-08-31T05:00:25.887+0000] {processor.py:161} INFO - Started process (PID=2992) to work on /opt/airflow/dags/minio-to-kafka.py
[2026-08-31T05:00:25.890+0000] {processor.py:830} INFO - Processing file /opt/airflow/dags/minio-to-kafka.py for tasks to queue
[2026-08-31T05:00:25.893+0000] {logging_mixin.py:188} INFO - [2026-08-31T05:00:25.893+0000] {dagbag.py:545} INFO - Filling up the DagBag from /opt/airflow/dags/minio-to-kafka.py
[2026-08-31T05:00:26.843+0000] {processor.py:840} INFO - DAG(s) 'spotify_minio_to_snowflake_bronze' retrieved from /opt/airflow/dags/minio-to-kafka.py
[2026-08-31T05:00:26.893+0000] {logging_mixin.py:188} INFO - [2026-08-31T05:00:26.892+0000] {dag.py:3089} INFO - Sync 1 DAGs
[2026-08-31T05:00:26.930+0000] {logging_mixin.py:188} INFO - [2026-08-31T05:00:26.929+0000] {dag.py:3947} INFO - Setting next_dagrun for spotify_minio_to_snowflake_bronze to 2026-08-31 05:00:00+00:00, run_after=2026-08-31 06:00:00+00:00
[2026-08-31T05:00:27.853+0000] {processor.py:183} INFO - Processing /opt/airflow/dags/minio-to-kafka.py took 1.976 seconds
[2026-08-31T05:01:01.085+0000] {processor.py:161} INFO - Started process (PID=2995) to work on /opt/airflow/dags/minio-to-kafka.py
[2026-08-31T05:01:01.189+0000] {processor.py:830} INFO - Processing file /opt/airflow/dags/minio-to-kafka.py for tasks to queue
[2026-08-31T05:01:01.688+0000] {logging_mixin.py:188} INFO - [2026-08-31T05:01:01.687+0000] {dagbag.py:545} INFO - Filling up the DagBag from /opt/airflow/dags/minio-to-kafka.py
[2026-08-31T05:01:05.249+0000] {processor.py:840} INFO - DAG(s) 'spotify_minio_to_snowflake_bronze' retrieved from /opt/airflow/dags/minio-to-kafka.py
[2026-08-31T05:01:05.314+0000] {logging_mixin.py:188} INFO - [2026-08-31T05:01:05.314+0000] {dag.py:3089} INFO - Sync 1 DAGs
[2026-08-31T05:01:05.699+0000] {logging_mixin.py:188} INFO - [2026-08-31T05:01:05.698+0000] {dag.py:3947} INFO - Setting next_dagrun for spotify_minio_to_snowflake_bronze to 2026-08-31 05:00:00+00:00, run_after=2026-08-31 06:00:00+00:00
[2026-08-31T05:01:05.724+0000] {processor.py:183} INFO - Processing /opt/airflow/dags/minio-to-kafka.py took 4.658 seconds
[2026-08-31T05:01:35.992+0000] {processor.py:161} INFO - Started process (PID=2998) to work on /opt/airflow/dags/minio-to-kafka.py
[2026-08-31T05:01:36.009+0000] {processor.py:830} INFO - Processing file /opt/airflow/dags/minio-to-kafka.py for tasks to queue
[2026-08-31T05:01:36.035+0000] {logging_mixin.py:188} INFO - [2026-08-31T05:01:36.031+0000] {dagbag.py:545} INFO - Filling up the DagBag from /opt/airflow/dags/minio-to-kafka.py
[2026-08-31T05:01:37.306+0000] {processor.py:840} INFO - DAG(s) 'spotify_minio_to_snowflake_bronze' retrieved from /opt/airflow/dags/minio-to-kafka.py
[2026-08-31T05:01:37.396+0000] {logging_mixin.py:188} INFO - [2026-08-31T05:01:37.395+0000] {dag.py:3089} INFO - Sync 1 DAGs
[2026-08-31T05:01:38.298+0000] {logging_mixin.py:188} INFO - [2026-08-31T05:01:38.298+0000] {dag.py:3947} INFO - Setting next_dagrun for spotify_minio_to_snowflake_bronze to 2026-08-31 05:00:00+00:00, run_after=2026-08-31 06:00:00+00:00
[2026-08-31T05:01:38.372+0000] {processor.py:183} INFO - Processing /opt/airflow/dags/minio-to-kafka.py took 2.410 seconds
[2026-08-31T05:02:08.677+0000] {processor.py:161} INFO - Started process (PID=3001) to work on /opt/airflow/dags/minio-to-kafka.py
[2026-08-31T05:02:08.683+0000] {processor.py:830} INFO - Processing file /opt/airflow/dags/minio-to-kafka.py for tasks to queue
[2026-08-31T05:02:08.698+0000] {logging_mixin.py:188} INFO - [2026-08-31T05:02:08.697+0000] {dagbag.py:545} INFO - Filling up the DagBag from /opt/airflow/dags/minio-to-kafka.py
[2026-08-31T05:02:12.086+0000] {processor.py:840} INFO - DAG(s) 'spotify_minio_to_snowflake_bronze' retrieved from /opt/airflow/dags/minio-to-kafka.py
[2026-08-31T05:02:12.165+0000] {logging_mixin.py:188} INFO - [2026-08-31T05:02:12.165+0000] {dag.py:3089} INFO - Sync 1 DAGs
[2026-08-31T05:02:12.229+0000] {logging_mixin.py:188} INFO - [2026-08-31T05:02:12.228+0000] {dag.py:3947} INFO - Setting next_dagrun for spotify_minio_to_snowflake_bronze to 2026-08-31 05:00:00+00:00, run_after=2026-08-31 06:00:00+00:00
[2026-08-31T05:02:12.301+0000] {processor.py:183} INFO - Processing /opt/airflow/dags/minio-to-kafka.py took 3.717 seconds
[2026-08-31T05:02:42.689+0000] {processor.py:161} INFO - Started process (PID=3004) to work on /opt/airflow/dags/minio-to-kafka.py
[2026-08-31T05:02:42.694+0000] {processor.py:830} INFO - Processing file /opt/airflow/dags/minio-to-kafka.py for tasks to queue
[2026-08-31T05:02:42.699+0000] {logging_mixin.py:188} INFO - [2026-08-31T05:02:42.698+0000] {dagbag.py:545} INFO - Filling up the DagBag from /opt/airflow/dags/minio-to-kafka.py
[2026-08-31T05:02:44.245+0000] {processor.py:840} INFO - DAG(s) 'spotify_minio_to_snowflake_bronze' retrieved from /opt/airflow/dags/minio-to-kafka.py
[2026-08-31T05:02:44.388+0000] {logging_mixin.py:188} INFO - [2026-08-31T05:02:44.387+0000] {dag.py:3089} INFO - Sync 1 DAGs
[2026-08-31T05:02:44.591+0000] {logging_mixin.py:188} INFO - [2026-08-31T05:02:44.591+0000] {dag.py:3947} INFO - Setting next_dagrun for spotify_minio_to_snowflake_bronze to 2026-08-31 05:00:00+00:00, run_after=2026-08-31 06:00:00+00:00
[2026-08-31T05:02:45.849+0000] {processor.py:183} INFO - Processing /opt/airflow/dags/minio-to-kafka.py took 3.171 seconds
[2026-08-31T05:03:19.523+0000] {processor.py:161} INFO - Started process (PID=3007) to work on /opt/airflow/dags/minio-to-kafka.py
[2026-08-31T05:03:19.545+0000] {processor.py:830} INFO - Processing file /opt/airflow/dags/minio-to-kafka.py for tasks to queue
[2026-08-31T05:03:19.551+0000] {logging_mixin.py:188} INFO - [2026-08-31T05:03:19.550+0000] {dagbag.py:545} INFO - Filling up the DagBag from /opt/airflow/dags/minio-to-kafka.py
[2026-08-31T05:03:21.031+0000] {processor.py:840} INFO - DAG(s) 'spotify_minio_to_snowflake_bronze' retrieved from /opt/airflow/dags/minio-to-kafka.py
[2026-08-31T05:03:21.180+0000] {logging_mixin.py:188} INFO - [2026-08-31T05:03:21.180+0000] {dag.py:3089} INFO - Sync 1 DAGs
[2026-08-31T05:03:21.684+0000] {logging_mixin.py:188} INFO - [2026-08-31T05:03:21.683+0000] {dag.py:3947} INFO - Setting next_dagrun for spotify_minio_to_snowflake_bronze to 2026-08-31 05:00:00+00:00, run_after=2026-08-31 06:00:00+00:00
[2026-08-31T05:03:21.731+0000] {processor.py:183} INFO - Processing /opt/airflow/dags/minio-to-kafka.py took 2.219 seconds
[2026-08-31T05:03:52.054+0000] {processor.py:161} INFO - Started process (PID=3010) to work on /opt/airflow/dags/minio-to-kafka.py
[2026-08-31T05:03:52.058+0000] {processor.py:830} INFO - Processing file /opt/airflow/dags/minio-to-kafka.py for tasks to queue
[2026-08-31T05:03:52.063+0000] {logging_mixin.py:188} INFO - [2026-08-31T05:03:52.063+0000] {dagbag.py:545} INFO - Filling up the DagBag from /opt/airflow/dags/minio-to-kafka.py
[2026-08-31T05:03:53.159+0000] {processor.py:840} INFO - DAG(s) 'spotify_minio_to_snowflake_bronze' retrieved from /opt/airflow/dags/minio-to-kafka.py
[2026-08-31T05:03:53.226+0000] {logging_mixin.py:188} INFO - [2026-08-31T05:03:53.224+0000] {dag.py:3089} INFO - Sync 1 DAGs
[2026-08-31T05:03:54.160+0000] {logging_mixin.py:188} INFO - [2026-08-31T05:03:54.160+0000] {dag.py:3947} INFO - Setting next_dagrun for spotify_minio_to_snowflake_bronze to 2026-08-31 05:00:00+00:00, run_after=2026-08-31 06:00:00+00:00
[2026-08-31T05:03:54.208+0000] {processor.py:183} INFO - Processing /opt/airflow/dags/minio-to-kafka.py took 2.171 seconds
[2026-08-31T05:04:24.371+0000] {processor.py:161} INFO - Started process (PID=3013) to work on /opt/airflow/dags/minio-to-kafka.py
[2026-08-31T05:04:24.374+0000] {processor.py:830} INFO - Processing file /opt/airflow/dags/minio-to-kafka.py for tasks to queue
[2026-08-31T05:04:24.385+0000] {logging_mixin.py:188} INFO - [2026-08-31T05:04:24.382+0000] {dagbag.py:545} INFO - Filling up the DagBag from /opt/airflow/dags/minio-to-kafka.py
[2026-08-31T05:04:27.587+0000] {processor.py:840} INFO - DAG(s) 'spotify_minio_to_snowflake_bronze' retrieved from /opt/airflow/dags/minio-to-kafka.py
[2026-08-31T05:04:27.671+0000] {logging_mixin.py:188} INFO - [2026-08-31T05:04:27.670+0000] {dag.py:3089} INFO - Sync 1 DAGs
[2026-08-31T05:04:27.768+0000] {logging_mixin.py:188} INFO - [2026-08-31T05:04:27.767+0000] {dag.py:3947} INFO - Setting next_dagrun for spotify_minio_to_snowflake_bronze to 2026-08-31 05:00:00+00:00, run_after=2026-08-31 06:00:00+00:00
[2026-08-31T05:04:27.820+0000] {processor.py:183} INFO - Processing /opt/airflow/dags/minio-to-kafka.py took 3.479 seconds
[2026-08-31T05:04:58.191+0000] {processor.py:161} INFO - Started process (PID=3016) to work on /opt/airflow/dags/minio-to-kafka.py
[2026-08-31T05:04:58.193+0000] {processor.py:830} INFO - Processing file /opt/airflow/dags/minio-to-kafka.py for tasks to queue
[2026-08-31T05:04:58.198+0000] {logging_mixin.py:188} INFO - [2026-08-31T05:04:58.197+0000] {dagbag.py:545} INFO - Filling up the DagBag from /opt/airflow/dags/minio-to-kafka.py
[2026-08-31T05:04:59.513+0000] {processor.py:840} INFO - DAG(s) 'spotify_minio_to_snowflake_bronze' retrieved from /opt/airflow/dags/minio-to-kafka.py
[2026-08-31T05:04:59.626+0000] {logging_mixin.py:188} INFO - [2026-08-31T05:04:59.625+0000] {dag.py:3089} INFO - Sync 1 DAGs
[2026-08-31T05:04:59.682+0000] {logging_mixin.py:188} INFO - [2026-08-31T05:04:59.681+0000] {dag.py:3947} INFO - Setting next_dagrun for spotify_minio_to_snowflake_bronze to 2026-08-31 05:00:00+00:00, run_after=2026-08-31 06:00:00+00:00
[2026-08-31T05:05:00.103+0000] {processor.py:183} INFO - Processing /opt/airflow/dags/minio-to-kafka.py took 1.922 seconds
[2026-08-31T05:05:30.467+0000] {processor.py:161} INFO - Started process (PID=3019) to work on /opt/airflow/dags/minio-to-kafka.py
[2026-08-31T05:05:30.470+0000] {processor.py:830} INFO - Processing file /opt/airflow/dags/minio-to-kafka.py for tasks to queue
[2026-08-31T05:05:30.475+0000] {logging_mixin.py:188} INFO - [2026-08-31T05:05:30.474+0000] {dagbag.py:545} INFO - Filling up the DagBag from /opt/airflow/dags/minio-to-kafka.py
[2026-08-31T05:05:31.791+0000] {processor.py:840} INFO - DAG(s) 'spotify_minio_to_snowflake_bronze' retrieved from /opt/airflow/dags/minio-to-kafka.py
[2026-08-31T05:05:31.856+0000] {logging_mixin.py:188} INFO - [2026-08-31T05:05:31.855+0000] {dag.py:3089} INFO - Sync 1 DAGs
[2026-08-31T05:05:32.492+0000] {logging_mixin.py:188} INFO - [2026-08-31T05:05:32.492+0000] {dag.py:3947} INFO - Setting next_dagrun for spotify_minio_to_snowflake_bronze to 2026-08-31 05:00:00+00:00, run_after=2026-08-31 06:00:00+00:00
[2026-08-31T05:05:32.531+0000] {processor.py:183} INFO - Processing /opt/airflow/dags/minio-to-kafka.py took 2.079 seconds
[2026-08-31T05:06:02.936+0000] {processor.py:161} INFO - Started process (PID=3022) to work on /opt/airflow/dags/minio-to-kafka.py
[2026-08-31T05:06:02.947+0000] {processor.py:830} INFO - Processing file /opt/airflow/dags/minio-to-kafka.py for tasks to queue
[2026-08-31T05:06:02.952+0000] {logging_mixin.py:188} INFO - [2026-08-31T05:06:02.951+0000] {dagbag.py:545} INFO - Filling up the DagBag from /opt/airflow/dags/minio-to-kafka.py
[2026-08-31T05:06:03.992+0000] {processor.py:840} INFO - DAG(s) 'spotify_minio_to_snowflake_bronze' retrieved from /opt/airflow/dags/minio-to-kafka.py
[2026-08-31T05:06:04.058+0000] {logging_mixin.py:188} INFO - [2026-08-31T05:06:04.058+0000] {dag.py:3089} INFO - Sync 1 DAGs
[2026-08-31T05:06:04.426+0000] {logging_mixin.py:188} INFO - [2026-08-31T05:06:04.426+0000] {dag.py:3947} INFO - Setting next_dagrun for spotify_minio_to_snowflake_bronze to 2026-08-31 05:00:00+00:00, run_after=2026-08-31 06:00:00+00:00
[2026-08-31T05:06:04.462+0000] {processor.py:183} INFO - Processing /opt/airflow/dags/minio-to-kafka.py took 1.629 seconds
[2026-08-31T05:06:34.906+0000] {processor.py:161} INFO - Started process (PID=3025) to work on /opt/airflow/dags/minio-to-kafka.py
[2026-08-31T05:06:34.909+0000] {processor.py:830} INFO - Processing file /opt/airflow/dags/minio-to-kafka.py for tasks to queue
[2026-08-31T05:06:34.915+0000] {logging_mixin.py:188} INFO - [2026-08-31T05:06:34.914+0000] {dagbag.py:545} INFO - Filling up the DagBag from /opt/airflow/dags/minio-to-kafka.py
[2026-08-31T05:06:36.666+0000] {processor.py:840} INFO - DAG(s) 'spotify_minio_to_snowflake_bronze' retrieved from /opt/airflow/dags/minio-to-kafka.py
[2026-08-31T05:06:36.731+0000] {logging_mixin.py:188} INFO - [2026-08-31T05:06:36.729+0000] {dag.py:3089} INFO - Sync 1 DAGs
[2026-08-31T05:06:36.792+0000] {logging_mixin.py:188} INFO - [2026-08-31T05:06:36.791+0000] {dag.py:3947} INFO - Setting next_dagrun for spotify_minio_to_snowflake_bronze to 2026-08-31 05:00:00+00:00, run_after=2026-08-31 06:00:00+00:00
[2026-08-31T05:06:36.830+0000] {processor.py:183} INFO - Processing /opt/airflow/dags/minio-to-kafka.py took 1.948 seconds
[2026-08-31T05:07:07.158+0000] {processor.py:161} INFO - Started process (PID=3028) to work on /opt/airflow/dags/minio-to-kafka.py
[2026-08-31T05:07:07.162+0000] {processor.py:830} INFO - Processing file /opt/airflow/dags/minio-to-kafka.py for tasks to queue
[2026-08-31T05:07:07.167+0000] {logging_mixin.py:188} INFO - [2026-08-31T05:07:07.166+0000] {dagbag.py:545} INFO - Filling up the DagBag from /opt/airflow/dags/minio-to-kafka.py
[2026-08-31T05:07:08.172+0000] {processor.py:840} INFO - DAG(s) 'spotify_minio_to_snowflake_bronze' retrieved from /opt/airflow/dags/minio-to-kafka.py
[2026-08-31T05:07:08.258+0000] {logging_mixin.py:188} INFO - [2026-08-31T05:07:08.258+0000] {dag.py:3089} INFO - Sync 1 DAGs
[2026-08-31T05:07:08.304+0000] {logging_mixin.py:188} INFO - [2026-08-31T05:07:08.303+0000] {dag.py:3947} INFO - Setting next_dagrun for spotify_minio_to_snowflake_bronze to 2026-08-31 05:00:00+00:00, run_after=2026-08-31 06:00:00+00:00
[2026-08-31T05:07:08.613+0000] {processor.py:183} INFO - Processing /opt/airflow/dags/minio-to-kafka.py took 1.461 seconds
[2026-08-31T05:07:39.034+0000] {processor.py:161} INFO - Started process (PID=3031) to work on /opt/airflow/dags/minio-to-kafka.py
[2026-08-31T05:07:39.036+0000] {processor.py:830} INFO - Processing file /opt/airflow/dags/minio-to-kafka.py for tasks to queue
[2026-08-31T05:07:39.045+0000] {logging_mixin.py:188} INFO - [2026-08-31T05:07:39.044+0000] {dagbag.py:545} INFO - Filling up the DagBag from /opt/airflow/dags/minio-to-kafka.py
[2026-08-31T05:07:40.520+0000] {processor.py:840} INFO - DAG(s) 'spotify_minio_to_snowflake_bronze' retrieved from /opt/airflow/dags/minio-to-kafka.py
[2026-08-31T05:07:40.574+0000] {logging_mixin.py:188} INFO - [2026-08-31T05:07:40.573+0000] {dag.py:3089} INFO - Sync 1 DAGs
[2026-08-31T05:07:40.841+0000] {logging_mixin.py:188} INFO - [2026-08-31T05:07:40.841+0000] {dag.py:3947} INFO - Setting next_dagrun for spotify_minio_to_snowflake_bronze to 2026-08-31 05:00:00+00:00, run_after=2026-08-31 06:00:00+00:00
[2026-08-31T05:07:40.881+0000] {processor.py:183} INFO - Processing /opt/airflow/dags/minio-to-kafka.py took 1.866 seconds
[2026-08-31T05:08:11.244+0000] {processor.py:161} INFO - Started process (PID=3034) to work on /opt/airflow/dags/minio-to-kafka.py
[2026-08-31T05:08:11.248+0000] {processor.py:830} INFO - Processing file /opt/airflow/dags/minio-to-kafka.py for tasks to queue
[2026-08-31T05:08:11.253+0000] {logging_mixin.py:188} INFO - [2026-08-31T05:08:11.252+0000] {dagbag.py:545} INFO - Filling up the DagBag from /opt/airflow/dags/minio-to-kafka.py
[2026-08-31T05:08:12.919+0000] {processor.py:840} INFO - DAG(s) 'spotify_minio_to_snowflake_bronze' retrieved from /opt/airflow/dags/minio-to-kafka.py
[2026-08-31T05:08:13.820+0000] {logging_mixin.py:188} INFO - [2026-08-31T05:08:13.819+0000] {dag.py:3089} INFO - Sync 1 DAGs
[2026-08-31T05:08:13.951+0000] {logging_mixin.py:188} INFO - [2026-08-31T05:08:13.950+0000] {dag.py:3947} INFO - Setting next_dagrun for spotify_minio_to_snowflake_bronze to 2026-08-31 05:00:00+00:00, run_after=2026-08-31 06:00:00+00:00
[2026-08-31T05:08:14.048+0000] {processor.py:183} INFO - Processing /opt/airflow/dags/minio-to-kafka.py took 2.815 seconds
[2026-08-31T05:08:44.586+0000] {processor.py:161} INFO - Started process (PID=3037) to work on /opt/airflow/dags/minio-to-kafka.py
[2026-08-31T05:08:44.602+0000] {processor.py:830} INFO - Processing file /opt/airflow/dags/minio-to-kafka.py for tasks to queue
[2026-08-31T05:08:44.628+0000] {logging_mixin.py:188} INFO - [2026-08-31T05:08:44.625+0000] {dagbag.py:545} INFO - Filling up the DagBag from /opt/airflow/dags/minio-to-kafka.py
[2026-08-31T05:08:46.245+0000] {processor.py:840} INFO - DAG(s) 'spotify_minio_to_snowflake_bronze' retrieved from /opt/airflow/dags/minio-to-kafka.py
[2026-08-31T05:08:46.377+0000] {logging_mixin.py:188} INFO - [2026-08-31T05:08:46.377+0000] {dag.py:3089} INFO - Sync 1 DAGs
[2026-08-31T05:08:46.467+0000] {logging_mixin.py:188} INFO - [2026-08-31T05:08:46.467+0000] {dag.py:3947} INFO - Setting next_dagrun for spotify_minio_to_snowflake_bronze to 2026-08-31 05:00:00+00:00, run_after=2026-08-31 06:00:00+00:00
[2026-08-31T05:08:46.496+0000] {processor.py:183} INFO - Processing /opt/airflow/dags/minio-to-kafka.py took 1.980 seconds
[2026-08-31T05:09:16.858+0000] {processor.py:161} INFO - Started process (PID=3040) to work on /opt/airflow/dags/minio-to-kafka.py
[2026-08-31T05:09:16.863+0000] {processor.py:830} INFO - Processing file /opt/airflow/dags/minio-to-kafka.py for tasks to queue
[2026-08-31T05:09:16.876+0000] {logging_mixin.py:188} INFO - [2026-08-31T05:09:16.874+0000] {dagbag.py:545} INFO - Filling up the DagBag from /opt/airflow/dags/minio-to-kafka.py
[2026-08-31T05:09:17.881+0000] {processor.py:840} INFO - DAG(s) 'spotify_minio_to_snowflake_bronze' retrieved from /opt/airflow/dags/minio-to-kafka.py
[2026-08-31T05:09:17.930+0000] {logging_mixin.py:188} INFO - [2026-08-31T05:09:17.929+0000] {dag.py:3089} INFO - Sync 1 DAGs
[2026-08-31T05:09:17.978+0000] {logging_mixin.py:188} INFO - [2026-08-31T05:09:17.978+0000] {dag.py:3947} INFO - Setting next_dagrun for spotify_minio_to_snowflake_bronze to 2026-08-31 05:00:00+00:00, run_after=2026-08-31 06:00:00+00:00
[2026-08-31T05:09:18.499+0000] {processor.py:183} INFO - Processing /opt/airflow/dags/minio-to-kafka.py took 1.667 seconds
[2026-08-31T05:09:48.941+0000] {processor.py:161} INFO - Started process (PID=3043) to work on /opt/airflow/dags/minio-to-kafka.py
[2026-08-31T05:09:48.954+0000] {processor.py:830} INFO - Processing file /opt/airflow/dags/minio-to-kafka.py for tasks to queue
[2026-08-31T05:09:48.991+0000] {logging_mixin.py:188} INFO - [2026-08-31T05:09:48.987+0000] {dagbag.py:545} INFO - Filling up the DagBag from /opt/airflow/dags/minio-to-kafka.py
[2026-08-31T05:09:53.409+0000] {processor.py:840} INFO - DAG(s) 'spotify_minio_to_snowflake_bronze' retrieved from /opt/airflow/dags/minio-to-kafka.py
[2026-08-31T05:09:53.663+0000] {logging_mixin.py:188} INFO - [2026-08-31T05:09:53.662+0000] {dag.py:3089} INFO - Sync 1 DAGs
[2026-08-31T05:09:55.827+0000] {logging_mixin.py:188} INFO - [2026-08-31T05:09:55.825+0000] {dag.py:3947} INFO - Setting next_dagrun for spotify_minio_to_snowflake_bronze to 2026-08-31 05:00:00+00:00, run_after=2026-08-31 06:00:00+00:00
[2026-08-31T05:09:55.888+0000] {processor.py:183} INFO - Processing /opt/airflow/dags/minio-to-kafka.py took 7.058 seconds
[2026-08-31T05:10:26.562+0000] {processor.py:161} INFO - Started process (PID=3046) to work on /opt/airflow/dags/minio-to-kafka.py
[2026-08-31T05:10:26.568+0000] {processor.py:830} INFO - Processing file /opt/airflow/dags/minio-to-kafka.py for tasks to queue
[2026-08-31T05:10:26.580+0000] {logging_mixin.py:188} INFO - [2026-08-31T05:10:26.579+0000] {dagbag.py:545} INFO - Filling up the DagBag from /opt/airflow/dags/minio-to-kafka.py
[2026-08-31T05:10:28.109+0000] {processor.py:840} INFO - DAG(s) 'spotify_minio_to_snowflake_bronze' retrieved from /opt/airflow/dags/minio-to-kafka.py
[2026-08-31T05:10:28.295+0000] {logging_mixin.py:188} INFO - [2026-08-31T05:10:28.294+0000] {dag.py:3089} INFO - Sync 1 DAGs
[2026-08-31T05:10:29.206+0000] {logging_mixin.py:188} INFO - [2026-08-31T05:10:29.206+0000] {dag.py:3947} INFO - Setting next_dagrun for spotify_minio_to_snowflake_bronze to 2026-08-31 05:00:00+00:00, run_after=2026-08-31 06:00:00+00:00
[2026-08-31T05:10:29.239+0000] {processor.py:183} INFO - Processing /opt/airflow/dags/minio-to-kafka.py took 2.720 seconds
[2026-08-31T05:10:59.933+0000] {processor.py:161} INFO - Started process (PID=3049) to work on /opt/airflow/dags/minio-to-kafka.py
[2026-08-31T05:10:59.952+0000] {processor.py:830} INFO - Processing file /opt/airflow/dags/minio-to-kafka.py for tasks to queue
[2026-08-31T05:10:59.971+0000] {logging_mixin.py:188} INFO - [2026-08-31T05:10:59.970+0000] {dagbag.py:545} INFO - Filling up the DagBag from /opt/airflow/dags/minio-to-kafka.py
[2026-08-31T05:11:04.104+0000] {processor.py:840} INFO - DAG(s) 'spotify_minio_to_snowflake_bronze' retrieved from /opt/airflow/dags/minio-to-kafka.py
[2026-08-31T05:11:04.206+0000] {logging_mixin.py:188} INFO - [2026-08-31T05:11:04.206+0000] {dag.py:3089} INFO - Sync 1 DAGs
[2026-08-31T05:11:04.284+0000] {logging_mixin.py:188} INFO - [2026-08-31T05:11:04.283+0000] {dag.py:3947} INFO - Setting next_dagrun for spotify_minio_to_snowflake_bronze to 2026-08-31 05:00:00+00:00, run_after=2026-08-31 06:00:00+00:00
[2026-08-31T05:11:04.383+0000] {processor.py:183} INFO - Processing /opt/airflow/dags/minio-to-kafka.py took 4.648 seconds
[2026-08-31T05:11:34.764+0000] {processor.py:161} INFO - Started process (PID=3052) to work on /opt/airflow/dags/minio-to-kafka.py
[2026-08-31T05:11:34.767+0000] {processor.py:830} INFO - Processing file /opt/airflow/dags/minio-to-kafka.py for tasks to queue
[2026-08-31T05:11:34.786+0000] {logging_mixin.py:188} INFO - [2026-08-31T05:11:34.785+0000] {dagbag.py:545} INFO - Filling up the DagBag from /opt/airflow/dags/minio-to-kafka.py
[2026-08-31T05:11:39.932+0000] {processor.py:840} INFO - DAG(s) 'spotify_minio_to_snowflake_bronze' retrieved from /opt/airflow/dags/minio-to-kafka.py
[2026-08-31T05:11:40.064+0000] {logging_mixin.py:188} INFO - [2026-08-31T05:11:40.061+0000] {dag.py:3089} INFO - Sync 1 DAGs
[2026-08-31T05:11:40.186+0000] {logging_mixin.py:188} INFO - [2026-08-31T05:11:40.186+0000] {dag.py:3947} INFO - Setting next_dagrun for spotify_minio_to_snowflake_bronze to 2026-08-31 05:00:00+00:00, run_after=2026-08-31 06:00:00+00:00
[2026-08-31T05:11:40.276+0000] {processor.py:183} INFO - Processing /opt/airflow/dags/minio-to-kafka.py took 5.557 seconds
[2026-08-31T05:12:10.731+0000] {processor.py:161} INFO - Started process (PID=3055) to work on /opt/airflow/dags/minio-to-kafka.py
[2026-08-31T05:12:10.747+0000] {processor.py:830} INFO - Processing file /opt/airflow/dags/minio-to-kafka.py for tasks to queue
[2026-08-31T05:12:10.772+0000] {logging_mixin.py:188} INFO - [2026-08-31T05:12:10.768+0000] {dagbag.py:545} INFO - Filling up the DagBag from /opt/airflow/dags/minio-to-kafka.py
[2026-08-31T05:12:12.141+0000] {processor.py:840} INFO - DAG(s) 'spotify_minio_to_snowflake_bronze' retrieved from /opt/airflow/dags/minio-to-kafka.py
[2026-08-31T05:12:12.196+0000] {logging_mixin.py:188} INFO - [2026-08-31T05:12:12.196+0000] {dag.py:3089} INFO - Sync 1 DAGs
[2026-08-31T05:12:12.945+0000] {logging_mixin.py:188} INFO - [2026-08-31T05:12:12.944+0000] {dag.py:3947} INFO - Setting next_dagrun for spotify_minio_to_snowflake_bronze to 2026-08-31 05:00:00+00:00, run_after=2026-08-31 06:00:00+00:00
[2026-08-31T05:12:13.011+0000] {processor.py:183} INFO - Processing /opt/airflow/dags/minio-to-kafka.py took 2.368 seconds
[2026-08-31T05:12:43.393+0000] {processor.py:161} INFO - Started process (PID=3058) to work on /opt/airflow/dags/minio-to-kafka.py
[2026-08-31T05:12:43.395+0000] {processor.py:830} INFO - Processing file /opt/airflow/dags/minio-to-kafka.py for tasks to queue
[2026-08-31T05:12:43.400+0000] {logging_mixin.py:188} INFO - [2026-08-31T05:12:43.399+0000] {dagbag.py:545} INFO - Filling up the DagBag from /opt/airflow/dags/minio-to-kafka.py
[2026-08-31T05:12:44.571+0000] {processor.py:840} INFO - DAG(s) 'spotify_minio_to_snowflake_bronze' retrieved from /opt/airflow/dags/minio-to-kafka.py
[2026-08-31T05:12:44.629+0000] {logging_mixin.py:188} INFO - [2026-08-31T05:12:44.628+0000] {dag.py:3089} INFO - Sync 1 DAGs
[2026-08-31T05:12:45.111+0000] {logging_mixin.py:188} INFO - [2026-08-31T05:12:45.111+0000] {dag.py:3947} INFO - Setting next_dagrun for spotify_minio_to_snowflake_bronze to 2026-08-31 05:00:00+00:00, run_after=2026-08-31 06:00:00+00:00
[2026-08-31T05:12:45.155+0000] {processor.py:183} INFO - Processing /opt/airflow/dags/minio-to-kafka.py took 1.776 seconds
[2026-08-31T05:13:15.267+0000] {processor.py:161} INFO - Started process (PID=3061) to work on /opt/airflow/dags/minio-to-kafka.py
[2026-08-31T05:13:15.269+0000] {processor.py:830} INFO - Processing file /opt/airflow/dags/minio-to-kafka.py for tasks to queue
[2026-08-31T05:13:15.273+0000] {logging_mixin.py:188} INFO - [2026-08-31T05:13:15.272+0000] {dagbag.py:545} INFO - Filling up the DagBag from /opt/airflow/dags/minio-to-kafka.py
[2026-08-31T05:13:16.958+0000] {processor.py:840} INFO - DAG(s) 'spotify_minio_to_snowflake_bronze' retrieved from /opt/airflow/dags/minio-to-kafka.py
[2026-08-31T05:13:17.039+0000] {logging_mixin.py:188} INFO - [2026-08-31T05:13:17.038+0000] {dag.py:3089} INFO - Sync 1 DAGs
[2026-08-31T05:13:17.107+0000] {logging_mixin.py:188} INFO - [2026-08-31T05:13:17.106+0000] {dag.py:3947} INFO - Setting next_dagrun for spotify_minio_to_snowflake_bronze to 2026-08-31 05:00:00+00:00, run_after=2026-08-31 06:00:00+00:00
[2026-08-31T05:13:17.157+0000] {processor.py:183} INFO - Processing /opt/airflow/dags/minio-to-kafka.py took 1.898 seconds
[2026-08-31T05:13:47.873+0000] {processor.py:161} INFO - Started process (PID=3064) to work on /opt/airflow/dags/minio-to-kafka.py
[2026-08-31T05:13:47.876+0000] {processor.py:830} INFO - Processing file /opt/airflow/dags/minio-to-kafka.py for tasks to queue
[2026-08-31T05:13:47.885+0000] {logging_mixin.py:188} INFO - [2026-08-31T05:13:47.882+0000] {dagbag.py:545} INFO - Filling up the DagBag from /opt/airflow/dags/minio-to-kafka.py
[2026-08-31T05:13:51.035+0000] {processor.py:840} INFO - DAG(s) 'spotify_minio_to_snowflake_bronze' retrieved from /opt/airflow/dags/minio-to-kafka.py
[2026-08-31T05:13:51.135+0000] {logging_mixin.py:188} INFO - [2026-08-31T05:13:51.133+0000] {dag.py:3089} INFO - Sync 1 DAGs
[2026-08-31T05:13:51.242+0000] {logging_mixin.py:188} INFO - [2026-08-31T05:13:51.237+0000] {dag.py:3947} INFO - Setting next_dagrun for spotify_minio_to_snowflake_bronze to 2026-08-31 05:00:00+00:00, run_after=2026-08-31 06:00:00+00:00
[2026-08-31T05:13:51.323+0000] {processor.py:183} INFO - Processing /opt/airflow/dags/minio-to-kafka.py took 3.481 seconds
[2026-08-31T05:14:21.876+0000] {processor.py:161} INFO - Started process (PID=3067) to work on /opt/airflow/dags/minio-to-kafka.py
[2026-08-31T05:14:21.890+0000] {processor.py:830} INFO - Processing file /opt/airflow/dags/minio-to-kafka.py for tasks to queue
[2026-08-31T05:14:21.903+0000] {logging_mixin.py:188} INFO - [2026-08-31T05:14:21.902+0000] {dagbag.py:545} INFO - Filling up the DagBag from /opt/airflow/dags/minio-to-kafka.py
[2026-08-31T05:14:24.872+0000] {processor.py:840} INFO - DAG(s) 'spotify_minio_to_snowflake_bronze' retrieved from /opt/airflow/dags/minio-to-kafka.py
[2026-08-31T05:14:25.055+0000] {logging_mixin.py:188} INFO - [2026-08-31T05:14:25.054+0000] {dag.py:3089} INFO - Sync 1 DAGs
[2026-08-31T05:14:26.001+0000] {logging_mixin.py:188} INFO - [2026-08-31T05:14:26.000+0000] {dag.py:3947} INFO - Setting next_dagrun for spotify_minio_to_snowflake_bronze to 2026-08-31 05:00:00+00:00, run_after=2026-08-31 06:00:00+00:00
[2026-08-31T05:14:26.116+0000] {processor.py:183} INFO - Processing /opt/airflow/dags/minio-to-kafka.py took 4.269 seconds
[2026-08-31T05:14:56.637+0000] {processor.py:161} INFO - Started process (PID=3070) to work on /opt/airflow/dags/minio-to-kafka.py
[2026-08-31T05:14:56.640+0000] {processor.py:830} INFO - Processing file /opt/airflow/dags/minio-to-kafka.py for tasks to queue
[2026-08-31T05:14:56.643+0000] {logging_mixin.py:188} INFO - [2026-08-31T05:14:56.643+0000] {dagbag.py:545} INFO - Filling up the DagBag from /opt/airflow/dags/minio-to-kafka.py
[2026-08-31T05:14:58.224+0000] {processor.py:840} INFO - DAG(s) 'spotify_minio_to_snowflake_bronze' retrieved from /opt/airflow/dags/minio-to-kafka.py
[2026-08-31T05:14:58.296+0000] {logging_mixin.py:188} INFO - [2026-08-31T05:14:58.294+0000] {dag.py:3089} INFO - Sync 1 DAGs
[2026-08-31T05:14:58.980+0000] {logging_mixin.py:188} INFO - [2026-08-31T05:14:58.979+0000] {dag.py:3947} INFO - Setting next_dagrun for spotify_minio_to_snowflake_bronze to 2026-08-31 05:00:00+00:00, run_after=2026-08-31 06:00:00+00:00
[2026-08-31T05:14:59.013+0000] {processor.py:183} INFO - Processing /opt/airflow/dags/minio-to-kafka.py took 2.390 seconds
[2026-08-31T05:15:29.459+0000] {processor.py:161} INFO - Started process (PID=3073) to work on /opt/airflow/dags/minio-to-kafka.py
[2026-08-31T05:15:29.462+0000] {processor.py:830} INFO - Processing file /opt/airflow/dags/minio-to-kafka.py for tasks to queue
[2026-08-31T05:15:29.474+0000] {logging_mixin.py:188} INFO - [2026-08-31T05:15:29.473+0000] {dagbag.py:545} INFO - Filling up the DagBag from /opt/airflow/dags/minio-to-kafka.py
[2026-08-31T05:15:33.566+0000] {processor.py:840} INFO - DAG(s) 'spotify_minio_to_snowflake_bronze' retrieved from /opt/airflow/dags/minio-to-kafka.py
[2026-08-31T05:15:33.688+0000] {logging_mixin.py:188} INFO - [2026-08-31T05:15:33.687+0000] {dag.py:3089} INFO - Sync 1 DAGs
[2026-08-31T05:15:33.760+0000] {logging_mixin.py:188} INFO - [2026-08-31T05:15:33.760+0000] {dag.py:3947} INFO - Setting next_dagrun for spotify_minio_to_snowflake_bronze to 2026-08-31 05:00:00+00:00, run_after=2026-08-31 06:00:00+00:00
[2026-08-31T05:15:33.805+0000] {processor.py:183} INFO - Processing /opt/airflow/dags/minio-to-kafka.py took 4.382 seconds
[2026-08-31T05:16:04.436+0000] {processor.py:161} INFO - Started process (PID=3076) to work on /opt/airflow/dags/minio-to-kafka.py
[2026-08-31T05:16:04.441+0000] {processor.py:830} INFO - Processing file /opt/airflow/dags/minio-to-kafka.py for tasks to queue
[2026-08-31T05:16:04.447+0000] {logging_mixin.py:188} INFO - [2026-08-31T05:16:04.446+0000] {dagbag.py:545} INFO - Filling up the DagBag from /opt/airflow/dags/minio-to-kafka.py
[2026-08-31T05:16:06.130+0000] {processor.py:840} INFO - DAG(s) 'spotify_minio_to_snowflake_bronze' retrieved from /opt/airflow/dags/minio-to-kafka.py
[2026-08-31T05:16:06.180+0000] {logging_mixin.py:188} INFO - [2026-08-31T05:16:06.180+0000] {dag.py:3089} INFO - Sync 1 DAGs
[2026-08-31T05:16:06.223+0000] {logging_mixin.py:188} INFO - [2026-08-31T05:16:06.223+0000] {dag.py:3947} INFO - Setting next_dagrun for spotify_minio_to_snowflake_bronze to 2026-08-31 05:00:00+00:00, run_after=2026-08-31 06:00:00+00:00
[2026-08-31T05:16:06.261+0000] {processor.py:183} INFO - Processing /opt/airflow/dags/minio-to-kafka.py took 1.842 seconds
[2026-08-31T05:16:36.728+0000] {processor.py:161} INFO - Started process (PID=3079) to work on /opt/airflow/dags/minio-to-kafka.py
[2026-08-31T05:16:36.738+0000] {processor.py:830} INFO - Processing file /opt/airflow/dags/minio-to-kafka.py for tasks to queue
[2026-08-31T05:16:36.772+0000] {logging_mixin.py:188} INFO - [2026-08-31T05:16:36.769+0000] {dagbag.py:545} INFO - Filling up the DagBag from /opt/airflow/dags/minio-to-kafka.py
[2026-08-31T05:16:37.849+0000] {processor.py:840} INFO - DAG(s) 'spotify_minio_to_snowflake_bronze' retrieved from /opt/airflow/dags/minio-to-kafka.py
[2026-08-31T05:16:37.901+0000] {logging_mixin.py:188} INFO - [2026-08-31T05:16:37.900+0000] {dag.py:3089} INFO - Sync 1 DAGs
[2026-08-31T05:16:38.313+0000] {logging_mixin.py:188} INFO - [2026-08-31T05:16:38.312+0000] {dag.py:3947} INFO - Setting next_dagrun for spotify_minio_to_snowflake_bronze to 2026-08-31 05:00:00+00:00, run_after=2026-08-31 06:00:00+00:00
[2026-08-31T05:16:38.346+0000] {processor.py:183} INFO - Processing /opt/airflow/dags/minio-to-kafka.py took 1.673 seconds
[2026-08-31T05:17:08.606+0000] {processor.py:161} INFO - Started process (PID=3082) to work on /opt/airflow/dags/minio-to-kafka.py
[2026-08-31T05:17:08.616+0000] {processor.py:830} INFO - Processing file /opt/airflow/dags/minio-to-kafka.py for tasks to queue
[2026-08-31T05:17:08.640+0000] {logging_mixin.py:188} INFO - [2026-08-31T05:17:08.633+0000] {dagbag.py:545} INFO - Filling up the DagBag from /opt/airflow/dags/minio-to-kafka.py
[2026-08-31T05:17:09.973+0000] {processor.py:840} INFO - DAG(s) 'spotify_minio_to_snowflake_bronze' retrieved from /opt/airflow/dags/minio-to-kafka.py
[2026-08-31T05:17:10.036+0000] {logging_mixin.py:188} INFO - [2026-08-31T05:17:10.036+0000] {dag.py:3089} INFO - Sync 1 DAGs
[2026-08-31T05:17:10.503+0000] {logging_mixin.py:188} INFO - [2026-08-31T05:17:10.503+0000] {dag.py:3947} INFO - Setting next_dagrun for spotify_minio_to_snowflake_bronze to 2026-08-31 05:00:00+00:00, run_after=2026-08-31 06:00:00+00:00
[2026-08-31T05:17:10.570+0000] {processor.py:183} INFO - Processing /opt/airflow/dags/minio-to-kafka.py took 1.997 seconds
[2026-08-31T05:17:44.816+0000] {processor.py:161} INFO - Started process (PID=3085) to work on /opt/airflow/dags/minio-to-kafka.py
[2026-08-31T05:17:44.824+0000] {processor.py:830} INFO - Processing file /opt/airflow/dags/minio-to-kafka.py for tasks to queue
[2026-08-31T05:17:44.834+0000] {logging_mixin.py:188} INFO - [2026-08-31T05:17:44.832+0000] {dagbag.py:545} INFO - Filling up the DagBag from /opt/airflow/dags/minio-to-kafka.py
[2026-08-31T05:17:47.135+0000] {processor.py:840} INFO - DAG(s) 'spotify_minio_to_snowflake_bronze' retrieved from /opt/airflow/dags/minio-to-kafka.py
[2026-08-31T05:17:47.236+0000] {logging_mixin.py:188} INFO - [2026-08-31T05:17:47.235+0000] {dag.py:3089} INFO - Sync 1 DAGs
[2026-08-31T05:17:47.286+0000] {logging_mixin.py:188} INFO - [2026-08-31T05:17:47.286+0000] {dag.py:3947} INFO - Setting next_dagrun for spotify_minio_to_snowflake_bronze to 2026-08-31 05:00:00+00:00, run_after=2026-08-31 06:00:00+00:00
[2026-08-31T05:17:47.323+0000] {processor.py:183} INFO - Processing /opt/airflow/dags/minio-to-kafka.py took 2.550 seconds
[2026-08-31T05:18:17.719+0000] {processor.py:161} INFO - Started process (PID=3088) to work on /opt/airflow/dags/minio-to-kafka.py
[2026-08-31T05:18:17.721+0000] {processor.py:830} INFO - Processing file /opt/airflow/dags/minio-to-kafka.py for tasks to queue
[2026-08-31T05:18:17.728+0000] {logging_mixin.py:188} INFO - [2026-08-31T05:18:17.726+0000] {dagbag.py:545} INFO - Filling up the DagBag from /opt/airflow/dags/minio-to-kafka.py
[2026-08-31T05:18:19.821+0000] {processor.py:840} INFO - DAG(s) 'spotify_minio_to_snowflake_bronze' retrieved from /opt/airflow/dags/minio-to-kafka.py
[2026-08-31T05:18:19.873+0000] {logging_mixin.py:188} INFO - [2026-08-31T05:18:19.872+0000] {dag.py:3089} INFO - Sync 1 DAGs
[2026-08-31T05:18:19.909+0000] {logging_mixin.py:188} INFO - [2026-08-31T05:18:19.908+0000] {dag.py:3947} INFO - Setting next_dagrun for spotify_minio_to_snowflake_bronze to 2026-08-31 05:00:00+00:00, run_after=2026-08-31 06:00:00+00:00
[2026-08-31T05:18:19.947+0000] {processor.py:183} INFO - Processing /opt/airflow/dags/minio-to-kafka.py took 2.244 seconds
[2026-08-31T05:18:50.048+0000] {processor.py:161} INFO - Started process (PID=3091) to work on /opt/airflow/dags/minio-to-kafka.py
[2026-08-31T05:18:50.050+0000] {processor.py:830} INFO - Processing file /opt/airflow/dags/minio-to-kafka.py for tasks to queue
[2026-08-31T05:18:50.055+0000] {logging_mixin.py:188} INFO - [2026-08-31T05:18:50.054+0000] {dagbag.py:545} INFO - Filling up the DagBag from /opt/airflow/dags/minio-to-kafka.py
[2026-08-31T05:18:51.314+0000] {processor.py:840} INFO - DAG(s) 'spotify_minio_to_snowflake_bronze' retrieved from /opt/airflow/dags/minio-to-kafka.py
[2026-08-31T05:18:51.368+0000] {logging_mixin.py:188} INFO - [2026-08-31T05:18:51.368+0000] {dag.py:3089} INFO - Sync 1 DAGs
[2026-08-31T05:18:51.736+0000] {logging_mixin.py:188} INFO - [2026-08-31T05:18:51.736+0000] {dag.py:3947} INFO - Setting next_dagrun for spotify_minio_to_snowflake_bronze to 2026-08-31 05:00:00+00:00, run_after=2026-08-31 06:00:00+00:00
[2026-08-31T05:18:51.789+0000] {processor.py:183} INFO - Processing /opt/airflow/dags/minio-to-kafka.py took 1.755 seconds
[2026-08-31T05:19:22.316+0000] {processor.py:161} INFO - Started process (PID=3094) to work on /opt/airflow/dags/minio-to-kafka.py
[2026-08-31T05:19:22.319+0000] {processor.py:830} INFO - Processing file /opt/airflow/dags/minio-to-kafka.py for tasks to queue
[2026-08-31T05:19:22.331+0000] {logging_mixin.py:188} INFO - [2026-08-31T05:19:22.330+0000] {dagbag.py:545} INFO - Filling up the DagBag from /opt/airflow/dags/minio-to-kafka.py
[2026-08-31T05:19:25.177+0000] {processor.py:840} INFO - DAG(s) 'spotify_minio_to_snowflake_bronze' retrieved from /opt/airflow/dags/minio-to-kafka.py
[2026-08-31T05:19:25.364+0000] {logging_mixin.py:188} INFO - [2026-08-31T05:19:25.353+0000] {dag.py:3089} INFO - Sync 1 DAGs
[2026-08-31T05:19:26.521+0000] {logging_mixin.py:188} INFO - [2026-08-31T05:19:26.513+0000] {dag.py:3947} INFO - Setting next_dagrun for spotify_minio_to_snowflake_bronze to 2026-08-31 05:00:00+00:00, run_after=2026-08-31 06:00:00+00:00
[2026-08-31T05:19:26.600+0000] {processor.py:183} INFO - Processing /opt/airflow/dags/minio-to-kafka.py took 4.320 seconds
[2026-08-31T05:19:57.028+0000] {processor.py:161} INFO - Started process (PID=3097) to work on /opt/airflow/dags/minio-to-kafka.py
[2026-08-31T05:19:57.031+0000] {processor.py:830} INFO - Processing file /opt/airflow/dags/minio-to-kafka.py for tasks to queue
[2026-08-31T05:19:57.034+0000] {logging_mixin.py:188} INFO - [2026-08-31T05:19:57.034+0000] {dagbag.py:545} INFO - Filling up the DagBag from /opt/airflow/dags/minio-to-kafka.py
[2026-08-31T05:19:58.972+0000] {processor.py:840} INFO - DAG(s) 'spotify_minio_to_snowflake_bronze' retrieved from /opt/airflow/dags/minio-to-kafka.py
[2026-08-31T05:19:59.039+0000] {logging_mixin.py:188} INFO - [2026-08-31T05:19:59.038+0000] {dag.py:3089} INFO - Sync 1 DAGs
[2026-08-31T05:19:59.092+0000] {logging_mixin.py:188} INFO - [2026-08-31T05:19:59.091+0000] {dag.py:3947} INFO - Setting next_dagrun for spotify_minio_to_snowflake_bronze to 2026-08-31 05:00:00+00:00, run_after=2026-08-31 06:00:00+00:00
[2026-08-31T05:19:59.134+0000] {processor.py:183} INFO - Processing /opt/airflow/dags/minio-to-kafka.py took 2.117 seconds
[2026-08-31T05:20:29.501+0000] {processor.py:161} INFO - Started process (PID=3100) to work on /opt/airflow/dags/minio-to-kafka.py
[2026-08-31T05:20:29.506+0000] {processor.py:830} INFO - Processing file /opt/airflow/dags/minio-to-kafka.py for tasks to queue
[2026-08-31T05:20:29.512+0000] {logging_mixin.py:188} INFO - [2026-08-31T05:20:29.511+0000] {dagbag.py:545} INFO - Filling up the DagBag from /opt/airflow/dags/minio-to-kafka.py
[2026-08-31T05:20:32.151+0000] {processor.py:840} INFO - DAG(s) 'spotify_minio_to_snowflake_bronze' retrieved from /opt/airflow/dags/minio-to-kafka.py
[2026-08-31T05:20:32.245+0000] {logging_mixin.py:188} INFO - [2026-08-31T05:20:32.244+0000] {dag.py:3089} INFO - Sync 1 DAGs
[2026-08-31T05:20:32.324+0000] {logging_mixin.py:188} INFO - [2026-08-31T05:20:32.324+0000] {dag.py:3947} INFO - Setting next_dagrun for spotify_minio_to_snowflake_bronze to 2026-08-31 05:00:00+00:00, run_after=2026-08-31 06:00:00+00:00
[2026-08-31T05:20:32.379+0000] {processor.py:183} INFO - Processing /opt/airflow/dags/minio-to-kafka.py took 2.897 seconds
[2026-08-31T05:21:02.934+0000] {processor.py:161} INFO - Started process (PID=3103) to work on /opt/airflow/dags/minio-to-kafka.py
[2026-08-31T05:21:02.938+0000] {processor.py:830} INFO - Processing file /opt/airflow/dags/minio-to-kafka.py for tasks to queue
[2026-08-31T05:21:02.944+0000] {logging_mixin.py:188} INFO - [2026-08-31T05:21:02.942+0000] {dagbag.py:545} INFO - Filling up the DagBag from /opt/airflow/dags/minio-to-kafka.py
[2026-08-31T05:21:04.231+0000] {processor.py:840} INFO - DAG(s) 'spotify_minio_to_snowflake_bronze' retrieved from /opt/airflow/dags/minio-to-kafka.py
[2026-08-31T05:21:04.290+0000] {logging_mixin.py:188} INFO - [2026-08-31T05:21:04.289+0000] {dag.py:3089} INFO - Sync 1 DAGs
[2026-08-31T05:21:05.034+0000] {logging_mixin.py:188} INFO - [2026-08-31T05:21:05.034+0000] {dag.py:3947} INFO - Setting next_dagrun for spotify_minio_to_snowflake_bronze to 2026-08-31 05:00:00+00:00, run_after=2026-08-31 06:00:00+00:00
[2026-08-31T05:21:05.099+0000] {processor.py:183} INFO - Processing /opt/airflow/dags/minio-to-kafka.py took 2.185 seconds
[2026-08-31T05:21:35.335+0000] {processor.py:161} INFO - Started process (PID=3106) to work on /opt/airflow/dags/minio-to-kafka.py
[2026-08-31T05:21:35.340+0000] {processor.py:830} INFO - Processing file /opt/airflow/dags/minio-to-kafka.py for tasks to queue
[2026-08-31T05:21:35.354+0000] {logging_mixin.py:188} INFO - [2026-08-31T05:21:35.353+0000] {dagbag.py:545} INFO - Filling up the DagBag from /opt/airflow/dags/minio-to-kafka.py
[2026-08-31T05:21:39.360+0000] {processor.py:840} INFO - DAG(s) 'spotify_minio_to_snowflake_bronze' retrieved from /opt/airflow/dags/minio-to-kafka.py
[2026-08-31T05:21:39.580+0000] {logging_mixin.py:188} INFO - [2026-08-31T05:21:39.575+0000] {dag.py:3089} INFO - Sync 1 DAGs
[2026-08-31T05:21:40.619+0000] {logging_mixin.py:188} INFO - [2026-08-31T05:21:40.619+0000] {dag.py:3947} INFO - Setting next_dagrun for spotify_minio_to_snowflake_bronze to 2026-08-31 05:00:00+00:00, run_after=2026-08-31 06:00:00+00:00
[2026-08-31T05:21:40.720+0000] {processor.py:183} INFO - Processing /opt/airflow/dags/minio-to-kafka.py took 5.411 seconds
[2026-08-31T05:22:11.146+0000] {processor.py:161} INFO - Started process (PID=3109) to work on /opt/airflow/dags/minio-to-kafka.py
[2026-08-31T05:22:11.150+0000] {processor.py:830} INFO - Processing file /opt/airflow/dags/minio-to-kafka.py for tasks to queue
[2026-08-31T05:22:11.156+0000] {logging_mixin.py:188} INFO - [2026-08-31T05:22:11.155+0000] {dagbag.py:545} INFO - Filling up the DagBag from /opt/airflow/dags/minio-to-kafka.py
[2026-08-31T05:22:12.324+0000] {processor.py:840} INFO - DAG(s) 'spotify_minio_to_snowflake_bronze' retrieved from /opt/airflow/dags/minio-to-kafka.py
[2026-08-31T05:22:12.383+0000] {logging_mixin.py:188} INFO - [2026-08-31T05:22:12.382+0000] {dag.py:3089} INFO - Sync 1 DAGs
[2026-08-31T05:22:12.418+0000] {logging_mixin.py:188} INFO - [2026-08-31T05:22:12.418+0000] {dag.py:3947} INFO - Setting next_dagrun for spotify_minio_to_snowflake_bronze to 2026-08-31 05:00:00+00:00, run_after=2026-08-31 06:00:00+00:00
[2026-08-31T05:22:12.453+0000] {processor.py:183} INFO - Processing /opt/airflow/dags/minio-to-kafka.py took 1.326 seconds
[2026-08-31T05:22:42.586+0000] {processor.py:161} INFO - Started process (PID=3112) to work on /opt/airflow/dags/minio-to-kafka.py
[2026-08-31T05:22:42.591+0000] {processor.py:830} INFO - Processing file /opt/airflow/dags/minio-to-kafka.py for tasks to queue
[2026-08-31T05:22:42.594+0000] {logging_mixin.py:188} INFO - [2026-08-31T05:22:42.594+0000] {dagbag.py:545} INFO - Filling up the DagBag from /opt/airflow/dags/minio-to-kafka.py
[2026-08-31T05:22:43.884+0000] {processor.py:840} INFO - DAG(s) 'spotify_minio_to_snowflake_bronze' retrieved from /opt/airflow/dags/minio-to-kafka.py
[2026-08-31T05:22:43.928+0000] {logging_mixin.py:188} INFO - [2026-08-31T05:22:43.927+0000] {dag.py:3089} INFO - Sync 1 DAGs
[2026-08-31T05:22:43.960+0000] {logging_mixin.py:188} INFO - [2026-08-31T05:22:43.960+0000] {dag.py:3947} INFO - Setting next_dagrun for spotify_minio_to_snowflake_bronze to 2026-08-31 05:00:00+00:00, run_after=2026-08-31 06:00:00+00:00
[2026-08-31T05:22:43.996+0000] {processor.py:183} INFO - Processing /opt/airflow/dags/minio-to-kafka.py took 1.454 seconds
[2026-08-31T05:23:14.343+0000] {processor.py:161} INFO - Started process (PID=3115) to work on /opt/airflow/dags/minio-to-kafka.py
[2026-08-31T05:23:14.346+0000] {processor.py:830} INFO - Processing file /opt/airflow/dags/minio-to-kafka.py for tasks to queue
[2026-08-31T05:23:14.358+0000] {logging_mixin.py:188} INFO - [2026-08-31T05:23:14.349+0000] {dagbag.py:545} INFO - Filling up the DagBag from /opt/airflow/dags/minio-to-kafka.py
[2026-08-31T05:23:16.331+0000] {processor.py:840} INFO - DAG(s) 'spotify_minio_to_snowflake_bronze' retrieved from /opt/airflow/dags/minio-to-kafka.py
[2026-08-31T05:23:16.414+0000] {logging_mixin.py:188} INFO - [2026-08-31T05:23:16.413+0000] {dag.py:3089} INFO - Sync 1 DAGs
[2026-08-31T05:23:16.922+0000] {logging_mixin.py:188} INFO - [2026-08-31T05:23:16.921+0000] {dag.py:3947} INFO - Setting next_dagrun for spotify_minio_to_snowflake_bronze to 2026-08-31 05:00:00+00:00, run_after=2026-08-31 06:00:00+00:00
[2026-08-31T05:23:16.974+0000] {processor.py:183} INFO - Processing /opt/airflow/dags/minio-to-kafka.py took 2.647 seconds
[2026-08-31T05:23:47.427+0000] {processor.py:161} INFO - Started process (PID=3118) to work on /opt/airflow/dags/minio-to-kafka.py
[2026-08-31T05:23:47.434+0000] {processor.py:830} INFO - Processing file /opt/airflow/dags/minio-to-kafka.py for tasks to queue
[2026-08-31T05:23:47.450+0000] {logging_mixin.py:188} INFO - [2026-08-31T05:23:47.449+0000] {dagbag.py:545} INFO - Filling up the DagBag from /opt/airflow/dags/minio-to-kafka.py
[2026-08-31T05:23:48.534+0000] {processor.py:840} INFO - DAG(s) 'spotify_minio_to_snowflake_bronze' retrieved from /opt/airflow/dags/minio-to-kafka.py
[2026-08-31T05:23:48.587+0000] {logging_mixin.py:188} INFO - [2026-08-31T05:23:48.586+0000] {dag.py:3089} INFO - Sync 1 DAGs
[2026-08-31T05:23:49.684+0000] {logging_mixin.py:188} INFO - [2026-08-31T05:23:49.683+0000] {dag.py:3947} INFO - Setting next_dagrun for spotify_minio_to_snowflake_bronze to 2026-08-31 05:00:00+00:00, run_after=2026-08-31 06:00:00+00:00
[2026-08-31T05:23:49.756+0000] {processor.py:183} INFO - Processing /opt/airflow/dags/minio-to-kafka.py took 2.349 seconds
[2026-08-31T05:24:20.077+0000] {processor.py:161} INFO - Started process (PID=3121) to work on /opt/airflow/dags/minio-to-kafka.py
[2026-08-31T05:24:20.082+0000] {processor.py:830} INFO - Processing file /opt/airflow/dags/minio-to-kafka.py for tasks to queue
[2026-08-31T05:24:20.094+0000] {logging_mixin.py:188} INFO - [2026-08-31T05:24:20.093+0000] {dagbag.py:545} INFO - Filling up the DagBag from /opt/airflow/dags/minio-to-kafka.py
[2026-08-31T05:24:21.622+0000] {processor.py:840} INFO - DAG(s) 'spotify_minio_to_snowflake_bronze' retrieved from /opt/airflow/dags/minio-to-kafka.py
[2026-08-31T05:24:21.672+0000] {logging_mixin.py:188} INFO - [2026-08-31T05:24:21.671+0000] {dag.py:3089} INFO - Sync 1 DAGs
[2026-08-31T05:24:21.718+0000] {logging_mixin.py:188} INFO - [2026-08-31T05:24:21.718+0000] {dag.py:3947} INFO - Setting next_dagrun for spotify_minio_to_snowflake_bronze to 2026-08-31 05:00:00+00:00, run_after=2026-08-31 06:00:00+00:00
[2026-08-31T05:24:21.758+0000] {processor.py:183} INFO - Processing /opt/airflow/dags/minio-to-kafka.py took 1.713 seconds
[2026-08-31T05:24:52.149+0000] {processor.py:161} INFO - Started process (PID=3124) to work on /opt/airflow/dags/minio-to-kafka.py
[2026-08-31T05:24:52.151+0000] {processor.py:830} INFO - Processing file /opt/airflow/dags/minio-to-kafka.py for tasks to queue
[2026-08-31T05:24:52.156+0000] {logging_mixin.py:188} INFO - [2026-08-31T05:24:52.155+0000] {dagbag.py:545} INFO - Filling up the DagBag from /opt/airflow/dags/minio-to-kafka.py
[2026-08-31T05:24:53.334+0000] {processor.py:840} INFO - DAG(s) 'spotify_minio_to_snowflake_bronze' retrieved from /opt/airflow/dags/minio-to-kafka.py
[2026-08-31T05:24:53.377+0000] {logging_mixin.py:188} INFO - [2026-08-31T05:24:53.376+0000] {dag.py:3089} INFO - Sync 1 DAGs
[2026-08-31T05:24:53.410+0000] {logging_mixin.py:188} INFO - [2026-08-31T05:24:53.410+0000] {dag.py:3947} INFO - Setting next_dagrun for spotify_minio_to_snowflake_bronze to 2026-08-31 05:00:00+00:00, run_after=2026-08-31 06:00:00+00:00
[2026-08-31T05:24:53.454+0000] {processor.py:183} INFO - Processing /opt/airflow/dags/minio-to-kafka.py took 1.316 seconds
[2026-08-31T05:25:23.773+0000] {processor.py:161} INFO - Started process (PID=3127) to work on /opt/airflow/dags/minio-to-kafka.py
[2026-08-31T05:25:23.776+0000] {processor.py:830} INFO - Processing file /opt/airflow/dags/minio-to-kafka.py for tasks to queue
[2026-08-31T05:25:23.780+0000] {logging_mixin.py:188} INFO - [2026-08-31T05:25:23.779+0000] {dagbag.py:545} INFO - Filling up the DagBag from /opt/airflow/dags/minio-to-kafka.py
[2026-08-31T05:25:25.040+0000] {processor.py:840} INFO - DAG(s) 'spotify_minio_to_snowflake_bronze' retrieved from /opt/airflow/dags/minio-to-kafka.py
[2026-08-31T05:25:25.122+0000] {logging_mixin.py:188} INFO - [2026-08-31T05:25:25.121+0000] {dag.py:3089} INFO - Sync 1 DAGs
[2026-08-31T05:25:25.863+0000] {logging_mixin.py:188} INFO - [2026-08-31T05:25:25.862+0000] {dag.py:3947} INFO - Setting next_dagrun for spotify_minio_to_snowflake_bronze to 2026-08-31 05:00:00+00:00, run_after=2026-08-31 06:00:00+00:00
[2026-08-31T05:25:25.932+0000] {processor.py:183} INFO - Processing /opt/airflow/dags/minio-to-kafka.py took 2.172 seconds
[2026-08-31T05:25:56.314+0000] {processor.py:161} INFO - Started process (PID=3130) to work on /opt/airflow/dags/minio-to-kafka.py
[2026-08-31T05:25:56.320+0000] {processor.py:830} INFO - Processing file /opt/airflow/dags/minio-to-kafka.py for tasks to queue
[2026-08-31T05:25:56.327+0000] {logging_mixin.py:188} INFO - [2026-08-31T05:25:56.326+0000] {dagbag.py:545} INFO - Filling up the DagBag from /opt/airflow/dags/minio-to-kafka.py
[2026-08-31T05:25:57.875+0000] {processor.py:840} INFO - DAG(s) 'spotify_minio_to_snowflake_bronze' retrieved from /opt/airflow/dags/minio-to-kafka.py
[2026-08-31T05:25:57.949+0000] {logging_mixin.py:188} INFO - [2026-08-31T05:25:57.948+0000] {dag.py:3089} INFO - Sync 1 DAGs
[2026-08-31T05:25:58.674+0000] {logging_mixin.py:188} INFO - [2026-08-31T05:25:58.674+0000] {dag.py:3947} INFO - Setting next_dagrun for spotify_minio_to_snowflake_bronze to 2026-08-31 05:00:00+00:00, run_after=2026-08-31 06:00:00+00:00
[2026-08-31T05:25:58.758+0000] {processor.py:183} INFO - Processing /opt/airflow/dags/minio-to-kafka.py took 2.458 seconds
[2026-08-31T05:26:29.191+0000] {processor.py:161} INFO - Started process (PID=3133) to work on /opt/airflow/dags/minio-to-kafka.py
[2026-08-31T05:26:29.194+0000] {processor.py:830} INFO - Processing file /opt/airflow/dags/minio-to-kafka.py for tasks to queue
[2026-08-31T05:26:29.201+0000] {logging_mixin.py:188} INFO - [2026-08-31T05:26:29.199+0000] {dagbag.py:545} INFO - Filling up the DagBag from /opt/airflow/dags/minio-to-kafka.py
[2026-08-31T05:26:31.066+0000] {processor.py:840} INFO - DAG(s) 'spotify_minio_to_snowflake_bronze' retrieved from /opt/airflow/dags/minio-to-kafka.py
[2026-08-31T05:26:31.134+0000] {logging_mixin.py:188} INFO - [2026-08-31T05:26:31.133+0000] {dag.py:3089} INFO - Sync 1 DAGs
[2026-08-31T05:26:31.185+0000] {logging_mixin.py:188} INFO - [2026-08-31T05:26:31.185+0000] {dag.py:3947} INFO - Setting next_dagrun for spotify_minio_to_snowflake_bronze to 2026-08-31 05:00:00+00:00, run_after=2026-08-31 06:00:00+00:00
[2026-08-31T05:26:31.230+0000] {processor.py:183} INFO - Processing /opt/airflow/dags/minio-to-kafka.py took 2.053 seconds
[2026-08-31T05:27:01.661+0000] {processor.py:161} INFO - Started process (PID=3136) to work on /opt/airflow/dags/minio-to-kafka.py
[2026-08-31T05:27:01.670+0000] {processor.py:830} INFO - Processing file /opt/airflow/dags/minio-to-kafka.py for tasks to queue
[2026-08-31T05:27:01.676+0000] {logging_mixin.py:188} INFO - [2026-08-31T05:27:01.676+0000] {dagbag.py:545} INFO - Filling up the DagBag from /opt/airflow/dags/minio-to-kafka.py
[2026-08-31T05:27:04.275+0000] {processor.py:840} INFO - DAG(s) 'spotify_minio_to_snowflake_bronze' retrieved from /opt/airflow/dags/minio-to-kafka.py
[2026-08-31T05:27:04.344+0000] {logging_mixin.py:188} INFO - [2026-08-31T05:27:04.344+0000] {dag.py:3089} INFO - Sync 1 DAGs
[2026-08-31T05:27:04.412+0000] {logging_mixin.py:188} INFO - [2026-08-31T05:27:04.411+0000] {dag.py:3947} INFO - Setting next_dagrun for spotify_minio_to_snowflake_bronze to 2026-08-31 05:00:00+00:00, run_after=2026-08-31 06:00:00+00:00
[2026-08-31T05:27:04.521+0000] {processor.py:183} INFO - Processing /opt/airflow/dags/minio-to-kafka.py took 2.908 seconds
[2026-08-31T05:27:35.248+0000] {processor.py:161} INFO - Started process (PID=3139) to work on /opt/airflow/dags/minio-to-kafka.py
[2026-08-31T05:27:35.259+0000] {processor.py:830} INFO - Processing file /opt/airflow/dags/minio-to-kafka.py for tasks to queue
[2026-08-31T05:27:35.269+0000] {logging_mixin.py:188} INFO - [2026-08-31T05:27:35.268+0000] {dagbag.py:545} INFO - Filling up the DagBag from /opt/airflow/dags/minio-to-kafka.py
[2026-08-31T05:27:37.057+0000] {processor.py:840} INFO - DAG(s) 'spotify_minio_to_snowflake_bronze' retrieved from /opt/airflow/dags/minio-to-kafka.py
[2026-08-31T05:27:37.142+0000] {logging_mixin.py:188} INFO - [2026-08-31T05:27:37.141+0000] {dag.py:3089} INFO - Sync 1 DAGs
[2026-08-31T05:27:37.727+0000] {logging_mixin.py:188} INFO - [2026-08-31T05:27:37.719+0000] {dag.py:3947} INFO - Setting next_dagrun for spotify_minio_to_snowflake_bronze to 2026-08-31 05:00:00+00:00, run_after=2026-08-31 06:00:00+00:00
[2026-08-31T05:27:37.813+0000] {processor.py:183} INFO - Processing /opt/airflow/dags/minio-to-kafka.py took 2.658 seconds
[2026-08-31T05:28:10.843+0000] {processor.py:161} INFO - Started process (PID=3142) to work on /opt/airflow/dags/minio-to-kafka.py
[2026-08-31T05:28:11.045+0000] {processor.py:830} INFO - Processing file /opt/airflow/dags/minio-to-kafka.py for tasks to queue
[2026-08-31T05:28:11.071+0000] {logging_mixin.py:188} INFO - [2026-08-31T05:28:11.070+0000] {dagbag.py:545} INFO - Filling up the DagBag from /opt/airflow/dags/minio-to-kafka.py
[2026-08-31T05:28:16.738+0000] {processor.py:840} INFO - DAG(s) 'spotify_minio_to_snowflake_bronze' retrieved from /opt/airflow/dags/minio-to-kafka.py
[2026-08-31T05:28:16.823+0000] {logging_mixin.py:188} INFO - [2026-08-31T05:28:16.823+0000] {dag.py:3089} INFO - Sync 1 DAGs
[2026-08-31T05:28:17.361+0000] {logging_mixin.py:188} INFO - [2026-08-31T05:28:17.359+0000] {dag.py:3947} INFO - Setting next_dagrun for spotify_minio_to_snowflake_bronze to 2026-08-31 05:00:00+00:00, run_after=2026-08-31 06:00:00+00:00
[2026-08-31T05:28:17.408+0000] {processor.py:183} INFO - Processing /opt/airflow/dags/minio-to-kafka.py took 6.590 seconds
[2026-08-31T05:28:48.068+0000] {processor.py:161} INFO - Started process (PID=3145) to work on /opt/airflow/dags/minio-to-kafka.py
[2026-08-31T05:28:48.079+0000] {processor.py:830} INFO - Processing file /opt/airflow/dags/minio-to-kafka.py for tasks to queue
[2026-08-31T05:28:48.087+0000] {logging_mixin.py:188} INFO - [2026-08-31T05:28:48.086+0000] {dagbag.py:545} INFO - Filling up the DagBag from /opt/airflow/dags/minio-to-kafka.py
[2026-08-31T05:28:50.212+0000] {processor.py:840} INFO - DAG(s) 'spotify_minio_to_snowflake_bronze' retrieved from /opt/airflow/dags/minio-to-kafka.py
[2026-08-31T05:28:50.280+0000] {logging_mixin.py:188} INFO - [2026-08-31T05:28:50.280+0000] {dag.py:3089} INFO - Sync 1 DAGs
[2026-08-31T05:28:50.330+0000] {logging_mixin.py:188} INFO - [2026-08-31T05:28:50.329+0000] {dag.py:3947} INFO - Setting next_dagrun for spotify_minio_to_snowflake_bronze to 2026-08-31 05:00:00+00:00, run_after=2026-08-31 06:00:00+00:00
[2026-08-31T05:28:50.379+0000] {processor.py:183} INFO - Processing /opt/airflow/dags/minio-to-kafka.py took 2.333 seconds
[2026-08-31T05:29:20.845+0000] {processor.py:161} INFO - Started process (PID=3148) to work on /opt/airflow/dags/minio-to-kafka.py
[2026-08-31T05:29:20.848+0000] {processor.py:830} INFO - Processing file /opt/airflow/dags/minio-to-kafka.py for tasks to queue
[2026-08-31T05:29:20.854+0000] {logging_mixin.py:188} INFO - [2026-08-31T05:29:20.853+0000] {dagbag.py:545} INFO - Filling up the DagBag from /opt/airflow/dags/minio-to-kafka.py
[2026-08-31T05:29:23.068+0000] {processor.py:840} INFO - DAG(s) 'spotify_minio_to_snowflake_bronze' retrieved from /opt/airflow/dags/minio-to-kafka.py
[2026-08-31T05:29:23.123+0000] {logging_mixin.py:188} INFO - [2026-08-31T05:29:23.122+0000] {dag.py:3089} INFO - Sync 1 DAGs
[2026-08-31T05:29:23.172+0000] {logging_mixin.py:188} INFO - [2026-08-31T05:29:23.172+0000] {dag.py:3947} INFO - Setting next_dagrun for spotify_minio_to_snowflake_bronze to 2026-08-31 05:00:00+00:00, run_after=2026-08-31 06:00:00+00:00
[2026-08-31T05:29:23.218+0000] {processor.py:183} INFO - Processing /opt/airflow/dags/minio-to-kafka.py took 2.394 seconds
[2026-08-31T05:29:53.662+0000] {processor.py:161} INFO - Started process (PID=3151) to work on /opt/airflow/dags/minio-to-kafka.py
[2026-08-31T05:29:53.665+0000] {processor.py:830} INFO - Processing file /opt/airflow/dags/minio-to-kafka.py for tasks to queue
[2026-08-31T05:29:53.670+0000] {logging_mixin.py:188} INFO - [2026-08-31T05:29:53.669+0000] {dagbag.py:545} INFO - Filling up the DagBag from /opt/airflow/dags/minio-to-kafka.py
[2026-08-31T05:29:54.985+0000] {processor.py:840} INFO - DAG(s) 'spotify_minio_to_snowflake_bronze' retrieved from /opt/airflow/dags/minio-to-kafka.py
[2026-08-31T05:29:55.049+0000] {logging_mixin.py:188} INFO - [2026-08-31T05:29:55.048+0000] {dag.py:3089} INFO - Sync 1 DAGs
[2026-08-31T05:29:55.607+0000] {logging_mixin.py:188} INFO - [2026-08-31T05:29:55.606+0000] {dag.py:3947} INFO - Setting next_dagrun for spotify_minio_to_snowflake_bronze to 2026-08-31 05:00:00+00:00, run_after=2026-08-31 06:00:00+00:00
[2026-08-31T05:29:55.678+0000] {processor.py:183} INFO - Processing /opt/airflow/dags/minio-to-kafka.py took 2.037 seconds
[2026-08-31T05:30:26.396+0000] {processor.py:161} INFO - Started process (PID=3154) to work on /opt/airflow/dags/minio-to-kafka.py
[2026-08-31T05:30:26.413+0000] {processor.py:830} INFO - Processing file /opt/airflow/dags/minio-to-kafka.py for tasks to queue
[2026-08-31T05:30:26.434+0000] {logging_mixin.py:188} INFO - [2026-08-31T05:30:26.430+0000] {dagbag.py:545} INFO - Filling up the DagBag from /opt/airflow/dags/minio-to-kafka.py
[2026-08-31T05:30:28.195+0000] {processor.py:840} INFO - DAG(s) 'spotify_minio_to_snowflake_bronze' retrieved from /opt/airflow/dags/minio-to-kafka.py
[2026-08-31T05:30:28.270+0000] {logging_mixin.py:188} INFO - [2026-08-31T05:30:28.269+0000] {dag.py:3089} INFO - Sync 1 DAGs
[2026-08-31T05:30:29.062+0000] {logging_mixin.py:188} INFO - [2026-08-31T05:30:29.061+0000] {dag.py:3947} INFO - Setting next_dagrun for spotify_minio_to_snowflake_bronze to 2026-08-31 05:00:00+00:00, run_after=2026-08-31 06:00:00+00:00
[2026-08-31T05:30:29.180+0000] {processor.py:183} INFO - Processing /opt/airflow/dags/minio-to-kafka.py took 2.871 seconds
[2026-08-31T05:30:59.790+0000] {processor.py:161} INFO - Started process (PID=3157) to work on /opt/airflow/dags/minio-to-kafka.py
[2026-08-31T05:30:59.792+0000] {processor.py:830} INFO - Processing file /opt/airflow/dags/minio-to-kafka.py for tasks to queue
[2026-08-31T05:30:59.800+0000] {logging_mixin.py:188} INFO - [2026-08-31T05:30:59.798+0000] {dagbag.py:545} INFO - Filling up the DagBag from /opt/airflow/dags/minio-to-kafka.py
[2026-08-31T05:31:01.560+0000] {processor.py:840} INFO - DAG(s) 'spotify_minio_to_snowflake_bronze' retrieved from /opt/airflow/dags/minio-to-kafka.py
[2026-08-31T05:31:01.623+0000] {logging_mixin.py:188} INFO - [2026-08-31T05:31:01.622+0000] {dag.py:3089} INFO - Sync 1 DAGs
[2026-08-31T05:31:01.672+0000] {logging_mixin.py:188} INFO - [2026-08-31T05:31:01.672+0000] {dag.py:3947} INFO - Setting next_dagrun for spotify_minio_to_snowflake_bronze to 2026-08-31 05:00:00+00:00, run_after=2026-08-31 06:00:00+00:00
[2026-08-31T05:31:01.717+0000] {processor.py:183} INFO - Processing /opt/airflow/dags/minio-to-kafka.py took 1.941 seconds
[2026-08-31T05:31:32.258+0000] {processor.py:161} INFO - Started process (PID=3160) to work on /opt/airflow/dags/minio-to-kafka.py
[2026-08-31T05:31:32.263+0000] {processor.py:830} INFO - Processing file /opt/airflow/dags/minio-to-kafka.py for tasks to queue
[2026-08-31T05:31:32.270+0000] {logging_mixin.py:188} INFO - [2026-08-31T05:31:32.269+0000] {dagbag.py:545} INFO - Filling up the DagBag from /opt/airflow/dags/minio-to-kafka.py
[2026-08-31T05:31:34.380+0000] {processor.py:840} INFO - DAG(s) 'spotify_minio_to_snowflake_bronze' retrieved from /opt/airflow/dags/minio-to-kafka.py
[2026-08-31T05:31:34.450+0000] {logging_mixin.py:188} INFO - [2026-08-31T05:31:34.449+0000] {dag.py:3089} INFO - Sync 1 DAGs
[2026-08-31T05:31:34.507+0000] {logging_mixin.py:188} INFO - [2026-08-31T05:31:34.507+0000] {dag.py:3947} INFO - Setting next_dagrun for spotify_minio_to_snowflake_bronze to 2026-08-31 05:00:00+00:00, run_after=2026-08-31 06:00:00+00:00
[2026-08-31T05:31:34.551+0000] {processor.py:183} INFO - Processing /opt/airflow/dags/minio-to-kafka.py took 2.311 seconds
[2026-08-31T05:32:05.002+0000] {processor.py:161} INFO - Started process (PID=3163) to work on /opt/airflow/dags/minio-to-kafka.py
[2026-08-31T05:32:05.005+0000] {processor.py:830} INFO - Processing file /opt/airflow/dags/minio-to-kafka.py for tasks to queue
[2026-08-31T05:32:05.017+0000] {logging_mixin.py:188} INFO - [2026-08-31T05:32:05.015+0000] {dagbag.py:545} INFO - Filling up the DagBag from /opt/airflow/dags/minio-to-kafka.py
[2026-08-31T05:32:06.924+0000] {processor.py:840} INFO - DAG(s) 'spotify_minio_to_snowflake_bronze' retrieved from /opt/airflow/dags/minio-to-kafka.py
[2026-08-31T05:32:06.985+0000] {logging_mixin.py:188} INFO - [2026-08-31T05:32:06.984+0000] {dag.py:3089} INFO - Sync 1 DAGs
[2026-08-31T05:32:07.066+0000] {logging_mixin.py:188} INFO - [2026-08-31T05:32:07.065+0000] {dag.py:3947} INFO - Setting next_dagrun for spotify_minio_to_snowflake_bronze to 2026-08-31 05:00:00+00:00, run_after=2026-08-31 06:00:00+00:00
[2026-08-31T05:32:07.104+0000] {processor.py:183} INFO - Processing /opt/airflow/dags/minio-to-kafka.py took 2.117 seconds
[2026-08-31T05:32:37.467+0000] {processor.py:161} INFO - Started process (PID=3166) to work on /opt/airflow/dags/minio-to-kafka.py
[2026-08-31T05:32:37.470+0000] {processor.py:830} INFO - Processing file /opt/airflow/dags/minio-to-kafka.py for tasks to queue
[2026-08-31T05:32:37.481+0000] {logging_mixin.py:188} INFO - [2026-08-31T05:32:37.480+0000] {dagbag.py:545} INFO - Filling up the DagBag from /opt/airflow/dags/minio-to-kafka.py
[2026-08-31T05:32:39.884+0000] {processor.py:840} INFO - DAG(s) 'spotify_minio_to_snowflake_bronze' retrieved from /opt/airflow/dags/minio-to-kafka.py
[2026-08-31T05:32:39.934+0000] {logging_mixin.py:188} INFO - [2026-08-31T05:32:39.933+0000] {dag.py:3089} INFO - Sync 1 DAGs
[2026-08-31T05:32:40.278+0000] {logging_mixin.py:188} INFO - [2026-08-31T05:32:40.278+0000] {dag.py:3947} INFO - Setting next_dagrun for spotify_minio_to_snowflake_bronze to 2026-08-31 05:00:00+00:00, run_after=2026-08-31 06:00:00+00:00
[2026-08-31T05:32:40.342+0000] {processor.py:183} INFO - Processing /opt/airflow/dags/minio-to-kafka.py took 2.891 seconds
[2026-08-31T05:33:10.675+0000] {processor.py:161} INFO - Started process (PID=3169) to work on /opt/airflow/dags/minio-to-kafka.py
[2026-08-31T05:33:10.677+0000] {processor.py:830} INFO - Processing file /opt/airflow/dags/minio-to-kafka.py for tasks to queue
[2026-08-31T05:33:10.681+0000] {logging_mixin.py:188} INFO - [2026-08-31T05:33:10.680+0000] {dagbag.py:545} INFO - Filling up the DagBag from /opt/airflow/dags/minio-to-kafka.py
[2026-08-31T05:33:11.816+0000] {processor.py:840} INFO - DAG(s) 'spotify_minio_to_snowflake_bronze' retrieved from /opt/airflow/dags/minio-to-kafka.py
[2026-08-31T05:33:11.870+0000] {logging_mixin.py:188} INFO - [2026-08-31T05:33:11.869+0000] {dag.py:3089} INFO - Sync 1 DAGs
[2026-08-31T05:33:11.912+0000] {logging_mixin.py:188} INFO - [2026-08-31T05:33:11.912+0000] {dag.py:3947} INFO - Setting next_dagrun for spotify_minio_to_snowflake_bronze to 2026-08-31 05:00:00+00:00, run_after=2026-08-31 06:00:00+00:00
[2026-08-31T05:33:11.941+0000] {processor.py:183} INFO - Processing /opt/airflow/dags/minio-to-kafka.py took 1.279 seconds
[2026-08-31T05:33:42.241+0000] {processor.py:161} INFO - Started process (PID=3172) to work on /opt/airflow/dags/minio-to-kafka.py
[2026-08-31T05:33:42.244+0000] {processor.py:830} INFO - Processing file /opt/airflow/dags/minio-to-kafka.py for tasks to queue
[2026-08-31T05:33:42.249+0000] {logging_mixin.py:188} INFO - [2026-08-31T05:33:42.248+0000] {dagbag.py:545} INFO - Filling up the DagBag from /opt/airflow/dags/minio-to-kafka.py
[2026-08-31T05:33:43.533+0000] {processor.py:840} INFO - DAG(s) 'spotify_minio_to_snowflake_bronze' retrieved from /opt/airflow/dags/minio-to-kafka.py
[2026-08-31T05:33:43.578+0000] {logging_mixin.py:188} INFO - [2026-08-31T05:33:43.578+0000] {dag.py:3089} INFO - Sync 1 DAGs
[2026-08-31T05:33:43.611+0000] {logging_mixin.py:188} INFO - [2026-08-31T05:33:43.610+0000] {dag.py:3947} INFO - Setting next_dagrun for spotify_minio_to_snowflake_bronze to 2026-08-31 05:00:00+00:00, run_after=2026-08-31 06:00:00+00:00
[2026-08-31T05:33:43.643+0000] {processor.py:183} INFO - Processing /opt/airflow/dags/minio-to-kafka.py took 1.414 seconds
[2026-08-31T05:34:13.956+0000] {processor.py:161} INFO - Started process (PID=3175) to work on /opt/airflow/dags/minio-to-kafka.py
[2026-08-31T05:34:13.959+0000] {processor.py:830} INFO - Processing file /opt/airflow/dags/minio-to-kafka.py for tasks to queue
[2026-08-31T05:34:13.962+0000] {logging_mixin.py:188} INFO - [2026-08-31T05:34:13.962+0000] {dagbag.py:545} INFO - Filling up the DagBag from /opt/airflow/dags/minio-to-kafka.py
[2026-08-31T05:34:15.014+0000] {processor.py:840} INFO - DAG(s) 'spotify_minio_to_snowflake_bronze' retrieved from /opt/airflow/dags/minio-to-kafka.py
[2026-08-31T05:34:15.057+0000] {logging_mixin.py:188} INFO - [2026-08-31T05:34:15.056+0000] {dag.py:3089} INFO - Sync 1 DAGs
[2026-08-31T05:34:15.088+0000] {logging_mixin.py:188} INFO - [2026-08-31T05:34:15.087+0000] {dag.py:3947} INFO - Setting next_dagrun for spotify_minio_to_snowflake_bronze to 2026-08-31 05:00:00+00:00, run_after=2026-08-31 06:00:00+00:00
[2026-08-31T05:34:15.116+0000] {processor.py:183} INFO - Processing /opt/airflow/dags/minio-to-kafka.py took 1.170 seconds
[2026-08-31T05:34:45.217+0000] {processor.py:161} INFO - Started process (PID=3178) to work on /opt/airflow/dags/minio-to-kafka.py
[2026-08-31T05:34:45.220+0000] {processor.py:830} INFO - Processing file /opt/airflow/dags/minio-to-kafka.py for tasks to queue
[2026-08-31T05:34:45.226+0000] {logging_mixin.py:188} INFO - [2026-08-31T05:34:45.225+0000] {dagbag.py:545} INFO - Filling up the DagBag from /opt/airflow/dags/minio-to-kafka.py
[2026-08-31T05:34:46.385+0000] {processor.py:840} INFO - DAG(s) 'spotify_minio_to_snowflake_bronze' retrieved from /opt/airflow/dags/minio-to-kafka.py
[2026-08-31T05:34:46.438+0000] {logging_mixin.py:188} INFO - [2026-08-31T05:34:46.436+0000] {dag.py:3089} INFO - Sync 1 DAGs
[2026-08-31T05:34:46.736+0000] {logging_mixin.py:188} INFO - [2026-08-31T05:34:46.736+0000] {dag.py:3947} INFO - Setting next_dagrun for spotify_minio_to_snowflake_bronze to 2026-08-31 05:00:00+00:00, run_after=2026-08-31 06:00:00+00:00
[2026-08-31T05:34:46.776+0000] {processor.py:183} INFO - Processing /opt/airflow/dags/minio-to-kafka.py took 1.569 seconds
[2026-08-31T05:35:17.165+0000] {processor.py:161} INFO - Started process (PID=3181) to work on /opt/airflow/dags/minio-to-kafka.py
[2026-08-31T05:35:17.167+0000] {processor.py:830} INFO - Processing file /opt/airflow/dags/minio-to-kafka.py for tasks to queue
[2026-08-31T05:35:17.171+0000] {logging_mixin.py:188} INFO - [2026-08-31T05:35:17.171+0000] {dagbag.py:545} INFO - Filling up the DagBag from /opt/airflow/dags/minio-to-kafka.py
[2026-08-31T05:35:18.458+0000] {processor.py:840} INFO - DAG(s) 'spotify_minio_to_snowflake_bronze' retrieved from /opt/airflow/dags/minio-to-kafka.py
[2026-08-31T05:35:18.513+0000] {logging_mixin.py:188} INFO - [2026-08-31T05:35:18.512+0000] {dag.py:3089} INFO - Sync 1 DAGs
[2026-08-31T05:35:18.550+0000] {logging_mixin.py:188} INFO - [2026-08-31T05:35:18.549+0000] {dag.py:3947} INFO - Setting next_dagrun for spotify_minio_to_snowflake_bronze to 2026-08-31 05:00:00+00:00, run_after=2026-08-31 06:00:00+00:00
[2026-08-31T05:35:18.584+0000] {processor.py:183} INFO - Processing /opt/airflow/dags/minio-to-kafka.py took 1.428 seconds
[2026-08-31T05:35:49.127+0000] {processor.py:161} INFO - Started process (PID=3184) to work on /opt/airflow/dags/minio-to-kafka.py
[2026-08-31T05:35:49.131+0000] {processor.py:830} INFO - Processing file /opt/airflow/dags/minio-to-kafka.py for tasks to queue
[2026-08-31T05:35:49.138+0000] {logging_mixin.py:188} INFO - [2026-08-31T05:35:49.137+0000] {dagbag.py:545} INFO - Filling up the DagBag from /opt/airflow/dags/minio-to-kafka.py
[2026-08-31T05:35:50.899+0000] {processor.py:840} INFO - DAG(s) 'spotify_minio_to_snowflake_bronze' retrieved from /opt/airflow/dags/minio-to-kafka.py
[2026-08-31T05:35:51.021+0000] {logging_mixin.py:188} INFO - [2026-08-31T05:35:51.020+0000] {dag.py:3089} INFO - Sync 1 DAGs
[2026-08-31T05:35:51.112+0000] {logging_mixin.py:188} INFO - [2026-08-31T05:35:51.111+0000] {dag.py:3947} INFO - Setting next_dagrun for spotify_minio_to_snowflake_bronze to 2026-08-31 05:00:00+00:00, run_after=2026-08-31 06:00:00+00:00
[2026-08-31T05:35:51.170+0000] {processor.py:183} INFO - Processing /opt/airflow/dags/minio-to-kafka.py took 2.063 seconds
[2026-08-31T05:36:21.456+0000] {processor.py:161} INFO - Started process (PID=3187) to work on /opt/airflow/dags/minio-to-kafka.py
[2026-08-31T05:36:21.463+0000] {processor.py:830} INFO - Processing file /opt/airflow/dags/minio-to-kafka.py for tasks to queue
[2026-08-31T05:36:21.478+0000] {logging_mixin.py:188} INFO - [2026-08-31T05:36:21.476+0000] {dagbag.py:545} INFO - Filling up the DagBag from /opt/airflow/dags/minio-to-kafka.py
[2026-08-31T05:36:23.231+0000] {processor.py:840} INFO - DAG(s) 'spotify_minio_to_snowflake_bronze' retrieved from /opt/airflow/dags/minio-to-kafka.py
[2026-08-31T05:36:23.324+0000] {logging_mixin.py:188} INFO - [2026-08-31T05:36:23.323+0000] {dag.py:3089} INFO - Sync 1 DAGs
[2026-08-31T05:36:23.437+0000] {logging_mixin.py:188} INFO - [2026-08-31T05:36:23.436+0000] {dag.py:3947} INFO - Setting next_dagrun for spotify_minio_to_snowflake_bronze to 2026-08-31 05:00:00+00:00, run_after=2026-08-31 06:00:00+00:00
[2026-08-31T05:36:23.530+0000] {processor.py:183} INFO - Processing /opt/airflow/dags/minio-to-kafka.py took 2.109 seconds
[2026-08-31T05:36:53.905+0000] {processor.py:161} INFO - Started process (PID=3190) to work on /opt/airflow/dags/minio-to-kafka.py
[2026-08-31T05:36:53.919+0000] {processor.py:830} INFO - Processing file /opt/airflow/dags/minio-to-kafka.py for tasks to queue
[2026-08-31T05:36:53.947+0000] {logging_mixin.py:188} INFO - [2026-08-31T05:36:53.943+0000] {dagbag.py:545} INFO - Filling up the DagBag from /opt/airflow/dags/minio-to-kafka.py
[2026-08-31T05:36:55.148+0000] {processor.py:840} INFO - DAG(s) 'spotify_minio_to_snowflake_bronze' retrieved from /opt/airflow/dags/minio-to-kafka.py
[2026-08-31T05:36:55.223+0000] {logging_mixin.py:188} INFO - [2026-08-31T05:36:55.222+0000] {dag.py:3089} INFO - Sync 1 DAGs
[2026-08-31T05:36:55.675+0000] {logging_mixin.py:188} INFO - [2026-08-31T05:36:55.674+0000] {dag.py:3947} INFO - Setting next_dagrun for spotify_minio_to_snowflake_bronze to 2026-08-31 05:00:00+00:00, run_after=2026-08-31 06:00:00+00:00
[2026-08-31T05:36:55.718+0000] {processor.py:183} INFO - Processing /opt/airflow/dags/minio-to-kafka.py took 1.847 seconds
[2026-08-31T05:37:26.134+0000] {processor.py:161} INFO - Started process (PID=3193) to work on /opt/airflow/dags/minio-to-kafka.py
[2026-08-31T05:37:26.140+0000] {processor.py:830} INFO - Processing file /opt/airflow/dags/minio-to-kafka.py for tasks to queue
[2026-08-31T05:37:26.151+0000] {logging_mixin.py:188} INFO - [2026-08-31T05:37:26.149+0000] {dagbag.py:545} INFO - Filling up the DagBag from /opt/airflow/dags/minio-to-kafka.py
[2026-08-31T05:37:27.563+0000] {processor.py:840} INFO - DAG(s) 'spotify_minio_to_snowflake_bronze' retrieved from /opt/airflow/dags/minio-to-kafka.py
[2026-08-31T05:37:27.613+0000] {logging_mixin.py:188} INFO - [2026-08-31T05:37:27.613+0000] {dag.py:3089} INFO - Sync 1 DAGs
[2026-08-31T05:37:27.648+0000] {logging_mixin.py:188} INFO - [2026-08-31T05:37:27.648+0000] {dag.py:3947} INFO - Setting next_dagrun for spotify_minio_to_snowflake_bronze to 2026-08-31 05:00:00+00:00, run_after=2026-08-31 06:00:00+00:00
[2026-08-31T05:37:27.684+0000] {processor.py:183} INFO - Processing /opt/airflow/dags/minio-to-kafka.py took 1.571 seconds
[2026-08-31T05:37:58.258+0000] {processor.py:161} INFO - Started process (PID=3196) to work on /opt/airflow/dags/minio-to-kafka.py
[2026-08-31T05:37:58.260+0000] {processor.py:830} INFO - Processing file /opt/airflow/dags/minio-to-kafka.py for tasks to queue
[2026-08-31T05:37:58.264+0000] {logging_mixin.py:188} INFO - [2026-08-31T05:37:58.263+0000] {dagbag.py:545} INFO - Filling up the DagBag from /opt/airflow/dags/minio-to-kafka.py
[2026-08-31T05:38:05.534+0000] {processor.py:840} INFO - DAG(s) 'spotify_minio_to_snowflake_bronze' retrieved from /opt/airflow/dags/minio-to-kafka.py
[2026-08-31T05:38:05.694+0000] {logging_mixin.py:188} INFO - [2026-08-31T05:38:05.694+0000] {dag.py:3089} INFO - Sync 1 DAGs
[2026-08-31T05:38:05.863+0000] {logging_mixin.py:188} INFO - [2026-08-31T05:38:05.862+0000] {dag.py:3947} INFO - Setting next_dagrun for spotify_minio_to_snowflake_bronze to 2026-08-31 05:00:00+00:00, run_after=2026-08-31 06:00:00+00:00
[2026-08-31T05:38:05.977+0000] {processor.py:183} INFO - Processing /opt/airflow/dags/minio-to-kafka.py took 7.731 seconds
[2026-08-31T05:38:36.476+0000] {processor.py:161} INFO - Started process (PID=3199) to work on /opt/airflow/dags/minio-to-kafka.py
[2026-08-31T05:38:36.486+0000] {processor.py:830} INFO - Processing file /opt/airflow/dags/minio-to-kafka.py for tasks to queue
[2026-08-31T05:38:36.519+0000] {logging_mixin.py:188} INFO - [2026-08-31T05:38:36.517+0000] {dagbag.py:545} INFO - Filling up the DagBag from /opt/airflow/dags/minio-to-kafka.py
[2026-08-31T05:38:39.895+0000] {processor.py:840} INFO - DAG(s) 'spotify_minio_to_snowflake_bronze' retrieved from /opt/airflow/dags/minio-to-kafka.py
[2026-08-31T05:38:40.006+0000] {logging_mixin.py:188} INFO - [2026-08-31T05:38:40.006+0000] {dag.py:3089} INFO - Sync 1 DAGs
[2026-08-31T05:38:40.042+0000] {logging_mixin.py:188} INFO - [2026-08-31T05:38:40.042+0000] {dag.py:3947} INFO - Setting next_dagrun for spotify_minio_to_snowflake_bronze to 2026-08-31 05:00:00+00:00, run_after=2026-08-31 06:00:00+00:00
[2026-08-31T05:38:40.075+0000] {processor.py:183} INFO - Processing /opt/airflow/dags/minio-to-kafka.py took 3.660 seconds
[2026-08-31T05:39:10.409+0000] {processor.py:161} INFO - Started process (PID=3202) to work on /opt/airflow/dags/minio-to-kafka.py
[2026-08-31T05:39:10.412+0000] {processor.py:830} INFO - Processing file /opt/airflow/dags/minio-to-kafka.py for tasks to queue
[2026-08-31T05:39:10.417+0000] {logging_mixin.py:188} INFO - [2026-08-31T05:39:10.416+0000] {dagbag.py:545} INFO - Filling up the DagBag from /opt/airflow/dags/minio-to-kafka.py
[2026-08-31T05:39:11.486+0000] {processor.py:840} INFO - DAG(s) 'spotify_minio_to_snowflake_bronze' retrieved from /opt/airflow/dags/minio-to-kafka.py
[2026-08-31T05:39:11.576+0000] {logging_mixin.py:188} INFO - [2026-08-31T05:39:11.575+0000] {dag.py:3089} INFO - Sync 1 DAGs
[2026-08-31T05:39:12.384+0000] {logging_mixin.py:188} INFO - [2026-08-31T05:39:12.384+0000] {dag.py:3947} INFO - Setting next_dagrun for spotify_minio_to_snowflake_bronze to 2026-08-31 05:00:00+00:00, run_after=2026-08-31 06:00:00+00:00
[2026-08-31T05:39:12.430+0000] {processor.py:183} INFO - Processing /opt/airflow/dags/minio-to-kafka.py took 2.036 seconds
[2026-08-31T05:39:42.727+0000] {processor.py:161} INFO - Started process (PID=3205) to work on /opt/airflow/dags/minio-to-kafka.py
[2026-08-31T05:39:42.730+0000] {processor.py:830} INFO - Processing file /opt/airflow/dags/minio-to-kafka.py for tasks to queue
[2026-08-31T05:39:42.748+0000] {logging_mixin.py:188} INFO - [2026-08-31T05:39:42.745+0000] {dagbag.py:545} INFO - Filling up the DagBag from /opt/airflow/dags/minio-to-kafka.py
[2026-08-31T05:39:44.389+0000] {processor.py:840} INFO - DAG(s) 'spotify_minio_to_snowflake_bronze' retrieved from /opt/airflow/dags/minio-to-kafka.py
[2026-08-31T05:39:44.442+0000] {logging_mixin.py:188} INFO - [2026-08-31T05:39:44.442+0000] {dag.py:3089} INFO - Sync 1 DAGs
[2026-08-31T05:39:44.486+0000] {logging_mixin.py:188} INFO - [2026-08-31T05:39:44.486+0000] {dag.py:3947} INFO - Setting next_dagrun for spotify_minio_to_snowflake_bronze to 2026-08-31 05:00:00+00:00, run_after=2026-08-31 06:00:00+00:00
[2026-08-31T05:39:44.520+0000] {processor.py:183} INFO - Processing /opt/airflow/dags/minio-to-kafka.py took 1.802 seconds
[2026-08-31T05:40:14.922+0000] {processor.py:161} INFO - Started process (PID=3208) to work on /opt/airflow/dags/minio-to-kafka.py
[2026-08-31T05:40:14.925+0000] {processor.py:830} INFO - Processing file /opt/airflow/dags/minio-to-kafka.py for tasks to queue
[2026-08-31T05:40:14.930+0000] {logging_mixin.py:188} INFO - [2026-08-31T05:40:14.929+0000] {dagbag.py:545} INFO - Filling up the DagBag from /opt/airflow/dags/minio-to-kafka.py
[2026-08-31T05:40:16.091+0000] {processor.py:840} INFO - DAG(s) 'spotify_minio_to_snowflake_bronze' retrieved from /opt/airflow/dags/minio-to-kafka.py
[2026-08-31T05:40:16.158+0000] {logging_mixin.py:188} INFO - [2026-08-31T05:40:16.157+0000] {dag.py:3089} INFO - Sync 1 DAGs
[2026-08-31T05:40:16.273+0000] {logging_mixin.py:188} INFO - [2026-08-31T05:40:16.272+0000] {dag.py:3947} INFO - Setting next_dagrun for spotify_minio_to_snowflake_bronze to 2026-08-31 05:00:00+00:00, run_after=2026-08-31 06:00:00+00:00
[2026-08-31T05:40:16.395+0000] {processor.py:183} INFO - Processing /opt/airflow/dags/minio-to-kafka.py took 1.481 seconds
[2026-08-31T05:40:47.097+0000] {processor.py:161} INFO - Started process (PID=3211) to work on /opt/airflow/dags/minio-to-kafka.py
[2026-08-31T05:40:47.100+0000] {processor.py:830} INFO - Processing file /opt/airflow/dags/minio-to-kafka.py for tasks to queue
[2026-08-31T05:40:47.103+0000] {logging_mixin.py:188} INFO - [2026-08-31T05:40:47.103+0000] {dagbag.py:545} INFO - Filling up the DagBag from /opt/airflow/dags/minio-to-kafka.py
[2026-08-31T05:40:48.869+0000] {processor.py:840} INFO - DAG(s) 'spotify_minio_to_snowflake_bronze' retrieved from /opt/airflow/dags/minio-to-kafka.py
[2026-08-31T05:40:48.932+0000] {logging_mixin.py:188} INFO - [2026-08-31T05:40:48.932+0000] {dag.py:3089} INFO - Sync 1 DAGs
[2026-08-31T05:40:48.963+0000] {logging_mixin.py:188} INFO - [2026-08-31T05:40:48.963+0000] {dag.py:3947} INFO - Setting next_dagrun for spotify_minio_to_snowflake_bronze to 2026-08-31 05:00:00+00:00, run_after=2026-08-31 06:00:00+00:00
[2026-08-31T05:40:48.992+0000] {processor.py:183} INFO - Processing /opt/airflow/dags/minio-to-kafka.py took 2.073 seconds
[2026-08-31T05:41:19.234+0000] {processor.py:161} INFO - Started process (PID=3214) to work on /opt/airflow/dags/minio-to-kafka.py
[2026-08-31T05:41:19.238+0000] {processor.py:830} INFO - Processing file /opt/airflow/dags/minio-to-kafka.py for tasks to queue
[2026-08-31T05:41:19.247+0000] {logging_mixin.py:188} INFO - [2026-08-31T05:41:19.246+0000] {dagbag.py:545} INFO - Filling up the DagBag from /opt/airflow/dags/minio-to-kafka.py
[2026-08-31T05:41:21.253+0000] {processor.py:840} INFO - DAG(s) 'spotify_minio_to_snowflake_bronze' retrieved from /opt/airflow/dags/minio-to-kafka.py
[2026-08-31T05:41:21.321+0000] {logging_mixin.py:188} INFO - [2026-08-31T05:41:21.320+0000] {dag.py:3089} INFO - Sync 1 DAGs
[2026-08-31T05:41:21.388+0000] {logging_mixin.py:188} INFO - [2026-08-31T05:41:21.387+0000] {dag.py:3947} INFO - Setting next_dagrun for spotify_minio_to_snowflake_bronze to 2026-08-31 05:00:00+00:00, run_after=2026-08-31 06:00:00+00:00
[2026-08-31T05:41:21.442+0000] {processor.py:183} INFO - Processing /opt/airflow/dags/minio-to-kafka.py took 2.231 seconds
[2026-08-31T05:41:51.632+0000] {processor.py:161} INFO - Started process (PID=3217) to work on /opt/airflow/dags/minio-to-kafka.py
[2026-08-31T05:41:51.634+0000] {processor.py:830} INFO - Processing file /opt/airflow/dags/minio-to-kafka.py for tasks to queue
[2026-08-31T05:41:51.663+0000] {logging_mixin.py:188} INFO - [2026-08-31T05:41:51.659+0000] {dagbag.py:545} INFO - Filling up the DagBag from /opt/airflow/dags/minio-to-kafka.py
[2026-08-31T05:41:53.305+0000] {processor.py:840} INFO - DAG(s) 'spotify_minio_to_snowflake_bronze' retrieved from /opt/airflow/dags/minio-to-kafka.py
[2026-08-31T05:41:53.370+0000] {logging_mixin.py:188} INFO - [2026-08-31T05:41:53.370+0000] {dag.py:3089} INFO - Sync 1 DAGs
[2026-08-31T05:41:53.402+0000] {logging_mixin.py:188} INFO - [2026-08-31T05:41:53.402+0000] {dag.py:3947} INFO - Setting next_dagrun for spotify_minio_to_snowflake_bronze to 2026-08-31 05:00:00+00:00, run_after=2026-08-31 06:00:00+00:00
[2026-08-31T05:41:53.429+0000] {processor.py:183} INFO - Processing /opt/airflow/dags/minio-to-kafka.py took 1.806 seconds
[2026-08-31T05:42:23.808+0000] {processor.py:161} INFO - Started process (PID=3220) to work on /opt/airflow/dags/minio-to-kafka.py
[2026-08-31T05:42:23.809+0000] {processor.py:830} INFO - Processing file /opt/airflow/dags/minio-to-kafka.py for tasks to queue
[2026-08-31T05:42:23.813+0000] {logging_mixin.py:188} INFO - [2026-08-31T05:42:23.812+0000] {dagbag.py:545} INFO - Filling up the DagBag from /opt/airflow/dags/minio-to-kafka.py
[2026-08-31T05:42:24.898+0000] {processor.py:840} INFO - DAG(s) 'spotify_minio_to_snowflake_bronze' retrieved from /opt/airflow/dags/minio-to-kafka.py
[2026-08-31T05:42:24.968+0000] {logging_mixin.py:188} INFO - [2026-08-31T05:42:24.968+0000] {dag.py:3089} INFO - Sync 1 DAGs
[2026-08-31T05:42:24.997+0000] {logging_mixin.py:188} INFO - [2026-08-31T05:42:24.997+0000] {dag.py:3947} INFO - Setting next_dagrun for spotify_minio_to_snowflake_bronze to 2026-08-31 05:00:00+00:00, run_after=2026-08-31 06:00:00+00:00
[2026-08-31T05:42:25.026+0000] {processor.py:183} INFO - Processing /opt/airflow/dags/minio-to-kafka.py took 1.228 seconds
[2026-08-31T05:42:56.043+0000] {processor.py:161} INFO - Started process (PID=3223) to work on /opt/airflow/dags/minio-to-kafka.py
[2026-08-31T05:42:56.046+0000] {processor.py:830} INFO - Processing file /opt/airflow/dags/minio-to-kafka.py for tasks to queue
[2026-08-31T05:42:56.051+0000] {logging_mixin.py:188} INFO - [2026-08-31T05:42:56.050+0000] {dagbag.py:545} INFO - Filling up the DagBag from /opt/airflow/dags/minio-to-kafka.py
[2026-08-31T05:42:57.539+0000] {processor.py:840} INFO - DAG(s) 'spotify_minio_to_snowflake_bronze' retrieved from /opt/airflow/dags/minio-to-kafka.py
[2026-08-31T05:42:57.580+0000] {logging_mixin.py:188} INFO - [2026-08-31T05:42:57.579+0000] {dag.py:3089} INFO - Sync 1 DAGs
[2026-08-31T05:42:57.614+0000] {logging_mixin.py:188} INFO - [2026-08-31T05:42:57.613+0000] {dag.py:3947} INFO - Setting next_dagrun for spotify_minio_to_snowflake_bronze to 2026-08-31 05:00:00+00:00, run_after=2026-08-31 06:00:00+00:00
[2026-08-31T05:42:57.642+0000] {processor.py:183} INFO - Processing /opt/airflow/dags/minio-to-kafka.py took 1.611 seconds
[2026-08-31T05:43:27.928+0000] {processor.py:161} INFO - Started process (PID=3226) to work on /opt/airflow/dags/minio-to-kafka.py
[2026-08-31T05:43:27.930+0000] {processor.py:830} INFO - Processing file /opt/airflow/dags/minio-to-kafka.py for tasks to queue
[2026-08-31T05:43:27.933+0000] {logging_mixin.py:188} INFO - [2026-08-31T05:43:27.933+0000] {dagbag.py:545} INFO - Filling up the DagBag from /opt/airflow/dags/minio-to-kafka.py
[2026-08-31T05:43:29.155+0000] {processor.py:840} INFO - DAG(s) 'spotify_minio_to_snowflake_bronze' retrieved from /opt/airflow/dags/minio-to-kafka.py
[2026-08-31T05:43:29.195+0000] {logging_mixin.py:188} INFO - [2026-08-31T05:43:29.194+0000] {dag.py:3089} INFO - Sync 1 DAGs
[2026-08-31T05:43:29.229+0000] {logging_mixin.py:188} INFO - [2026-08-31T05:43:29.228+0000] {dag.py:3947} INFO - Setting next_dagrun for spotify_minio_to_snowflake_bronze to 2026-08-31 05:00:00+00:00, run_after=2026-08-31 06:00:00+00:00
[2026-08-31T05:43:29.264+0000] {processor.py:183} INFO - Processing /opt/airflow/dags/minio-to-kafka.py took 1.344 seconds
[2026-08-31T05:43:59.645+0000] {processor.py:161} INFO - Started process (PID=3229) to work on /opt/airflow/dags/minio-to-kafka.py
[2026-08-31T05:43:59.647+0000] {processor.py:830} INFO - Processing file /opt/airflow/dags/minio-to-kafka.py for tasks to queue
[2026-08-31T05:43:59.652+0000] {logging_mixin.py:188} INFO - [2026-08-31T05:43:59.651+0000] {dagbag.py:545} INFO - Filling up the DagBag from /opt/airflow/dags/minio-to-kafka.py
[2026-08-31T05:44:00.753+0000] {processor.py:840} INFO - DAG(s) 'spotify_minio_to_snowflake_bronze' retrieved from /opt/airflow/dags/minio-to-kafka.py
[2026-08-31T05:44:00.800+0000] {logging_mixin.py:188} INFO - [2026-08-31T05:44:00.800+0000] {dag.py:3089} INFO - Sync 1 DAGs
[2026-08-31T05:44:00.826+0000] {logging_mixin.py:188} INFO - [2026-08-31T05:44:00.826+0000] {dag.py:3947} INFO - Setting next_dagrun for spotify_minio_to_snowflake_bronze to 2026-08-31 05:00:00+00:00, run_after=2026-08-31 06:00:00+00:00
[2026-08-31T05:44:00.849+0000] {processor.py:183} INFO - Processing /opt/airflow/dags/minio-to-kafka.py took 1.214 seconds
[2026-08-31T05:44:30.962+0000] {processor.py:161} INFO - Started process (PID=3232) to work on /opt/airflow/dags/minio-to-kafka.py
[2026-08-31T05:44:30.964+0000] {processor.py:830} INFO - Processing file /opt/airflow/dags/minio-to-kafka.py for tasks to queue
[2026-08-31T05:44:30.966+0000] {logging_mixin.py:188} INFO - [2026-08-31T05:44:30.966+0000] {dagbag.py:545} INFO - Filling up the DagBag from /opt/airflow/dags/minio-to-kafka.py
[2026-08-31T05:44:31.986+0000] {processor.py:840} INFO - DAG(s) 'spotify_minio_to_snowflake_bronze' retrieved from /opt/airflow/dags/minio-to-kafka.py
[2026-08-31T05:44:32.027+0000] {logging_mixin.py:188} INFO - [2026-08-31T05:44:32.026+0000] {dag.py:3089} INFO - Sync 1 DAGs
[2026-08-31T05:44:32.052+0000] {logging_mixin.py:188} INFO - [2026-08-31T05:44:32.052+0000] {dag.py:3947} INFO - Setting next_dagrun for spotify_minio_to_snowflake_bronze to 2026-08-31 05:00:00+00:00, run_after=2026-08-31 06:00:00+00:00
[2026-08-31T05:44:32.077+0000] {processor.py:183} INFO - Processing /opt/airflow/dags/minio-to-kafka.py took 1.123 seconds
[2026-08-31T05:45:02.356+0000] {processor.py:161} INFO - Started process (PID=3235) to work on /opt/airflow/dags/minio-to-kafka.py
[2026-08-31T05:45:02.358+0000] {processor.py:830} INFO - Processing file /opt/airflow/dags/minio-to-kafka.py for tasks to queue
[2026-08-31T05:45:02.362+0000] {logging_mixin.py:188} INFO - [2026-08-31T05:45:02.361+0000] {dagbag.py:545} INFO - Filling up the DagBag from /opt/airflow/dags/minio-to-kafka.py
[2026-08-31T05:45:03.867+0000] {processor.py:840} INFO - DAG(s) 'spotify_minio_to_snowflake_bronze' retrieved from /opt/airflow/dags/minio-to-kafka.py
[2026-08-31T05:45:03.927+0000] {logging_mixin.py:188} INFO - [2026-08-31T05:45:03.926+0000] {dag.py:3089} INFO - Sync 1 DAGs
[2026-08-31T05:45:03.969+0000] {logging_mixin.py:188} INFO - [2026-08-31T05:45:03.967+0000] {dag.py:3947} INFO - Setting next_dagrun for spotify_minio_to_snowflake_bronze to 2026-08-31 05:00:00+00:00, run_after=2026-08-31 06:00:00+00:00
[2026-08-31T05:45:04.009+0000] {processor.py:183} INFO - Processing /opt/airflow/dags/minio-to-kafka.py took 1.666 seconds
[2026-08-31T05:45:34.335+0000] {processor.py:161} INFO - Started process (PID=3238) to work on /opt/airflow/dags/minio-to-kafka.py
[2026-08-31T05:45:34.337+0000] {processor.py:830} INFO - Processing file /opt/airflow/dags/minio-to-kafka.py for tasks to queue
[2026-08-31T05:45:34.341+0000] {logging_mixin.py:188} INFO - [2026-08-31T05:45:34.341+0000] {dagbag.py:545} INFO - Filling up the DagBag from /opt/airflow/dags/minio-to-kafka.py
[2026-08-31T05:45:35.233+0000] {processor.py:840} INFO - DAG(s) 'spotify_minio_to_snowflake_bronze' retrieved from /opt/airflow/dags/minio-to-kafka.py
[2026-08-31T05:45:35.266+0000] {logging_mixin.py:188} INFO - [2026-08-31T05:45:35.265+0000] {dag.py:3089} INFO - Sync 1 DAGs
[2026-08-31T05:45:35.295+0000] {logging_mixin.py:188} INFO - [2026-08-31T05:45:35.295+0000] {dag.py:3947} INFO - Setting next_dagrun for spotify_minio_to_snowflake_bronze to 2026-08-31 05:00:00+00:00, run_after=2026-08-31 06:00:00+00:00
[2026-08-31T05:45:35.320+0000] {processor.py:183} INFO - Processing /opt/airflow/dags/minio-to-kafka.py took 0.995 seconds
[2026-08-31T05:46:05.672+0000] {processor.py:161} INFO - Started process (PID=3241) to work on /opt/airflow/dags/minio-to-kafka.py
[2026-08-31T05:46:05.673+0000] {processor.py:830} INFO - Processing file /opt/airflow/dags/minio-to-kafka.py for tasks to queue
[2026-08-31T05:46:05.676+0000] {logging_mixin.py:188} INFO - [2026-08-31T05:46:05.676+0000] {dagbag.py:545} INFO - Filling up the DagBag from /opt/airflow/dags/minio-to-kafka.py
[2026-08-31T05:46:06.435+0000] {processor.py:840} INFO - DAG(s) 'spotify_minio_to_snowflake_bronze' retrieved from /opt/airflow/dags/minio-to-kafka.py
[2026-08-31T05:46:06.683+0000] {logging_mixin.py:188} INFO - [2026-08-31T05:46:06.682+0000] {dag.py:3089} INFO - Sync 1 DAGs
[2026-08-31T05:46:06.719+0000] {logging_mixin.py:188} INFO - [2026-08-31T05:46:06.719+0000] {dag.py:3947} INFO - Setting next_dagrun for spotify_minio_to_snowflake_bronze to 2026-08-31 05:00:00+00:00, run_after=2026-08-31 06:00:00+00:00
[2026-08-31T05:46:06.744+0000] {processor.py:183} INFO - Processing /opt/airflow/dags/minio-to-kafka.py took 1.080 seconds
[2026-08-31T05:46:37.028+0000] {processor.py:161} INFO - Started process (PID=3244) to work on /opt/airflow/dags/minio-to-kafka.py
[2026-08-31T05:46:37.032+0000] {processor.py:830} INFO - Processing file /opt/airflow/dags/minio-to-kafka.py for tasks to queue
[2026-08-31T05:46:37.041+0000] {logging_mixin.py:188} INFO - [2026-08-31T05:46:37.040+0000] {dagbag.py:545} INFO - Filling up the DagBag from /opt/airflow/dags/minio-to-kafka.py
[2026-08-31T05:46:38.754+0000] {processor.py:840} INFO - DAG(s) 'spotify_minio_to_snowflake_bronze' retrieved from /opt/airflow/dags/minio-to-kafka.py
[2026-08-31T05:46:38.862+0000] {logging_mixin.py:188} INFO - [2026-08-31T05:46:38.861+0000] {dag.py:3089} INFO - Sync 1 DAGs
[2026-08-31T05:46:38.924+0000] {logging_mixin.py:188} INFO - [2026-08-31T05:46:38.923+0000] {dag.py:3947} INFO - Setting next_dagrun for spotify_minio_to_snowflake_bronze to 2026-08-31 05:00:00+00:00, run_after=2026-08-31 06:00:00+00:00
[2026-08-31T05:46:38.964+0000] {processor.py:183} INFO - Processing /opt/airflow/dags/minio-to-kafka.py took 1.953 seconds
[2026-08-31T05:47:09.389+0000] {processor.py:161} INFO - Started process (PID=3247) to work on /opt/airflow/dags/minio-to-kafka.py
[2026-08-31T05:47:09.392+0000] {processor.py:830} INFO - Processing file /opt/airflow/dags/minio-to-kafka.py for tasks to queue
[2026-08-31T05:47:09.400+0000] {logging_mixin.py:188} INFO - [2026-08-31T05:47:09.399+0000] {dagbag.py:545} INFO - Filling up the DagBag from /opt/airflow/dags/minio-to-kafka.py
[2026-08-31T05:47:10.666+0000] {processor.py:840} INFO - DAG(s) 'spotify_minio_to_snowflake_bronze' retrieved from /opt/airflow/dags/minio-to-kafka.py
[2026-08-31T05:47:10.709+0000] {logging_mixin.py:188} INFO - [2026-08-31T05:47:10.708+0000] {dag.py:3089} INFO - Sync 1 DAGs
[2026-08-31T05:47:10.739+0000] {logging_mixin.py:188} INFO - [2026-08-31T05:47:10.738+0000] {dag.py:3947} INFO - Setting next_dagrun for spotify_minio_to_snowflake_bronze to 2026-08-31 05:00:00+00:00, run_after=2026-08-31 06:00:00+00:00
[2026-08-31T05:47:10.766+0000] {processor.py:183} INFO - Processing /opt/airflow/dags/minio-to-kafka.py took 1.391 seconds
[2026-08-31T05:47:41.342+0000] {processor.py:161} INFO - Started process (PID=3250) to work on /opt/airflow/dags/minio-to-kafka.py
[2026-08-31T05:47:41.392+0000] {processor.py:830} INFO - Processing file /opt/airflow/dags/minio-to-kafka.py for tasks to queue
[2026-08-31T05:47:41.507+0000] {logging_mixin.py:188} INFO - [2026-08-31T05:47:41.493+0000] {dagbag.py:545} INFO - Filling up the DagBag from /opt/airflow/dags/minio-to-kafka.py
[2026-08-31T05:47:57.476+0000] {processor.py:840} INFO - DAG(s) 'spotify_minio_to_snowflake_bronze' retrieved from /opt/airflow/dags/minio-to-kafka.py
[2026-08-31T05:47:57.561+0000] {logging_mixin.py:188} INFO - [2026-08-31T05:47:57.560+0000] {dag.py:3089} INFO - Sync 1 DAGs
[2026-08-31T05:47:57.620+0000] {logging_mixin.py:188} INFO - [2026-08-31T05:47:57.620+0000] {dag.py:3947} INFO - Setting next_dagrun for spotify_minio_to_snowflake_bronze to 2026-08-31 05:00:00+00:00, run_after=2026-08-31 06:00:00+00:00
[2026-08-31T05:47:57.672+0000] {processor.py:183} INFO - Processing /opt/airflow/dags/minio-to-kafka.py took 16.556 seconds
[2026-08-31T05:48:28.088+0000] {processor.py:161} INFO - Started process (PID=3253) to work on /opt/airflow/dags/minio-to-kafka.py
[2026-08-31T05:48:28.089+0000] {processor.py:830} INFO - Processing file /opt/airflow/dags/minio-to-kafka.py for tasks to queue
[2026-08-31T05:48:28.098+0000] {logging_mixin.py:188} INFO - [2026-08-31T05:48:28.097+0000] {dagbag.py:545} INFO - Filling up the DagBag from /opt/airflow/dags/minio-to-kafka.py
[2026-08-31T05:48:29.044+0000] {processor.py:840} INFO - DAG(s) 'spotify_minio_to_snowflake_bronze' retrieved from /opt/airflow/dags/minio-to-kafka.py
[2026-08-31T05:48:29.083+0000] {logging_mixin.py:188} INFO - [2026-08-31T05:48:29.082+0000] {dag.py:3089} INFO - Sync 1 DAGs
[2026-08-31T05:48:29.109+0000] {logging_mixin.py:188} INFO - [2026-08-31T05:48:29.109+0000] {dag.py:3947} INFO - Setting next_dagrun for spotify_minio_to_snowflake_bronze to 2026-08-31 05:00:00+00:00, run_after=2026-08-31 06:00:00+00:00
[2026-08-31T05:48:29.133+0000] {processor.py:183} INFO - Processing /opt/airflow/dags/minio-to-kafka.py took 1.054 seconds
[2026-08-31T05:48:59.381+0000] {processor.py:161} INFO - Started process (PID=3256) to work on /opt/airflow/dags/minio-to-kafka.py
[2026-08-31T05:48:59.383+0000] {processor.py:830} INFO - Processing file /opt/airflow/dags/minio-to-kafka.py for tasks to queue
[2026-08-31T05:48:59.387+0000] {logging_mixin.py:188} INFO - [2026-08-31T05:48:59.386+0000] {dagbag.py:545} INFO - Filling up the DagBag from /opt/airflow/dags/minio-to-kafka.py
[2026-08-31T05:49:00.447+0000] {processor.py:840} INFO - DAG(s) 'spotify_minio_to_snowflake_bronze' retrieved from /opt/airflow/dags/minio-to-kafka.py
[2026-08-31T05:49:00.488+0000] {logging_mixin.py:188} INFO - [2026-08-31T05:49:00.487+0000] {dag.py:3089} INFO - Sync 1 DAGs
[2026-08-31T05:49:00.517+0000] {logging_mixin.py:188} INFO - [2026-08-31T05:49:00.517+0000] {dag.py:3947} INFO - Setting next_dagrun for spotify_minio_to_snowflake_bronze to 2026-08-31 05:00:00+00:00, run_after=2026-08-31 06:00:00+00:00
[2026-08-31T05:49:00.544+0000] {processor.py:183} INFO - Processing /opt/airflow/dags/minio-to-kafka.py took 1.174 seconds
[2026-08-31T05:49:30.696+0000] {processor.py:161} INFO - Started process (PID=3259) to work on /opt/airflow/dags/minio-to-kafka.py
[2026-08-31T05:49:30.698+0000] {processor.py:830} INFO - Processing file /opt/airflow/dags/minio-to-kafka.py for tasks to queue
[2026-08-31T05:49:30.701+0000] {logging_mixin.py:188} INFO - [2026-08-31T05:49:30.701+0000] {dagbag.py:545} INFO - Filling up the DagBag from /opt/airflow/dags/minio-to-kafka.py
[2026-08-31T05:49:31.653+0000] {processor.py:840} INFO - DAG(s) 'spotify_minio_to_snowflake_bronze' retrieved from /opt/airflow/dags/minio-to-kafka.py
[2026-08-31T05:49:31.693+0000] {logging_mixin.py:188} INFO - [2026-08-31T05:49:31.693+0000] {dag.py:3089} INFO - Sync 1 DAGs
[2026-08-31T05:49:31.720+0000] {logging_mixin.py:188} INFO - [2026-08-31T05:49:31.720+0000] {dag.py:3947} INFO - Setting next_dagrun for spotify_minio_to_snowflake_bronze to 2026-08-31 05:00:00+00:00, run_after=2026-08-31 06:00:00+00:00
[2026-08-31T05:49:31.744+0000] {processor.py:183} INFO - Processing /opt/airflow/dags/minio-to-kafka.py took 1.055 seconds
[2026-08-31T05:50:02.037+0000] {processor.py:161} INFO - Started process (PID=3262) to work on /opt/airflow/dags/minio-to-kafka.py
[2026-08-31T05:50:02.041+0000] {processor.py:830} INFO - Processing file /opt/airflow/dags/minio-to-kafka.py for tasks to queue
[2026-08-31T05:50:02.050+0000] {logging_mixin.py:188} INFO - [2026-08-31T05:50:02.049+0000] {dagbag.py:545} INFO - Filling up the DagBag from /opt/airflow/dags/minio-to-kafka.py
[2026-08-31T05:50:03.244+0000] {processor.py:840} INFO - DAG(s) 'spotify_minio_to_snowflake_bronze' retrieved from /opt/airflow/dags/minio-to-kafka.py
[2026-08-31T05:50:03.281+0000] {logging_mixin.py:188} INFO - [2026-08-31T05:50:03.281+0000] {dag.py:3089} INFO - Sync 1 DAGs
[2026-08-31T05:50:03.309+0000] {logging_mixin.py:188} INFO - [2026-08-31T05:50:03.309+0000] {dag.py:3947} INFO - Setting next_dagrun for spotify_minio_to_snowflake_bronze to 2026-08-31 05:00:00+00:00, run_after=2026-08-31 06:00:00+00:00
[2026-08-31T05:50:03.332+0000] {processor.py:183} INFO - Processing /opt/airflow/dags/minio-to-kafka.py took 1.322 seconds
[2026-08-31T05:50:33.748+0000] {processor.py:161} INFO - Started process (PID=3265) to work on /opt/airflow/dags/minio-to-kafka.py
[2026-08-31T05:50:33.750+0000] {processor.py:830} INFO - Processing file /opt/airflow/dags/minio-to-kafka.py for tasks to queue
[2026-08-31T05:50:33.757+0000] {logging_mixin.py:188} INFO - [2026-08-31T05:50:33.756+0000] {dagbag.py:545} INFO - Filling up the DagBag from /opt/airflow/dags/minio-to-kafka.py
[2026-08-31T05:50:34.777+0000] {processor.py:840} INFO - DAG(s) 'spotify_minio_to_snowflake_bronze' retrieved from /opt/airflow/dags/minio-to-kafka.py
[2026-08-31T05:50:35.150+0000] {logging_mixin.py:188} INFO - [2026-08-31T05:50:35.149+0000] {dag.py:3089} INFO - Sync 1 DAGs
[2026-08-31T05:50:35.190+0000] {logging_mixin.py:188} INFO - [2026-08-31T05:50:35.190+0000] {dag.py:3947} INFO - Setting next_dagrun for spotify_minio_to_snowflake_bronze to 2026-08-31 05:00:00+00:00, run_after=2026-08-31 06:00:00+00:00
[2026-08-31T05:50:35.216+0000] {processor.py:183} INFO - Processing /opt/airflow/dags/minio-to-kafka.py took 1.493 seconds
[2026-08-31T05:51:05.530+0000] {processor.py:161} INFO - Started process (PID=3268) to work on /opt/airflow/dags/minio-to-kafka.py
[2026-08-31T05:51:05.533+0000] {processor.py:830} INFO - Processing file /opt/airflow/dags/minio-to-kafka.py for tasks to queue
[2026-08-31T05:51:05.536+0000] {logging_mixin.py:188} INFO - [2026-08-31T05:51:05.536+0000] {dagbag.py:545} INFO - Filling up the DagBag from /opt/airflow/dags/minio-to-kafka.py
[2026-08-31T05:51:06.664+0000] {processor.py:840} INFO - DAG(s) 'spotify_minio_to_snowflake_bronze' retrieved from /opt/airflow/dags/minio-to-kafka.py
[2026-08-31T05:51:06.749+0000] {logging_mixin.py:188} INFO - [2026-08-31T05:51:06.748+0000] {dag.py:3089} INFO - Sync 1 DAGs
[2026-08-31T05:51:06.800+0000] {logging_mixin.py:188} INFO - [2026-08-31T05:51:06.799+0000] {dag.py:3947} INFO - Setting next_dagrun for spotify_minio_to_snowflake_bronze to 2026-08-31 05:00:00+00:00, run_after=2026-08-31 06:00:00+00:00
[2026-08-31T05:51:06.838+0000] {processor.py:183} INFO - Processing /opt/airflow/dags/minio-to-kafka.py took 1.316 seconds
[2026-08-31T05:51:37.157+0000] {processor.py:161} INFO - Started process (PID=3271) to work on /opt/airflow/dags/minio-to-kafka.py
[2026-08-31T05:51:37.162+0000] {processor.py:830} INFO - Processing file /opt/airflow/dags/minio-to-kafka.py for tasks to queue
[2026-08-31T05:51:37.169+0000] {logging_mixin.py:188} INFO - [2026-08-31T05:51:37.169+0000] {dagbag.py:545} INFO - Filling up the DagBag from /opt/airflow/dags/minio-to-kafka.py
[2026-08-31T05:51:38.368+0000] {processor.py:840} INFO - DAG(s) 'spotify_minio_to_snowflake_bronze' retrieved from /opt/airflow/dags/minio-to-kafka.py
[2026-08-31T05:51:38.412+0000] {logging_mixin.py:188} INFO - [2026-08-31T05:51:38.411+0000] {dag.py:3089} INFO - Sync 1 DAGs
[2026-08-31T05:51:38.441+0000] {logging_mixin.py:188} INFO - [2026-08-31T05:51:38.441+0000] {dag.py:3947} INFO - Setting next_dagrun for spotify_minio_to_snowflake_bronze to 2026-08-31 05:00:00+00:00, run_after=2026-08-31 06:00:00+00:00
[2026-08-31T05:51:38.470+0000] {processor.py:183} INFO - Processing /opt/airflow/dags/minio-to-kafka.py took 1.324 seconds
[2026-08-31T05:52:08.850+0000] {processor.py:161} INFO - Started process (PID=3274) to work on /opt/airflow/dags/minio-to-kafka.py
[2026-08-31T05:52:08.852+0000] {processor.py:830} INFO - Processing file /opt/airflow/dags/minio-to-kafka.py for tasks to queue
[2026-08-31T05:52:08.855+0000] {logging_mixin.py:188} INFO - [2026-08-31T05:52:08.854+0000] {dagbag.py:545} INFO - Filling up the DagBag from /opt/airflow/dags/minio-to-kafka.py
[2026-08-31T05:52:09.822+0000] {processor.py:840} INFO - DAG(s) 'spotify_minio_to_snowflake_bronze' retrieved from /opt/airflow/dags/minio-to-kafka.py
[2026-08-31T05:52:09.868+0000] {logging_mixin.py:188} INFO - [2026-08-31T05:52:09.867+0000] {dag.py:3089} INFO - Sync 1 DAGs
[2026-08-31T05:52:09.908+0000] {logging_mixin.py:188} INFO - [2026-08-31T05:52:09.908+0000] {dag.py:3947} INFO - Setting next_dagrun for spotify_minio_to_snowflake_bronze to 2026-08-31 05:00:00+00:00, run_after=2026-08-31 06:00:00+00:00
[2026-08-31T05:52:09.940+0000] {processor.py:183} INFO - Processing /opt/airflow/dags/minio-to-kafka.py took 1.098 seconds
[2026-08-31T05:52:40.091+0000] {processor.py:161} INFO - Started process (PID=3277) to work on /opt/airflow/dags/minio-to-kafka.py
[2026-08-31T05:52:40.093+0000] {processor.py:830} INFO - Processing file /opt/airflow/dags/minio-to-kafka.py for tasks to queue
[2026-08-31T05:52:40.098+0000] {logging_mixin.py:188} INFO - [2026-08-31T05:52:40.098+0000] {dagbag.py:545} INFO - Filling up the DagBag from /opt/airflow/dags/minio-to-kafka.py
[2026-08-31T05:52:41.172+0000] {processor.py:840} INFO - DAG(s) 'spotify_minio_to_snowflake_bronze' retrieved from /opt/airflow/dags/minio-to-kafka.py
[2026-08-31T05:52:41.239+0000] {logging_mixin.py:188} INFO - [2026-08-31T05:52:41.238+0000] {dag.py:3089} INFO - Sync 1 DAGs
[2026-08-31T05:52:41.283+0000] {logging_mixin.py:188} INFO - [2026-08-31T05:52:41.282+0000] {dag.py:3947} INFO - Setting next_dagrun for spotify_minio_to_snowflake_bronze to 2026-08-31 05:00:00+00:00, run_after=2026-08-31 06:00:00+00:00
[2026-08-31T05:52:41.324+0000] {processor.py:183} INFO - Processing /opt/airflow/dags/minio-to-kafka.py took 1.243 seconds
[2026-08-31T05:53:11.518+0000] {processor.py:161} INFO - Started process (PID=3280) to work on /opt/airflow/dags/minio-to-kafka.py
[2026-08-31T05:53:11.520+0000] {processor.py:830} INFO - Processing file /opt/airflow/dags/minio-to-kafka.py for tasks to queue
[2026-08-31T05:53:11.525+0000] {logging_mixin.py:188} INFO - [2026-08-31T05:53:11.525+0000] {dagbag.py:545} INFO - Filling up the DagBag from /opt/airflow/dags/minio-to-kafka.py
[2026-08-31T05:53:12.863+0000] {processor.py:840} INFO - DAG(s) 'spotify_minio_to_snowflake_bronze' retrieved from /opt/airflow/dags/minio-to-kafka.py
[2026-08-31T05:53:12.898+0000] {logging_mixin.py:188} INFO - [2026-08-31T05:53:12.898+0000] {dag.py:3089} INFO - Sync 1 DAGs
[2026-08-31T05:53:12.922+0000] {logging_mixin.py:188} INFO - [2026-08-31T05:53:12.922+0000] {dag.py:3947} INFO - Setting next_dagrun for spotify_minio_to_snowflake_bronze to 2026-08-31 05:00:00+00:00, run_after=2026-08-31 06:00:00+00:00
[2026-08-31T05:53:12.946+0000] {processor.py:183} INFO - Processing /opt/airflow/dags/minio-to-kafka.py took 1.437 seconds
[2026-08-31T05:53:43.302+0000] {processor.py:161} INFO - Started process (PID=3283) to work on /opt/airflow/dags/minio-to-kafka.py
[2026-08-31T05:53:43.306+0000] {processor.py:830} INFO - Processing file /opt/airflow/dags/minio-to-kafka.py for tasks to queue
[2026-08-31T05:53:43.311+0000] {logging_mixin.py:188} INFO - [2026-08-31T05:53:43.310+0000] {dagbag.py:545} INFO - Filling up the DagBag from /opt/airflow/dags/minio-to-kafka.py
[2026-08-31T05:53:45.084+0000] {processor.py:840} INFO - DAG(s) 'spotify_minio_to_snowflake_bronze' retrieved from /opt/airflow/dags/minio-to-kafka.py
[2026-08-31T05:53:45.266+0000] {logging_mixin.py:188} INFO - [2026-08-31T05:53:45.264+0000] {dag.py:3089} INFO - Sync 1 DAGs
[2026-08-31T05:53:45.405+0000] {logging_mixin.py:188} INFO - [2026-08-31T05:53:45.404+0000] {dag.py:3947} INFO - Setting next_dagrun for spotify_minio_to_snowflake_bronze to 2026-08-31 05:00:00+00:00, run_after=2026-08-31 06:00:00+00:00
[2026-08-31T05:53:45.464+0000] {processor.py:183} INFO - Processing /opt/airflow/dags/minio-to-kafka.py took 2.177 seconds
[2026-08-31T05:54:15.613+0000] {processor.py:161} INFO - Started process (PID=3286) to work on /opt/airflow/dags/minio-to-kafka.py
[2026-08-31T05:54:15.615+0000] {processor.py:830} INFO - Processing file /opt/airflow/dags/minio-to-kafka.py for tasks to queue
[2026-08-31T05:54:15.618+0000] {logging_mixin.py:188} INFO - [2026-08-31T05:54:15.618+0000] {dagbag.py:545} INFO - Filling up the DagBag from /opt/airflow/dags/minio-to-kafka.py
[2026-08-31T05:54:16.605+0000] {processor.py:840} INFO - DAG(s) 'spotify_minio_to_snowflake_bronze' retrieved from /opt/airflow/dags/minio-to-kafka.py
[2026-08-31T05:54:16.640+0000] {logging_mixin.py:188} INFO - [2026-08-31T05:54:16.640+0000] {dag.py:3089} INFO - Sync 1 DAGs
[2026-08-31T05:54:16.669+0000] {logging_mixin.py:188} INFO - [2026-08-31T05:54:16.669+0000] {dag.py:3947} INFO - Setting next_dagrun for spotify_minio_to_snowflake_bronze to 2026-08-31 05:00:00+00:00, run_after=2026-08-31 06:00:00+00:00
[2026-08-31T05:54:16.693+0000] {processor.py:183} INFO - Processing /opt/airflow/dags/minio-to-kafka.py took 1.089 seconds
[2026-08-31T05:54:46.965+0000] {processor.py:161} INFO - Started process (PID=3289) to work on /opt/airflow/dags/minio-to-kafka.py
[2026-08-31T05:54:46.969+0000] {processor.py:830} INFO - Processing file /opt/airflow/dags/minio-to-kafka.py for tasks to queue
[2026-08-31T05:54:46.973+0000] {logging_mixin.py:188} INFO - [2026-08-31T05:54:46.973+0000] {dagbag.py:545} INFO - Filling up the DagBag from /opt/airflow/dags/minio-to-kafka.py
[2026-08-31T05:54:48.182+0000] {processor.py:840} INFO - DAG(s) 'spotify_minio_to_snowflake_bronze' retrieved from /opt/airflow/dags/minio-to-kafka.py
[2026-08-31T05:54:48.231+0000] {logging_mixin.py:188} INFO - [2026-08-31T05:54:48.230+0000] {dag.py:3089} INFO - Sync 1 DAGs
[2026-08-31T05:54:48.264+0000] {logging_mixin.py:188} INFO - [2026-08-31T05:54:48.264+0000] {dag.py:3947} INFO - Setting next_dagrun for spotify_minio_to_snowflake_bronze to 2026-08-31 05:00:00+00:00, run_after=2026-08-31 06:00:00+00:00
[2026-08-31T05:54:48.294+0000] {processor.py:183} INFO - Processing /opt/airflow/dags/minio-to-kafka.py took 1.338 seconds
[2026-08-31T05:55:18.576+0000] {processor.py:161} INFO - Started process (PID=3292) to work on /opt/airflow/dags/minio-to-kafka.py
[2026-08-31T05:55:18.578+0000] {processor.py:830} INFO - Processing file /opt/airflow/dags/minio-to-kafka.py for tasks to queue
[2026-08-31T05:55:18.582+0000] {logging_mixin.py:188} INFO - [2026-08-31T05:55:18.581+0000] {dagbag.py:545} INFO - Filling up the DagBag from /opt/airflow/dags/minio-to-kafka.py
[2026-08-31T05:55:19.509+0000] {processor.py:840} INFO - DAG(s) 'spotify_minio_to_snowflake_bronze' retrieved from /opt/airflow/dags/minio-to-kafka.py
[2026-08-31T05:55:19.551+0000] {logging_mixin.py:188} INFO - [2026-08-31T05:55:19.550+0000] {dag.py:3089} INFO - Sync 1 DAGs
[2026-08-31T05:55:19.579+0000] {logging_mixin.py:188} INFO - [2026-08-31T05:55:19.578+0000] {dag.py:3947} INFO - Setting next_dagrun for spotify_minio_to_snowflake_bronze to 2026-08-31 05:00:00+00:00, run_after=2026-08-31 06:00:00+00:00
[2026-08-31T05:55:19.605+0000] {processor.py:183} INFO - Processing /opt/airflow/dags/minio-to-kafka.py took 1.037 seconds
[2026-08-31T05:55:49.839+0000] {processor.py:161} INFO - Started process (PID=3295) to work on /opt/airflow/dags/minio-to-kafka.py
[2026-08-31T05:55:49.841+0000] {processor.py:830} INFO - Processing file /opt/airflow/dags/minio-to-kafka.py for tasks to queue
[2026-08-31T05:55:49.847+0000] {logging_mixin.py:188} INFO - [2026-08-31T05:55:49.846+0000] {dagbag.py:545} INFO - Filling up the DagBag from /opt/airflow/dags/minio-to-kafka.py
[2026-08-31T05:55:50.988+0000] {processor.py:840} INFO - DAG(s) 'spotify_minio_to_snowflake_bronze' retrieved from /opt/airflow/dags/minio-to-kafka.py
[2026-08-31T05:55:51.024+0000] {logging_mixin.py:188} INFO - [2026-08-31T05:55:51.024+0000] {dag.py:3089} INFO - Sync 1 DAGs
[2026-08-31T05:55:51.056+0000] {logging_mixin.py:188} INFO - [2026-08-31T05:55:51.055+0000] {dag.py:3947} INFO - Setting next_dagrun for spotify_minio_to_snowflake_bronze to 2026-08-31 05:00:00+00:00, run_after=2026-08-31 06:00:00+00:00
[2026-08-31T05:55:51.087+0000] {processor.py:183} INFO - Processing /opt/airflow/dags/minio-to-kafka.py took 1.258 seconds
[2026-08-31T05:56:21.223+0000] {processor.py:161} INFO - Started process (PID=3298) to work on /opt/airflow/dags/minio-to-kafka.py
[2026-08-31T05:56:21.225+0000] {processor.py:830} INFO - Processing file /opt/airflow/dags/minio-to-kafka.py for tasks to queue
[2026-08-31T05:56:21.228+0000] {logging_mixin.py:188} INFO - [2026-08-31T05:56:21.227+0000] {dagbag.py:545} INFO - Filling up the DagBag from /opt/airflow/dags/minio-to-kafka.py
[2026-08-31T05:56:22.238+0000] {processor.py:840} INFO - DAG(s) 'spotify_minio_to_snowflake_bronze' retrieved from /opt/airflow/dags/minio-to-kafka.py
[2026-08-31T05:56:22.297+0000] {logging_mixin.py:188} INFO - [2026-08-31T05:56:22.295+0000] {dag.py:3089} INFO - Sync 1 DAGs
[2026-08-31T05:56:22.346+0000] {logging_mixin.py:188} INFO - [2026-08-31T05:56:22.346+0000] {dag.py:3947} INFO - Setting next_dagrun for spotify_minio_to_snowflake_bronze to 2026-08-31 05:00:00+00:00, run_after=2026-08-31 06:00:00+00:00
[2026-08-31T05:56:22.372+0000] {processor.py:183} INFO - Processing /opt/airflow/dags/minio-to-kafka.py took 1.157 seconds
[2026-08-31T05:56:52.648+0000] {processor.py:161} INFO - Started process (PID=3301) to work on /opt/airflow/dags/minio-to-kafka.py
[2026-08-31T05:56:52.656+0000] {processor.py:830} INFO - Processing file /opt/airflow/dags/minio-to-kafka.py for tasks to queue
[2026-08-31T05:56:52.670+0000] {logging_mixin.py:188} INFO - [2026-08-31T05:56:52.668+0000] {dagbag.py:545} INFO - Filling up the DagBag from /opt/airflow/dags/minio-to-kafka.py
[2026-08-31T05:56:56.219+0000] {processor.py:840} INFO - DAG(s) 'spotify_minio_to_snowflake_bronze' retrieved from /opt/airflow/dags/minio-to-kafka.py
[2026-08-31T05:56:56.299+0000] {logging_mixin.py:188} INFO - [2026-08-31T05:56:56.298+0000] {dag.py:3089} INFO - Sync 1 DAGs
[2026-08-31T05:56:56.380+0000] {logging_mixin.py:188} INFO - [2026-08-31T05:56:56.379+0000] {dag.py:3947} INFO - Setting next_dagrun for spotify_minio_to_snowflake_bronze to 2026-08-31 05:00:00+00:00, run_after=2026-08-31 06:00:00+00:00
[2026-08-31T05:56:56.432+0000] {processor.py:183} INFO - Processing /opt/airflow/dags/minio-to-kafka.py took 3.805 seconds
[2026-08-31T05:57:26.781+0000] {processor.py:161} INFO - Started process (PID=3304) to work on /opt/airflow/dags/minio-to-kafka.py
[2026-08-31T05:57:26.783+0000] {processor.py:830} INFO - Processing file /opt/airflow/dags/minio-to-kafka.py for tasks to queue
[2026-08-31T05:57:26.788+0000] {logging_mixin.py:188} INFO - [2026-08-31T05:57:26.787+0000] {dagbag.py:545} INFO - Filling up the DagBag from /opt/airflow/dags/minio-to-kafka.py
[2026-08-31T05:57:27.752+0000] {processor.py:840} INFO - DAG(s) 'spotify_minio_to_snowflake_bronze' retrieved from /opt/airflow/dags/minio-to-kafka.py
[2026-08-31T05:57:27.789+0000] {logging_mixin.py:188} INFO - [2026-08-31T05:57:27.788+0000] {dag.py:3089} INFO - Sync 1 DAGs
[2026-08-31T05:57:27.816+0000] {logging_mixin.py:188} INFO - [2026-08-31T05:57:27.816+0000] {dag.py:3947} INFO - Setting next_dagrun for spotify_minio_to_snowflake_bronze to 2026-08-31 05:00:00+00:00, run_after=2026-08-31 06:00:00+00:00
[2026-08-31T05:57:27.842+0000] {processor.py:183} INFO - Processing /opt/airflow/dags/minio-to-kafka.py took 1.071 seconds
[2026-08-31T05:57:58.065+0000] {processor.py:161} INFO - Started process (PID=3307) to work on /opt/airflow/dags/minio-to-kafka.py
[2026-08-31T05:57:58.068+0000] {processor.py:830} INFO - Processing file /opt/airflow/dags/minio-to-kafka.py for tasks to queue
[2026-08-31T05:57:58.075+0000] {logging_mixin.py:188} INFO - [2026-08-31T05:57:58.074+0000] {dagbag.py:545} INFO - Filling up the DagBag from /opt/airflow/dags/minio-to-kafka.py
[2026-08-31T05:57:59.724+0000] {processor.py:840} INFO - DAG(s) 'spotify_minio_to_snowflake_bronze' retrieved from /opt/airflow/dags/minio-to-kafka.py
[2026-08-31T05:57:59.797+0000] {logging_mixin.py:188} INFO - [2026-08-31T05:57:59.797+0000] {dag.py:3089} INFO - Sync 1 DAGs
[2026-08-31T05:57:59.832+0000] {logging_mixin.py:188} INFO - [2026-08-31T05:57:59.832+0000] {dag.py:3947} INFO - Setting next_dagrun for spotify_minio_to_snowflake_bronze to 2026-08-31 05:00:00+00:00, run_after=2026-08-31 06:00:00+00:00
[2026-08-31T05:57:59.861+0000] {processor.py:183} INFO - Processing /opt/airflow/dags/minio-to-kafka.py took 1.808 seconds
[2026-08-31T05:58:30.241+0000] {processor.py:161} INFO - Started process (PID=3310) to work on /opt/airflow/dags/minio-to-kafka.py
[2026-08-31T05:58:30.247+0000] {processor.py:830} INFO - Processing file /opt/airflow/dags/minio-to-kafka.py for tasks to queue
[2026-08-31T05:58:30.259+0000] {logging_mixin.py:188} INFO - [2026-08-31T05:58:30.257+0000] {dagbag.py:545} INFO - Filling up the DagBag from /opt/airflow/dags/minio-to-kafka.py
[2026-08-31T05:58:31.309+0000] {processor.py:840} INFO - DAG(s) 'spotify_minio_to_snowflake_bronze' retrieved from /opt/airflow/dags/minio-to-kafka.py
[2026-08-31T05:58:31.350+0000] {logging_mixin.py:188} INFO - [2026-08-31T05:58:31.349+0000] {dag.py:3089} INFO - Sync 1 DAGs
[2026-08-31T05:58:31.382+0000] {logging_mixin.py:188} INFO - [2026-08-31T05:58:31.381+0000] {dag.py:3947} INFO - Setting next_dagrun for spotify_minio_to_snowflake_bronze to 2026-08-31 05:00:00+00:00, run_after=2026-08-31 06:00:00+00:00
[2026-08-31T05:58:31.409+0000] {processor.py:183} INFO - Processing /opt/airflow/dags/minio-to-kafka.py took 1.208 seconds
[2026-08-31T05:59:01.684+0000] {processor.py:161} INFO - Started process (PID=3313) to work on /opt/airflow/dags/minio-to-kafka.py
[2026-08-31T05:59:01.687+0000] {processor.py:830} INFO - Processing file /opt/airflow/dags/minio-to-kafka.py for tasks to queue
[2026-08-31T05:59:01.690+0000] {logging_mixin.py:188} INFO - [2026-08-31T05:59:01.689+0000] {dagbag.py:545} INFO - Filling up the DagBag from /opt/airflow/dags/minio-to-kafka.py
[2026-08-31T05:59:03.278+0000] {processor.py:840} INFO - DAG(s) 'spotify_minio_to_snowflake_bronze' retrieved from /opt/airflow/dags/minio-to-kafka.py
[2026-08-31T05:59:03.330+0000] {logging_mixin.py:188} INFO - [2026-08-31T05:59:03.329+0000] {dag.py:3089} INFO - Sync 1 DAGs
[2026-08-31T05:59:03.367+0000] {logging_mixin.py:188} INFO - [2026-08-31T05:59:03.366+0000] {dag.py:3947} INFO - Setting next_dagrun for spotify_minio_to_snowflake_bronze to 2026-08-31 05:00:00+00:00, run_after=2026-08-31 06:00:00+00:00
[2026-08-31T05:59:03.393+0000] {processor.py:183} INFO - Processing /opt/airflow/dags/minio-to-kafka.py took 1.719 seconds
[2026-08-31T05:59:33.755+0000] {processor.py:161} INFO - Started process (PID=3316) to work on /opt/airflow/dags/minio-to-kafka.py
[2026-08-31T05:59:33.757+0000] {processor.py:830} INFO - Processing file /opt/airflow/dags/minio-to-kafka.py for tasks to queue
[2026-08-31T05:59:33.761+0000] {logging_mixin.py:188} INFO - [2026-08-31T05:59:33.760+0000] {dagbag.py:545} INFO - Filling up the DagBag from /opt/airflow/dags/minio-to-kafka.py
[2026-08-31T05:59:34.956+0000] {processor.py:840} INFO - DAG(s) 'spotify_minio_to_snowflake_bronze' retrieved from /opt/airflow/dags/minio-to-kafka.py
[2026-08-31T05:59:34.994+0000] {logging_mixin.py:188} INFO - [2026-08-31T05:59:34.993+0000] {dag.py:3089} INFO - Sync 1 DAGs
[2026-08-31T05:59:35.022+0000] {logging_mixin.py:188} INFO - [2026-08-31T05:59:35.022+0000] {dag.py:3947} INFO - Setting next_dagrun for spotify_minio_to_snowflake_bronze to 2026-08-31 05:00:00+00:00, run_after=2026-08-31 06:00:00+00:00
[2026-08-31T05:59:35.054+0000] {processor.py:183} INFO - Processing /opt/airflow/dags/minio-to-kafka.py took 1.309 seconds
[2026-08-31T06:00:05.332+0000] {processor.py:161} INFO - Started process (PID=3320) to work on /opt/airflow/dags/minio-to-kafka.py
[2026-08-31T06:00:05.337+0000] {processor.py:830} INFO - Processing file /opt/airflow/dags/minio-to-kafka.py for tasks to queue
[2026-08-31T06:00:05.352+0000] {logging_mixin.py:188} INFO - [2026-08-31T06:00:05.351+0000] {dagbag.py:545} INFO - Filling up the DagBag from /opt/airflow/dags/minio-to-kafka.py
[2026-08-31T06:00:07.164+0000] {processor.py:840} INFO - DAG(s) 'spotify_minio_to_snowflake_bronze' retrieved from /opt/airflow/dags/minio-to-kafka.py
[2026-08-31T06:00:07.221+0000] {logging_mixin.py:188} INFO - [2026-08-31T06:00:07.220+0000] {dag.py:3089} INFO - Sync 1 DAGs
[2026-08-31T06:00:07.275+0000] {logging_mixin.py:188} INFO - [2026-08-31T06:00:07.275+0000] {dag.py:3947} INFO - Setting next_dagrun for spotify_minio_to_snowflake_bronze to 2026-08-31 06:00:00+00:00, run_after=2026-08-31 07:00:00+00:00
[2026-08-31T06:00:07.322+0000] {processor.py:183} INFO - Processing /opt/airflow/dags/minio-to-kafka.py took 2.018 seconds
[2026-08-31T06:00:37.622+0000] {processor.py:161} INFO - Started process (PID=3344) to work on /opt/airflow/dags/minio-to-kafka.py
[2026-08-31T06:00:37.624+0000] {processor.py:830} INFO - Processing file /opt/airflow/dags/minio-to-kafka.py for tasks to queue
[2026-08-31T06:00:37.627+0000] {logging_mixin.py:188} INFO - [2026-08-31T06:00:37.627+0000] {dagbag.py:545} INFO - Filling up the DagBag from /opt/airflow/dags/minio-to-kafka.py
[2026-08-31T06:00:38.614+0000] {processor.py:840} INFO - DAG(s) 'spotify_minio_to_snowflake_bronze' retrieved from /opt/airflow/dags/minio-to-kafka.py
[2026-08-31T06:00:38.648+0000] {logging_mixin.py:188} INFO - [2026-08-31T06:00:38.648+0000] {dag.py:3089} INFO - Sync 1 DAGs
[2026-08-31T06:00:38.674+0000] {logging_mixin.py:188} INFO - [2026-08-31T06:00:38.674+0000] {dag.py:3947} INFO - Setting next_dagrun for spotify_minio_to_snowflake_bronze to 2026-08-31 06:00:00+00:00, run_after=2026-08-31 07:00:00+00:00
[2026-08-31T06:00:38.699+0000] {processor.py:183} INFO - Processing /opt/airflow/dags/minio-to-kafka.py took 1.084 seconds
[2026-08-31T06:01:08.964+0000] {processor.py:161} INFO - Started process (PID=3347) to work on /opt/airflow/dags/minio-to-kafka.py
[2026-08-31T06:01:08.967+0000] {processor.py:830} INFO - Processing file /opt/airflow/dags/minio-to-kafka.py for tasks to queue
[2026-08-31T06:01:08.971+0000] {logging_mixin.py:188} INFO - [2026-08-31T06:01:08.970+0000] {dagbag.py:545} INFO - Filling up the DagBag from /opt/airflow/dags/minio-to-kafka.py
[2026-08-31T06:01:10.056+0000] {processor.py:840} INFO - DAG(s) 'spotify_minio_to_snowflake_bronze' retrieved from /opt/airflow/dags/minio-to-kafka.py
[2026-08-31T06:01:10.105+0000] {logging_mixin.py:188} INFO - [2026-08-31T06:01:10.104+0000] {dag.py:3089} INFO - Sync 1 DAGs
[2026-08-31T06:01:10.137+0000] {logging_mixin.py:188} INFO - [2026-08-31T06:01:10.137+0000] {dag.py:3947} INFO - Setting next_dagrun for spotify_minio_to_snowflake_bronze to 2026-08-31 06:00:00+00:00, run_after=2026-08-31 07:00:00+00:00
[2026-08-31T06:01:10.171+0000] {processor.py:183} INFO - Processing /opt/airflow/dags/minio-to-kafka.py took 1.218 seconds
[2026-08-31T06:01:40.256+0000] {processor.py:161} INFO - Started process (PID=3350) to work on /opt/airflow/dags/minio-to-kafka.py
[2026-08-31T06:01:40.258+0000] {processor.py:830} INFO - Processing file /opt/airflow/dags/minio-to-kafka.py for tasks to queue
[2026-08-31T06:01:40.261+0000] {logging_mixin.py:188} INFO - [2026-08-31T06:01:40.261+0000] {dagbag.py:545} INFO - Filling up the DagBag from /opt/airflow/dags/minio-to-kafka.py
[2026-08-31T06:01:41.605+0000] {processor.py:840} INFO - DAG(s) 'spotify_minio_to_snowflake_bronze' retrieved from /opt/airflow/dags/minio-to-kafka.py
[2026-08-31T06:01:41.643+0000] {logging_mixin.py:188} INFO - [2026-08-31T06:01:41.643+0000] {dag.py:3089} INFO - Sync 1 DAGs
[2026-08-31T06:01:41.672+0000] {logging_mixin.py:188} INFO - [2026-08-31T06:01:41.672+0000] {dag.py:3947} INFO - Setting next_dagrun for spotify_minio_to_snowflake_bronze to 2026-08-31 06:00:00+00:00, run_after=2026-08-31 07:00:00+00:00
[2026-08-31T06:01:41.702+0000] {processor.py:183} INFO - Processing /opt/airflow/dags/minio-to-kafka.py took 1.455 seconds
[2026-08-31T06:02:12.035+0000] {processor.py:161} INFO - Started process (PID=3353) to work on /opt/airflow/dags/minio-to-kafka.py
[2026-08-31T06:02:12.040+0000] {processor.py:830} INFO - Processing file /opt/airflow/dags/minio-to-kafka.py for tasks to queue
[2026-08-31T06:02:12.048+0000] {logging_mixin.py:188} INFO - [2026-08-31T06:02:12.047+0000] {dagbag.py:545} INFO - Filling up the DagBag from /opt/airflow/dags/minio-to-kafka.py
[2026-08-31T06:02:13.533+0000] {processor.py:840} INFO - DAG(s) 'spotify_minio_to_snowflake_bronze' retrieved from /opt/airflow/dags/minio-to-kafka.py
[2026-08-31T06:02:13.568+0000] {logging_mixin.py:188} INFO - [2026-08-31T06:02:13.568+0000] {dag.py:3089} INFO - Sync 1 DAGs
[2026-08-31T06:02:13.609+0000] {logging_mixin.py:188} INFO - [2026-08-31T06:02:13.609+0000] {dag.py:3947} INFO - Setting next_dagrun for spotify_minio_to_snowflake_bronze to 2026-08-31 06:00:00+00:00, run_after=2026-08-31 07:00:00+00:00
[2026-08-31T06:02:13.633+0000] {processor.py:183} INFO - Processing /opt/airflow/dags/minio-to-kafka.py took 1.627 seconds
[2026-08-31T06:02:43.963+0000] {processor.py:161} INFO - Started process (PID=3356) to work on /opt/airflow/dags/minio-to-kafka.py
[2026-08-31T06:02:43.966+0000] {processor.py:830} INFO - Processing file /opt/airflow/dags/minio-to-kafka.py for tasks to queue
[2026-08-31T06:02:43.971+0000] {logging_mixin.py:188} INFO - [2026-08-31T06:02:43.970+0000] {dagbag.py:545} INFO - Filling up the DagBag from /opt/airflow/dags/minio-to-kafka.py
[2026-08-31T06:02:46.529+0000] {processor.py:840} INFO - DAG(s) 'spotify_minio_to_snowflake_bronze' retrieved from /opt/airflow/dags/minio-to-kafka.py
[2026-08-31T06:02:46.579+0000] {logging_mixin.py:188} INFO - [2026-08-31T06:02:46.578+0000] {dag.py:3089} INFO - Sync 1 DAGs
[2026-08-31T06:02:46.659+0000] {logging_mixin.py:188} INFO - [2026-08-31T06:02:46.658+0000] {dag.py:3947} INFO - Setting next_dagrun for spotify_minio_to_snowflake_bronze to 2026-08-31 06:00:00+00:00, run_after=2026-08-31 07:00:00+00:00
[2026-08-31T06:02:46.741+0000] {processor.py:183} INFO - Processing /opt/airflow/dags/minio-to-kafka.py took 2.808 seconds
[2026-08-31T06:03:17.136+0000] {processor.py:161} INFO - Started process (PID=3359) to work on /opt/airflow/dags/minio-to-kafka.py
[2026-08-31T06:03:17.138+0000] {processor.py:830} INFO - Processing file /opt/airflow/dags/minio-to-kafka.py for tasks to queue
[2026-08-31T06:03:17.141+0000] {logging_mixin.py:188} INFO - [2026-08-31T06:03:17.141+0000] {dagbag.py:545} INFO - Filling up the DagBag from /opt/airflow/dags/minio-to-kafka.py
[2026-08-31T06:03:18.495+0000] {processor.py:840} INFO - DAG(s) 'spotify_minio_to_snowflake_bronze' retrieved from /opt/airflow/dags/minio-to-kafka.py
[2026-08-31T06:03:18.537+0000] {logging_mixin.py:188} INFO - [2026-08-31T06:03:18.537+0000] {dag.py:3089} INFO - Sync 1 DAGs
[2026-08-31T06:03:18.565+0000] {logging_mixin.py:188} INFO - [2026-08-31T06:03:18.565+0000] {dag.py:3947} INFO - Setting next_dagrun for spotify_minio_to_snowflake_bronze to 2026-08-31 06:00:00+00:00, run_after=2026-08-31 07:00:00+00:00
[2026-08-31T06:03:18.591+0000] {processor.py:183} INFO - Processing /opt/airflow/dags/minio-to-kafka.py took 1.466 seconds
[2026-08-31T06:03:48.877+0000] {processor.py:161} INFO - Started process (PID=3362) to work on /opt/airflow/dags/minio-to-kafka.py
[2026-08-31T06:03:48.879+0000] {processor.py:830} INFO - Processing file /opt/airflow/dags/minio-to-kafka.py for tasks to queue
[2026-08-31T06:03:48.884+0000] {logging_mixin.py:188} INFO - [2026-08-31T06:03:48.882+0000] {dagbag.py:545} INFO - Filling up the DagBag from /opt/airflow/dags/minio-to-kafka.py
[2026-08-31T06:03:50.466+0000] {processor.py:840} INFO - DAG(s) 'spotify_minio_to_snowflake_bronze' retrieved from /opt/airflow/dags/minio-to-kafka.py
[2026-08-31T06:03:50.516+0000] {logging_mixin.py:188} INFO - [2026-08-31T06:03:50.515+0000] {dag.py:3089} INFO - Sync 1 DAGs
[2026-08-31T06:03:50.550+0000] {logging_mixin.py:188} INFO - [2026-08-31T06:03:50.550+0000] {dag.py:3947} INFO - Setting next_dagrun for spotify_minio_to_snowflake_bronze to 2026-08-31 06:00:00+00:00, run_after=2026-08-31 07:00:00+00:00
[2026-08-31T06:03:50.586+0000] {processor.py:183} INFO - Processing /opt/airflow/dags/minio-to-kafka.py took 1.723 seconds
[2026-08-31T06:04:20.918+0000] {processor.py:161} INFO - Started process (PID=3365) to work on /opt/airflow/dags/minio-to-kafka.py
[2026-08-31T06:04:20.920+0000] {processor.py:830} INFO - Processing file /opt/airflow/dags/minio-to-kafka.py for tasks to queue
[2026-08-31T06:04:20.923+0000] {logging_mixin.py:188} INFO - [2026-08-31T06:04:20.922+0000] {dagbag.py:545} INFO - Filling up the DagBag from /opt/airflow/dags/minio-to-kafka.py
[2026-08-31T06:04:22.127+0000] {processor.py:840} INFO - DAG(s) 'spotify_minio_to_snowflake_bronze' retrieved from /opt/airflow/dags/minio-to-kafka.py
[2026-08-31T06:04:22.173+0000] {logging_mixin.py:188} INFO - [2026-08-31T06:04:22.172+0000] {dag.py:3089} INFO - Sync 1 DAGs
[2026-08-31T06:04:22.210+0000] {logging_mixin.py:188} INFO - [2026-08-31T06:04:22.210+0000] {dag.py:3947} INFO - Setting next_dagrun for spotify_minio_to_snowflake_bronze to 2026-08-31 06:00:00+00:00, run_after=2026-08-31 07:00:00+00:00
[2026-08-31T06:04:22.237+0000] {processor.py:183} INFO - Processing /opt/airflow/dags/minio-to-kafka.py took 1.327 seconds
[2026-08-31T06:04:52.467+0000] {processor.py:161} INFO - Started process (PID=3368) to work on /opt/airflow/dags/minio-to-kafka.py
[2026-08-31T06:04:52.469+0000] {processor.py:830} INFO - Processing file /opt/airflow/dags/minio-to-kafka.py for tasks to queue
[2026-08-31T06:04:52.473+0000] {logging_mixin.py:188} INFO - [2026-08-31T06:04:52.473+0000] {dagbag.py:545} INFO - Filling up the DagBag from /opt/airflow/dags/minio-to-kafka.py
[2026-08-31T06:04:53.702+0000] {processor.py:840} INFO - DAG(s) 'spotify_minio_to_snowflake_bronze' retrieved from /opt/airflow/dags/minio-to-kafka.py
[2026-08-31T06:04:53.746+0000] {logging_mixin.py:188} INFO - [2026-08-31T06:04:53.745+0000] {dag.py:3089} INFO - Sync 1 DAGs
[2026-08-31T06:04:53.779+0000] {logging_mixin.py:188} INFO - [2026-08-31T06:04:53.779+0000] {dag.py:3947} INFO - Setting next_dagrun for spotify_minio_to_snowflake_bronze to 2026-08-31 06:00:00+00:00, run_after=2026-08-31 07:00:00+00:00
[2026-08-31T06:04:53.806+0000] {processor.py:183} INFO - Processing /opt/airflow/dags/minio-to-kafka.py took 1.353 seconds
[2026-08-31T06:05:24.125+0000] {processor.py:161} INFO - Started process (PID=3371) to work on /opt/airflow/dags/minio-to-kafka.py
[2026-08-31T06:05:24.131+0000] {processor.py:830} INFO - Processing file /opt/airflow/dags/minio-to-kafka.py for tasks to queue
[2026-08-31T06:05:24.139+0000] {logging_mixin.py:188} INFO - [2026-08-31T06:05:24.137+0000] {dagbag.py:545} INFO - Filling up the DagBag from /opt/airflow/dags/minio-to-kafka.py
[2026-08-31T06:05:25.471+0000] {processor.py:840} INFO - DAG(s) 'spotify_minio_to_snowflake_bronze' retrieved from /opt/airflow/dags/minio-to-kafka.py
[2026-08-31T06:05:25.534+0000] {logging_mixin.py:188} INFO - [2026-08-31T06:05:25.533+0000] {dag.py:3089} INFO - Sync 1 DAGs
[2026-08-31T06:05:25.566+0000] {logging_mixin.py:188} INFO - [2026-08-31T06:05:25.566+0000] {dag.py:3947} INFO - Setting next_dagrun for spotify_minio_to_snowflake_bronze to 2026-08-31 06:00:00+00:00, run_after=2026-08-31 07:00:00+00:00
[2026-08-31T06:05:25.594+0000] {processor.py:183} INFO - Processing /opt/airflow/dags/minio-to-kafka.py took 1.487 seconds
[2026-08-31T06:05:56.023+0000] {processor.py:161} INFO - Started process (PID=3374) to work on /opt/airflow/dags/minio-to-kafka.py
[2026-08-31T06:05:56.029+0000] {processor.py:830} INFO - Processing file /opt/airflow/dags/minio-to-kafka.py for tasks to queue
[2026-08-31T06:05:56.038+0000] {logging_mixin.py:188} INFO - [2026-08-31T06:05:56.036+0000] {dagbag.py:545} INFO - Filling up the DagBag from /opt/airflow/dags/minio-to-kafka.py
[2026-08-31T06:05:57.212+0000] {processor.py:840} INFO - DAG(s) 'spotify_minio_to_snowflake_bronze' retrieved from /opt/airflow/dags/minio-to-kafka.py
[2026-08-31T06:05:57.250+0000] {logging_mixin.py:188} INFO - [2026-08-31T06:05:57.250+0000] {dag.py:3089} INFO - Sync 1 DAGs
[2026-08-31T06:05:57.281+0000] {logging_mixin.py:188} INFO - [2026-08-31T06:05:57.280+0000] {dag.py:3947} INFO - Setting next_dagrun for spotify_minio_to_snowflake_bronze to 2026-08-31 06:00:00+00:00, run_after=2026-08-31 07:00:00+00:00
[2026-08-31T06:05:57.310+0000] {processor.py:183} INFO - Processing /opt/airflow/dags/minio-to-kafka.py took 1.310 seconds
[2026-08-31T06:06:27.632+0000] {processor.py:161} INFO - Started process (PID=3377) to work on /opt/airflow/dags/minio-to-kafka.py
[2026-08-31T06:06:27.649+0000] {processor.py:830} INFO - Processing file /opt/airflow/dags/minio-to-kafka.py for tasks to queue
[2026-08-31T06:06:27.670+0000] {logging_mixin.py:188} INFO - [2026-08-31T06:06:27.669+0000] {dagbag.py:545} INFO - Filling up the DagBag from /opt/airflow/dags/minio-to-kafka.py
[2026-08-31T06:06:29.362+0000] {processor.py:840} INFO - DAG(s) 'spotify_minio_to_snowflake_bronze' retrieved from /opt/airflow/dags/minio-to-kafka.py
[2026-08-31T06:06:29.424+0000] {logging_mixin.py:188} INFO - [2026-08-31T06:06:29.423+0000] {dag.py:3089} INFO - Sync 1 DAGs
[2026-08-31T06:06:29.479+0000] {logging_mixin.py:188} INFO - [2026-08-31T06:06:29.478+0000] {dag.py:3947} INFO - Setting next_dagrun for spotify_minio_to_snowflake_bronze to 2026-08-31 06:00:00+00:00, run_after=2026-08-31 07:00:00+00:00
[2026-08-31T06:06:29.514+0000] {processor.py:183} INFO - Processing /opt/airflow/dags/minio-to-kafka.py took 1.901 seconds
[2026-08-31T06:06:59.826+0000] {processor.py:161} INFO - Started process (PID=3380) to work on /opt/airflow/dags/minio-to-kafka.py
[2026-08-31T06:06:59.834+0000] {processor.py:830} INFO - Processing file /opt/airflow/dags/minio-to-kafka.py for tasks to queue
[2026-08-31T06:06:59.841+0000] {logging_mixin.py:188} INFO - [2026-08-31T06:06:59.840+0000] {dagbag.py:545} INFO - Filling up the DagBag from /opt/airflow/dags/minio-to-kafka.py
[2026-08-31T06:07:00.881+0000] {processor.py:840} INFO - DAG(s) 'spotify_minio_to_snowflake_bronze' retrieved from /opt/airflow/dags/minio-to-kafka.py
[2026-08-31T06:07:00.917+0000] {logging_mixin.py:188} INFO - [2026-08-31T06:07:00.917+0000] {dag.py:3089} INFO - Sync 1 DAGs
[2026-08-31T06:07:00.945+0000] {logging_mixin.py:188} INFO - [2026-08-31T06:07:00.945+0000] {dag.py:3947} INFO - Setting next_dagrun for spotify_minio_to_snowflake_bronze to 2026-08-31 06:00:00+00:00, run_after=2026-08-31 07:00:00+00:00
[2026-08-31T06:07:00.972+0000] {processor.py:183} INFO - Processing /opt/airflow/dags/minio-to-kafka.py took 1.168 seconds
[2026-08-31T06:07:31.055+0000] {processor.py:161} INFO - Started process (PID=3383) to work on /opt/airflow/dags/minio-to-kafka.py
[2026-08-31T06:07:31.057+0000] {processor.py:830} INFO - Processing file /opt/airflow/dags/minio-to-kafka.py for tasks to queue
[2026-08-31T06:07:31.060+0000] {logging_mixin.py:188} INFO - [2026-08-31T06:07:31.060+0000] {dagbag.py:545} INFO - Filling up the DagBag from /opt/airflow/dags/minio-to-kafka.py
[2026-08-31T06:07:32.094+0000] {processor.py:840} INFO - DAG(s) 'spotify_minio_to_snowflake_bronze' retrieved from /opt/airflow/dags/minio-to-kafka.py
[2026-08-31T06:07:32.127+0000] {logging_mixin.py:188} INFO - [2026-08-31T06:07:32.127+0000] {dag.py:3089} INFO - Sync 1 DAGs
[2026-08-31T06:07:32.156+0000] {logging_mixin.py:188} INFO - [2026-08-31T06:07:32.155+0000] {dag.py:3947} INFO - Setting next_dagrun for spotify_minio_to_snowflake_bronze to 2026-08-31 06:00:00+00:00, run_after=2026-08-31 07:00:00+00:00
[2026-08-31T06:07:32.179+0000] {processor.py:183} INFO - Processing /opt/airflow/dags/minio-to-kafka.py took 1.132 seconds
[2026-08-31T06:08:02.395+0000] {processor.py:161} INFO - Started process (PID=3386) to work on /opt/airflow/dags/minio-to-kafka.py
[2026-08-31T06:08:02.397+0000] {processor.py:830} INFO - Processing file /opt/airflow/dags/minio-to-kafka.py for tasks to queue
[2026-08-31T06:08:02.403+0000] {logging_mixin.py:188} INFO - [2026-08-31T06:08:02.402+0000] {dagbag.py:545} INFO - Filling up the DagBag from /opt/airflow/dags/minio-to-kafka.py
[2026-08-31T06:08:03.670+0000] {processor.py:840} INFO - DAG(s) 'spotify_minio_to_snowflake_bronze' retrieved from /opt/airflow/dags/minio-to-kafka.py
[2026-08-31T06:08:03.707+0000] {logging_mixin.py:188} INFO - [2026-08-31T06:08:03.707+0000] {dag.py:3089} INFO - Sync 1 DAGs
[2026-08-31T06:08:03.732+0000] {logging_mixin.py:188} INFO - [2026-08-31T06:08:03.731+0000] {dag.py:3947} INFO - Setting next_dagrun for spotify_minio_to_snowflake_bronze to 2026-08-31 06:00:00+00:00, run_after=2026-08-31 07:00:00+00:00
[2026-08-31T06:08:03.771+0000] {processor.py:183} INFO - Processing /opt/airflow/dags/minio-to-kafka.py took 1.387 seconds
[2026-08-31T06:08:34.103+0000] {processor.py:161} INFO - Started process (PID=3389) to work on /opt/airflow/dags/minio-to-kafka.py
[2026-08-31T06:08:34.105+0000] {processor.py:830} INFO - Processing file /opt/airflow/dags/minio-to-kafka.py for tasks to queue
[2026-08-31T06:08:34.109+0000] {logging_mixin.py:188} INFO - [2026-08-31T06:08:34.108+0000] {dagbag.py:545} INFO - Filling up the DagBag from /opt/airflow/dags/minio-to-kafka.py
[2026-08-31T06:08:35.207+0000] {processor.py:840} INFO - DAG(s) 'spotify_minio_to_snowflake_bronze' retrieved from /opt/airflow/dags/minio-to-kafka.py
[2026-08-31T06:08:35.258+0000] {logging_mixin.py:188} INFO - [2026-08-31T06:08:35.257+0000] {dag.py:3089} INFO - Sync 1 DAGs
[2026-08-31T06:08:35.293+0000] {logging_mixin.py:188} INFO - [2026-08-31T06:08:35.293+0000] {dag.py:3947} INFO - Setting next_dagrun for spotify_minio_to_snowflake_bronze to 2026-08-31 06:00:00+00:00, run_after=2026-08-31 07:00:00+00:00
[2026-08-31T06:08:35.323+0000] {processor.py:183} INFO - Processing /opt/airflow/dags/minio-to-kafka.py took 1.229 seconds
[2026-08-31T06:09:05.669+0000] {processor.py:161} INFO - Started process (PID=3392) to work on /opt/airflow/dags/minio-to-kafka.py
[2026-08-31T06:09:05.674+0000] {processor.py:830} INFO - Processing file /opt/airflow/dags/minio-to-kafka.py for tasks to queue
[2026-08-31T06:09:05.682+0000] {logging_mixin.py:188} INFO - [2026-08-31T06:09:05.681+0000] {dagbag.py:545} INFO - Filling up the DagBag from /opt/airflow/dags/minio-to-kafka.py
[2026-08-31T06:09:06.970+0000] {processor.py:840} INFO - DAG(s) 'spotify_minio_to_snowflake_bronze' retrieved from /opt/airflow/dags/minio-to-kafka.py
[2026-08-31T06:09:07.008+0000] {logging_mixin.py:188} INFO - [2026-08-31T06:09:07.008+0000] {dag.py:3089} INFO - Sync 1 DAGs
[2026-08-31T06:09:07.036+0000] {logging_mixin.py:188} INFO - [2026-08-31T06:09:07.036+0000] {dag.py:3947} INFO - Setting next_dagrun for spotify_minio_to_snowflake_bronze to 2026-08-31 06:00:00+00:00, run_after=2026-08-31 07:00:00+00:00
[2026-08-31T06:09:07.065+0000] {processor.py:183} INFO - Processing /opt/airflow/dags/minio-to-kafka.py took 1.411 seconds
[2026-08-31T06:09:37.367+0000] {processor.py:161} INFO - Started process (PID=3395) to work on /opt/airflow/dags/minio-to-kafka.py
[2026-08-31T06:09:37.369+0000] {processor.py:830} INFO - Processing file /opt/airflow/dags/minio-to-kafka.py for tasks to queue
[2026-08-31T06:09:37.372+0000] {logging_mixin.py:188} INFO - [2026-08-31T06:09:37.371+0000] {dagbag.py:545} INFO - Filling up the DagBag from /opt/airflow/dags/minio-to-kafka.py
[2026-08-31T06:09:38.346+0000] {processor.py:840} INFO - DAG(s) 'spotify_minio_to_snowflake_bronze' retrieved from /opt/airflow/dags/minio-to-kafka.py
[2026-08-31T06:09:38.381+0000] {logging_mixin.py:188} INFO - [2026-08-31T06:09:38.381+0000] {dag.py:3089} INFO - Sync 1 DAGs
[2026-08-31T06:09:38.409+0000] {logging_mixin.py:188} INFO - [2026-08-31T06:09:38.409+0000] {dag.py:3947} INFO - Setting next_dagrun for spotify_minio_to_snowflake_bronze to 2026-08-31 06:00:00+00:00, run_after=2026-08-31 07:00:00+00:00
[2026-08-31T06:09:38.432+0000] {processor.py:183} INFO - Processing /opt/airflow/dags/minio-to-kafka.py took 1.073 seconds
[2026-08-31T06:10:08.679+0000] {processor.py:161} INFO - Started process (PID=3398) to work on /opt/airflow/dags/minio-to-kafka.py
[2026-08-31T06:10:08.681+0000] {processor.py:830} INFO - Processing file /opt/airflow/dags/minio-to-kafka.py for tasks to queue
[2026-08-31T06:10:08.684+0000] {logging_mixin.py:188} INFO - [2026-08-31T06:10:08.684+0000] {dagbag.py:545} INFO - Filling up the DagBag from /opt/airflow/dags/minio-to-kafka.py
[2026-08-31T06:10:09.688+0000] {processor.py:840} INFO - DAG(s) 'spotify_minio_to_snowflake_bronze' retrieved from /opt/airflow/dags/minio-to-kafka.py
[2026-08-31T06:10:09.744+0000] {logging_mixin.py:188} INFO - [2026-08-31T06:10:09.744+0000] {dag.py:3089} INFO - Sync 1 DAGs
[2026-08-31T06:10:09.785+0000] {logging_mixin.py:188} INFO - [2026-08-31T06:10:09.784+0000] {dag.py:3947} INFO - Setting next_dagrun for spotify_minio_to_snowflake_bronze to 2026-08-31 06:00:00+00:00, run_after=2026-08-31 07:00:00+00:00
[2026-08-31T06:10:09.819+0000] {processor.py:183} INFO - Processing /opt/airflow/dags/minio-to-kafka.py took 1.149 seconds
[2026-08-31T06:10:40.017+0000] {processor.py:161} INFO - Started process (PID=3401) to work on /opt/airflow/dags/minio-to-kafka.py
[2026-08-31T06:10:40.018+0000] {processor.py:830} INFO - Processing file /opt/airflow/dags/minio-to-kafka.py for tasks to queue
[2026-08-31T06:10:40.022+0000] {logging_mixin.py:188} INFO - [2026-08-31T06:10:40.021+0000] {dagbag.py:545} INFO - Filling up the DagBag from /opt/airflow/dags/minio-to-kafka.py
[2026-08-31T06:10:41.441+0000] {processor.py:840} INFO - DAG(s) 'spotify_minio_to_snowflake_bronze' retrieved from /opt/airflow/dags/minio-to-kafka.py
[2026-08-31T06:10:41.487+0000] {logging_mixin.py:188} INFO - [2026-08-31T06:10:41.486+0000] {dag.py:3089} INFO - Sync 1 DAGs
[2026-08-31T06:10:41.520+0000] {logging_mixin.py:188} INFO - [2026-08-31T06:10:41.520+0000] {dag.py:3947} INFO - Setting next_dagrun for spotify_minio_to_snowflake_bronze to 2026-08-31 06:00:00+00:00, run_after=2026-08-31 07:00:00+00:00
[2026-08-31T06:10:41.548+0000] {processor.py:183} INFO - Processing /opt/airflow/dags/minio-to-kafka.py took 1.540 seconds
[2026-08-31T06:11:11.881+0000] {processor.py:161} INFO - Started process (PID=3404) to work on /opt/airflow/dags/minio-to-kafka.py
[2026-08-31T06:11:11.884+0000] {processor.py:830} INFO - Processing file /opt/airflow/dags/minio-to-kafka.py for tasks to queue
[2026-08-31T06:11:11.891+0000] {logging_mixin.py:188} INFO - [2026-08-31T06:11:11.889+0000] {dagbag.py:545} INFO - Filling up the DagBag from /opt/airflow/dags/minio-to-kafka.py
[2026-08-31T06:11:13.349+0000] {processor.py:840} INFO - DAG(s) 'spotify_minio_to_snowflake_bronze' retrieved from /opt/airflow/dags/minio-to-kafka.py
[2026-08-31T06:11:13.429+0000] {logging_mixin.py:188} INFO - [2026-08-31T06:11:13.429+0000] {dag.py:3089} INFO - Sync 1 DAGs
[2026-08-31T06:11:13.474+0000] {logging_mixin.py:188} INFO - [2026-08-31T06:11:13.474+0000] {dag.py:3947} INFO - Setting next_dagrun for spotify_minio_to_snowflake_bronze to 2026-08-31 06:00:00+00:00, run_after=2026-08-31 07:00:00+00:00
[2026-08-31T06:11:13.507+0000] {processor.py:183} INFO - Processing /opt/airflow/dags/minio-to-kafka.py took 1.636 seconds
[2026-08-31T06:11:43.689+0000] {processor.py:161} INFO - Started process (PID=3407) to work on /opt/airflow/dags/minio-to-kafka.py
[2026-08-31T06:11:43.693+0000] {processor.py:830} INFO - Processing file /opt/airflow/dags/minio-to-kafka.py for tasks to queue
[2026-08-31T06:11:43.700+0000] {logging_mixin.py:188} INFO - [2026-08-31T06:11:43.699+0000] {dagbag.py:545} INFO - Filling up the DagBag from /opt/airflow/dags/minio-to-kafka.py
[2026-08-31T06:11:45.076+0000] {processor.py:840} INFO - DAG(s) 'spotify_minio_to_snowflake_bronze' retrieved from /opt/airflow/dags/minio-to-kafka.py
[2026-08-31T06:11:45.140+0000] {logging_mixin.py:188} INFO - [2026-08-31T06:11:45.139+0000] {dag.py:3089} INFO - Sync 1 DAGs
[2026-08-31T06:11:45.197+0000] {logging_mixin.py:188} INFO - [2026-08-31T06:11:45.196+0000] {dag.py:3947} INFO - Setting next_dagrun for spotify_minio_to_snowflake_bronze to 2026-08-31 06:00:00+00:00, run_after=2026-08-31 07:00:00+00:00
[2026-08-31T06:11:45.238+0000] {processor.py:183} INFO - Processing /opt/airflow/dags/minio-to-kafka.py took 1.575 seconds
[2026-08-31T06:12:15.558+0000] {processor.py:161} INFO - Started process (PID=3410) to work on /opt/airflow/dags/minio-to-kafka.py
[2026-08-31T06:12:15.559+0000] {processor.py:830} INFO - Processing file /opt/airflow/dags/minio-to-kafka.py for tasks to queue
[2026-08-31T06:12:15.562+0000] {logging_mixin.py:188} INFO - [2026-08-31T06:12:15.562+0000] {dagbag.py:545} INFO - Filling up the DagBag from /opt/airflow/dags/minio-to-kafka.py
[2026-08-31T06:12:16.711+0000] {processor.py:840} INFO - DAG(s) 'spotify_minio_to_snowflake_bronze' retrieved from /opt/airflow/dags/minio-to-kafka.py
[2026-08-31T06:12:16.750+0000] {logging_mixin.py:188} INFO - [2026-08-31T06:12:16.750+0000] {dag.py:3089} INFO - Sync 1 DAGs
[2026-08-31T06:12:16.781+0000] {logging_mixin.py:188} INFO - [2026-08-31T06:12:16.781+0000] {dag.py:3947} INFO - Setting next_dagrun for spotify_minio_to_snowflake_bronze to 2026-08-31 06:00:00+00:00, run_after=2026-08-31 07:00:00+00:00
[2026-08-31T06:12:16.807+0000] {processor.py:183} INFO - Processing /opt/airflow/dags/minio-to-kafka.py took 1.258 seconds
[2026-08-31T06:12:47.159+0000] {processor.py:161} INFO - Started process (PID=3413) to work on /opt/airflow/dags/minio-to-kafka.py
[2026-08-31T06:12:47.163+0000] {processor.py:830} INFO - Processing file /opt/airflow/dags/minio-to-kafka.py for tasks to queue
[2026-08-31T06:12:47.168+0000] {logging_mixin.py:188} INFO - [2026-08-31T06:12:47.167+0000] {dagbag.py:545} INFO - Filling up the DagBag from /opt/airflow/dags/minio-to-kafka.py
[2026-08-31T06:12:49.004+0000] {processor.py:840} INFO - DAG(s) 'spotify_minio_to_snowflake_bronze' retrieved from /opt/airflow/dags/minio-to-kafka.py
[2026-08-31T06:12:49.056+0000] {logging_mixin.py:188} INFO - [2026-08-31T06:12:49.056+0000] {dag.py:3089} INFO - Sync 1 DAGs
[2026-08-31T06:12:49.103+0000] {logging_mixin.py:188} INFO - [2026-08-31T06:12:49.103+0000] {dag.py:3947} INFO - Setting next_dagrun for spotify_minio_to_snowflake_bronze to 2026-08-31 06:00:00+00:00, run_after=2026-08-31 07:00:00+00:00
[2026-08-31T06:12:49.144+0000] {processor.py:183} INFO - Processing /opt/airflow/dags/minio-to-kafka.py took 2.000 seconds
[2026-08-31T06:13:19.461+0000] {processor.py:161} INFO - Started process (PID=3416) to work on /opt/airflow/dags/minio-to-kafka.py
[2026-08-31T06:13:19.466+0000] {processor.py:830} INFO - Processing file /opt/airflow/dags/minio-to-kafka.py for tasks to queue
[2026-08-31T06:13:19.472+0000] {logging_mixin.py:188} INFO - [2026-08-31T06:13:19.472+0000] {dagbag.py:545} INFO - Filling up the DagBag from /opt/airflow/dags/minio-to-kafka.py
[2026-08-31T06:13:20.560+0000] {processor.py:840} INFO - DAG(s) 'spotify_minio_to_snowflake_bronze' retrieved from /opt/airflow/dags/minio-to-kafka.py
[2026-08-31T06:13:20.616+0000] {logging_mixin.py:188} INFO - [2026-08-31T06:13:20.616+0000] {dag.py:3089} INFO - Sync 1 DAGs
[2026-08-31T06:13:20.659+0000] {logging_mixin.py:188} INFO - [2026-08-31T06:13:20.659+0000] {dag.py:3947} INFO - Setting next_dagrun for spotify_minio_to_snowflake_bronze to 2026-08-31 06:00:00+00:00, run_after=2026-08-31 07:00:00+00:00
[2026-08-31T06:13:20.693+0000] {processor.py:183} INFO - Processing /opt/airflow/dags/minio-to-kafka.py took 1.263 seconds
[2026-08-31T06:13:50.965+0000] {processor.py:161} INFO - Started process (PID=3419) to work on /opt/airflow/dags/minio-to-kafka.py
[2026-08-31T06:13:50.968+0000] {processor.py:830} INFO - Processing file /opt/airflow/dags/minio-to-kafka.py for tasks to queue
[2026-08-31T06:13:50.973+0000] {logging_mixin.py:188} INFO - [2026-08-31T06:13:50.972+0000] {dagbag.py:545} INFO - Filling up the DagBag from /opt/airflow/dags/minio-to-kafka.py
[2026-08-31T06:13:51.936+0000] {processor.py:840} INFO - DAG(s) 'spotify_minio_to_snowflake_bronze' retrieved from /opt/airflow/dags/minio-to-kafka.py
[2026-08-31T06:13:51.981+0000] {logging_mixin.py:188} INFO - [2026-08-31T06:13:51.980+0000] {dag.py:3089} INFO - Sync 1 DAGs
[2026-08-31T06:13:52.007+0000] {logging_mixin.py:188} INFO - [2026-08-31T06:13:52.007+0000] {dag.py:3947} INFO - Setting next_dagrun for spotify_minio_to_snowflake_bronze to 2026-08-31 06:00:00+00:00, run_after=2026-08-31 07:00:00+00:00
[2026-08-31T06:13:52.032+0000] {processor.py:183} INFO - Processing /opt/airflow/dags/minio-to-kafka.py took 1.079 seconds
[2026-08-31T06:14:22.260+0000] {processor.py:161} INFO - Started process (PID=3422) to work on /opt/airflow/dags/minio-to-kafka.py
[2026-08-31T06:14:22.266+0000] {processor.py:830} INFO - Processing file /opt/airflow/dags/minio-to-kafka.py for tasks to queue
[2026-08-31T06:14:22.276+0000] {logging_mixin.py:188} INFO - [2026-08-31T06:14:22.274+0000] {dagbag.py:545} INFO - Filling up the DagBag from /opt/airflow/dags/minio-to-kafka.py
[2026-08-31T06:14:23.636+0000] {processor.py:840} INFO - DAG(s) 'spotify_minio_to_snowflake_bronze' retrieved from /opt/airflow/dags/minio-to-kafka.py
[2026-08-31T06:14:23.674+0000] {logging_mixin.py:188} INFO - [2026-08-31T06:14:23.674+0000] {dag.py:3089} INFO - Sync 1 DAGs
[2026-08-31T06:14:23.710+0000] {logging_mixin.py:188} INFO - [2026-08-31T06:14:23.710+0000] {dag.py:3947} INFO - Setting next_dagrun for spotify_minio_to_snowflake_bronze to 2026-08-31 06:00:00+00:00, run_after=2026-08-31 07:00:00+00:00
[2026-08-31T06:14:23.738+0000] {processor.py:183} INFO - Processing /opt/airflow/dags/minio-to-kafka.py took 1.497 seconds
[2026-08-31T06:14:54.027+0000] {processor.py:161} INFO - Started process (PID=3425) to work on /opt/airflow/dags/minio-to-kafka.py
[2026-08-31T06:14:54.029+0000] {processor.py:830} INFO - Processing file /opt/airflow/dags/minio-to-kafka.py for tasks to queue
[2026-08-31T06:14:54.033+0000] {logging_mixin.py:188} INFO - [2026-08-31T06:14:54.032+0000] {dagbag.py:545} INFO - Filling up the DagBag from /opt/airflow/dags/minio-to-kafka.py
[2026-08-31T06:14:55.097+0000] {processor.py:840} INFO - DAG(s) 'spotify_minio_to_snowflake_bronze' retrieved from /opt/airflow/dags/minio-to-kafka.py
[2026-08-31T06:14:55.155+0000] {logging_mixin.py:188} INFO - [2026-08-31T06:14:55.154+0000] {dag.py:3089} INFO - Sync 1 DAGs
[2026-08-31T06:14:55.188+0000] {logging_mixin.py:188} INFO - [2026-08-31T06:14:55.187+0000] {dag.py:3947} INFO - Setting next_dagrun for spotify_minio_to_snowflake_bronze to 2026-08-31 06:00:00+00:00, run_after=2026-08-31 07:00:00+00:00
[2026-08-31T06:14:55.222+0000] {processor.py:183} INFO - Processing /opt/airflow/dags/minio-to-kafka.py took 1.205 seconds
[2026-08-31T06:15:25.654+0000] {processor.py:161} INFO - Started process (PID=3428) to work on /opt/airflow/dags/minio-to-kafka.py
[2026-08-31T06:15:25.671+0000] {processor.py:830} INFO - Processing file /opt/airflow/dags/minio-to-kafka.py for tasks to queue
[2026-08-31T06:15:25.683+0000] {logging_mixin.py:188} INFO - [2026-08-31T06:15:25.680+0000] {dagbag.py:545} INFO - Filling up the DagBag from /opt/airflow/dags/minio-to-kafka.py
[2026-08-31T06:15:28.700+0000] {processor.py:840} INFO - DAG(s) 'spotify_minio_to_snowflake_bronze' retrieved from /opt/airflow/dags/minio-to-kafka.py
[2026-08-31T06:15:28.784+0000] {logging_mixin.py:188} INFO - [2026-08-31T06:15:28.784+0000] {dag.py:3089} INFO - Sync 1 DAGs
[2026-08-31T06:15:28.867+0000] {logging_mixin.py:188} INFO - [2026-08-31T06:15:28.866+0000] {dag.py:3947} INFO - Setting next_dagrun for spotify_minio_to_snowflake_bronze to 2026-08-31 06:00:00+00:00, run_after=2026-08-31 07:00:00+00:00
[2026-08-31T06:15:28.950+0000] {processor.py:183} INFO - Processing /opt/airflow/dags/minio-to-kafka.py took 3.340 seconds
[2026-08-31T06:15:59.466+0000] {processor.py:161} INFO - Started process (PID=3431) to work on /opt/airflow/dags/minio-to-kafka.py
[2026-08-31T06:15:59.468+0000] {processor.py:830} INFO - Processing file /opt/airflow/dags/minio-to-kafka.py for tasks to queue
[2026-08-31T06:15:59.472+0000] {logging_mixin.py:188} INFO - [2026-08-31T06:15:59.471+0000] {dagbag.py:545} INFO - Filling up the DagBag from /opt/airflow/dags/minio-to-kafka.py
[2026-08-31T06:16:00.535+0000] {processor.py:840} INFO - DAG(s) 'spotify_minio_to_snowflake_bronze' retrieved from /opt/airflow/dags/minio-to-kafka.py
[2026-08-31T06:16:00.599+0000] {logging_mixin.py:188} INFO - [2026-08-31T06:16:00.599+0000] {dag.py:3089} INFO - Sync 1 DAGs
[2026-08-31T06:16:00.644+0000] {logging_mixin.py:188} INFO - [2026-08-31T06:16:00.644+0000] {dag.py:3947} INFO - Setting next_dagrun for spotify_minio_to_snowflake_bronze to 2026-08-31 06:00:00+00:00, run_after=2026-08-31 07:00:00+00:00
[2026-08-31T06:16:00.676+0000] {processor.py:183} INFO - Processing /opt/airflow/dags/minio-to-kafka.py took 1.220 seconds
[2026-08-31T06:16:30.781+0000] {processor.py:161} INFO - Started process (PID=3434) to work on /opt/airflow/dags/minio-to-kafka.py
[2026-08-31T06:16:30.786+0000] {processor.py:830} INFO - Processing file /opt/airflow/dags/minio-to-kafka.py for tasks to queue
[2026-08-31T06:16:30.794+0000] {logging_mixin.py:188} INFO - [2026-08-31T06:16:30.793+0000] {dagbag.py:545} INFO - Filling up the DagBag from /opt/airflow/dags/minio-to-kafka.py
[2026-08-31T06:16:31.791+0000] {processor.py:840} INFO - DAG(s) 'spotify_minio_to_snowflake_bronze' retrieved from /opt/airflow/dags/minio-to-kafka.py
[2026-08-31T06:16:31.830+0000] {logging_mixin.py:188} INFO - [2026-08-31T06:16:31.830+0000] {dag.py:3089} INFO - Sync 1 DAGs
[2026-08-31T06:16:31.861+0000] {logging_mixin.py:188} INFO - [2026-08-31T06:16:31.860+0000] {dag.py:3947} INFO - Setting next_dagrun for spotify_minio_to_snowflake_bronze to 2026-08-31 06:00:00+00:00, run_after=2026-08-31 07:00:00+00:00
[2026-08-31T06:16:31.889+0000] {processor.py:183} INFO - Processing /opt/airflow/dags/minio-to-kafka.py took 1.151 seconds
[2026-08-31T06:17:02.004+0000] {processor.py:161} INFO - Started process (PID=3437) to work on /opt/airflow/dags/minio-to-kafka.py
[2026-08-31T06:17:02.006+0000] {processor.py:830} INFO - Processing file /opt/airflow/dags/minio-to-kafka.py for tasks to queue
[2026-08-31T06:17:02.009+0000] {logging_mixin.py:188} INFO - [2026-08-31T06:17:02.009+0000] {dagbag.py:545} INFO - Filling up the DagBag from /opt/airflow/dags/minio-to-kafka.py
[2026-08-31T06:17:02.958+0000] {processor.py:840} INFO - DAG(s) 'spotify_minio_to_snowflake_bronze' retrieved from /opt/airflow/dags/minio-to-kafka.py
[2026-08-31T06:17:02.998+0000] {logging_mixin.py:188} INFO - [2026-08-31T06:17:02.997+0000] {dag.py:3089} INFO - Sync 1 DAGs
[2026-08-31T06:17:03.053+0000] {logging_mixin.py:188} INFO - [2026-08-31T06:17:03.052+0000] {dag.py:3947} INFO - Setting next_dagrun for spotify_minio_to_snowflake_bronze to 2026-08-31 06:00:00+00:00, run_after=2026-08-31 07:00:00+00:00
[2026-08-31T06:17:03.110+0000] {processor.py:183} INFO - Processing /opt/airflow/dags/minio-to-kafka.py took 1.115 seconds
[2026-08-31T06:17:33.287+0000] {processor.py:161} INFO - Started process (PID=3440) to work on /opt/airflow/dags/minio-to-kafka.py
[2026-08-31T06:17:33.289+0000] {processor.py:830} INFO - Processing file /opt/airflow/dags/minio-to-kafka.py for tasks to queue
[2026-08-31T06:17:33.294+0000] {logging_mixin.py:188} INFO - [2026-08-31T06:17:33.293+0000] {dagbag.py:545} INFO - Filling up the DagBag from /opt/airflow/dags/minio-to-kafka.py
[2026-08-31T06:17:34.399+0000] {processor.py:840} INFO - DAG(s) 'spotify_minio_to_snowflake_bronze' retrieved from /opt/airflow/dags/minio-to-kafka.py
[2026-08-31T06:17:34.434+0000] {logging_mixin.py:188} INFO - [2026-08-31T06:17:34.433+0000] {dag.py:3089} INFO - Sync 1 DAGs
[2026-08-31T06:17:34.460+0000] {logging_mixin.py:188} INFO - [2026-08-31T06:17:34.460+0000] {dag.py:3947} INFO - Setting next_dagrun for spotify_minio_to_snowflake_bronze to 2026-08-31 06:00:00+00:00, run_after=2026-08-31 07:00:00+00:00
[2026-08-31T06:17:34.487+0000] {processor.py:183} INFO - Processing /opt/airflow/dags/minio-to-kafka.py took 1.216 seconds
[2026-08-31T06:18:04.739+0000] {processor.py:161} INFO - Started process (PID=3443) to work on /opt/airflow/dags/minio-to-kafka.py
[2026-08-31T06:18:04.749+0000] {processor.py:830} INFO - Processing file /opt/airflow/dags/minio-to-kafka.py for tasks to queue
[2026-08-31T06:18:04.766+0000] {logging_mixin.py:188} INFO - [2026-08-31T06:18:04.764+0000] {dagbag.py:545} INFO - Filling up the DagBag from /opt/airflow/dags/minio-to-kafka.py
[2026-08-31T06:18:05.971+0000] {processor.py:840} INFO - DAG(s) 'spotify_minio_to_snowflake_bronze' retrieved from /opt/airflow/dags/minio-to-kafka.py
[2026-08-31T06:18:06.070+0000] {logging_mixin.py:188} INFO - [2026-08-31T06:18:06.069+0000] {dag.py:3089} INFO - Sync 1 DAGs
[2026-08-31T06:18:06.113+0000] {logging_mixin.py:188} INFO - [2026-08-31T06:18:06.113+0000] {dag.py:3947} INFO - Setting next_dagrun for spotify_minio_to_snowflake_bronze to 2026-08-31 06:00:00+00:00, run_after=2026-08-31 07:00:00+00:00
[2026-08-31T06:18:06.154+0000] {processor.py:183} INFO - Processing /opt/airflow/dags/minio-to-kafka.py took 1.469 seconds
[2026-08-31T06:18:36.831+0000] {processor.py:161} INFO - Started process (PID=3446) to work on /opt/airflow/dags/minio-to-kafka.py
[2026-08-31T06:18:36.834+0000] {processor.py:830} INFO - Processing file /opt/airflow/dags/minio-to-kafka.py for tasks to queue
[2026-08-31T06:18:36.840+0000] {logging_mixin.py:188} INFO - [2026-08-31T06:18:36.839+0000] {dagbag.py:545} INFO - Filling up the DagBag from /opt/airflow/dags/minio-to-kafka.py
[2026-08-31T06:18:38.138+0000] {processor.py:840} INFO - DAG(s) 'spotify_minio_to_snowflake_bronze' retrieved from /opt/airflow/dags/minio-to-kafka.py
[2026-08-31T06:18:38.183+0000] {logging_mixin.py:188} INFO - [2026-08-31T06:18:38.183+0000] {dag.py:3089} INFO - Sync 1 DAGs
[2026-08-31T06:18:38.218+0000] {logging_mixin.py:188} INFO - [2026-08-31T06:18:38.218+0000] {dag.py:3947} INFO - Setting next_dagrun for spotify_minio_to_snowflake_bronze to 2026-08-31 06:00:00+00:00, run_after=2026-08-31 07:00:00+00:00
[2026-08-31T06:18:38.247+0000] {processor.py:183} INFO - Processing /opt/airflow/dags/minio-to-kafka.py took 1.430 seconds
[2026-08-31T06:19:08.568+0000] {processor.py:161} INFO - Started process (PID=3449) to work on /opt/airflow/dags/minio-to-kafka.py
[2026-08-31T06:19:08.569+0000] {processor.py:830} INFO - Processing file /opt/airflow/dags/minio-to-kafka.py for tasks to queue
[2026-08-31T06:19:08.573+0000] {logging_mixin.py:188} INFO - [2026-08-31T06:19:08.573+0000] {dagbag.py:545} INFO - Filling up the DagBag from /opt/airflow/dags/minio-to-kafka.py
[2026-08-31T06:19:09.523+0000] {processor.py:840} INFO - DAG(s) 'spotify_minio_to_snowflake_bronze' retrieved from /opt/airflow/dags/minio-to-kafka.py
[2026-08-31T06:19:09.557+0000] {logging_mixin.py:188} INFO - [2026-08-31T06:19:09.556+0000] {dag.py:3089} INFO - Sync 1 DAGs
[2026-08-31T06:19:09.584+0000] {logging_mixin.py:188} INFO - [2026-08-31T06:19:09.583+0000] {dag.py:3947} INFO - Setting next_dagrun for spotify_minio_to_snowflake_bronze to 2026-08-31 06:00:00+00:00, run_after=2026-08-31 07:00:00+00:00
[2026-08-31T06:19:09.611+0000] {processor.py:183} INFO - Processing /opt/airflow/dags/minio-to-kafka.py took 1.050 seconds
[2026-08-31T06:19:39.868+0000] {processor.py:161} INFO - Started process (PID=3452) to work on /opt/airflow/dags/minio-to-kafka.py
[2026-08-31T06:19:39.870+0000] {processor.py:830} INFO - Processing file /opt/airflow/dags/minio-to-kafka.py for tasks to queue
[2026-08-31T06:19:39.875+0000] {logging_mixin.py:188} INFO - [2026-08-31T06:19:39.874+0000] {dagbag.py:545} INFO - Filling up the DagBag from /opt/airflow/dags/minio-to-kafka.py
[2026-08-31T06:19:40.977+0000] {processor.py:840} INFO - DAG(s) 'spotify_minio_to_snowflake_bronze' retrieved from /opt/airflow/dags/minio-to-kafka.py
[2026-08-31T06:19:41.019+0000] {logging_mixin.py:188} INFO - [2026-08-31T06:19:41.019+0000] {dag.py:3089} INFO - Sync 1 DAGs
[2026-08-31T06:19:41.049+0000] {logging_mixin.py:188} INFO - [2026-08-31T06:19:41.049+0000] {dag.py:3947} INFO - Setting next_dagrun for spotify_minio_to_snowflake_bronze to 2026-08-31 06:00:00+00:00, run_after=2026-08-31 07:00:00+00:00
[2026-08-31T06:19:41.076+0000] {processor.py:183} INFO - Processing /opt/airflow/dags/minio-to-kafka.py took 1.220 seconds
[2026-08-31T06:20:11.259+0000] {processor.py:161} INFO - Started process (PID=3455) to work on /opt/airflow/dags/minio-to-kafka.py
[2026-08-31T06:20:11.262+0000] {processor.py:830} INFO - Processing file /opt/airflow/dags/minio-to-kafka.py for tasks to queue
[2026-08-31T06:20:11.266+0000] {logging_mixin.py:188} INFO - [2026-08-31T06:20:11.265+0000] {dagbag.py:545} INFO - Filling up the DagBag from /opt/airflow/dags/minio-to-kafka.py
[2026-08-31T06:20:13.499+0000] {processor.py:840} INFO - DAG(s) 'spotify_minio_to_snowflake_bronze' retrieved from /opt/airflow/dags/minio-to-kafka.py
[2026-08-31T06:20:13.594+0000] {logging_mixin.py:188} INFO - [2026-08-31T06:20:13.593+0000] {dag.py:3089} INFO - Sync 1 DAGs
[2026-08-31T06:20:13.646+0000] {logging_mixin.py:188} INFO - [2026-08-31T06:20:13.646+0000] {dag.py:3947} INFO - Setting next_dagrun for spotify_minio_to_snowflake_bronze to 2026-08-31 06:00:00+00:00, run_after=2026-08-31 07:00:00+00:00
[2026-08-31T06:20:13.686+0000] {processor.py:183} INFO - Processing /opt/airflow/dags/minio-to-kafka.py took 2.444 seconds
[2026-08-31T06:20:43.813+0000] {processor.py:161} INFO - Started process (PID=3458) to work on /opt/airflow/dags/minio-to-kafka.py
[2026-08-31T06:20:43.815+0000] {processor.py:830} INFO - Processing file /opt/airflow/dags/minio-to-kafka.py for tasks to queue
[2026-08-31T06:20:43.818+0000] {logging_mixin.py:188} INFO - [2026-08-31T06:20:43.818+0000] {dagbag.py:545} INFO - Filling up the DagBag from /opt/airflow/dags/minio-to-kafka.py
[2026-08-31T06:20:44.900+0000] {processor.py:840} INFO - DAG(s) 'spotify_minio_to_snowflake_bronze' retrieved from /opt/airflow/dags/minio-to-kafka.py
[2026-08-31T06:20:44.974+0000] {logging_mixin.py:188} INFO - [2026-08-31T06:20:44.973+0000] {dag.py:3089} INFO - Sync 1 DAGs
[2026-08-31T06:20:45.010+0000] {logging_mixin.py:188} INFO - [2026-08-31T06:20:45.010+0000] {dag.py:3947} INFO - Setting next_dagrun for spotify_minio_to_snowflake_bronze to 2026-08-31 06:00:00+00:00, run_after=2026-08-31 07:00:00+00:00
[2026-08-31T06:20:45.039+0000] {processor.py:183} INFO - Processing /opt/airflow/dags/minio-to-kafka.py took 1.234 seconds
[2026-08-31T06:21:15.212+0000] {processor.py:161} INFO - Started process (PID=3461) to work on /opt/airflow/dags/minio-to-kafka.py
[2026-08-31T06:21:15.226+0000] {processor.py:830} INFO - Processing file /opt/airflow/dags/minio-to-kafka.py for tasks to queue
[2026-08-31T06:21:15.248+0000] {logging_mixin.py:188} INFO - [2026-08-31T06:21:15.245+0000] {dagbag.py:545} INFO - Filling up the DagBag from /opt/airflow/dags/minio-to-kafka.py
[2026-08-31T06:21:17.442+0000] {processor.py:840} INFO - DAG(s) 'spotify_minio_to_snowflake_bronze' retrieved from /opt/airflow/dags/minio-to-kafka.py
[2026-08-31T06:21:17.534+0000] {logging_mixin.py:188} INFO - [2026-08-31T06:21:17.534+0000] {dag.py:3089} INFO - Sync 1 DAGs
[2026-08-31T06:21:17.578+0000] {logging_mixin.py:188} INFO - [2026-08-31T06:21:17.578+0000] {dag.py:3947} INFO - Setting next_dagrun for spotify_minio_to_snowflake_bronze to 2026-08-31 06:00:00+00:00, run_after=2026-08-31 07:00:00+00:00
[2026-08-31T06:21:17.624+0000] {processor.py:183} INFO - Processing /opt/airflow/dags/minio-to-kafka.py took 2.455 seconds
[2026-08-31T06:21:48.175+0000] {processor.py:161} INFO - Started process (PID=3464) to work on /opt/airflow/dags/minio-to-kafka.py
[2026-08-31T06:21:48.184+0000] {processor.py:830} INFO - Processing file /opt/airflow/dags/minio-to-kafka.py for tasks to queue
[2026-08-31T06:21:48.196+0000] {logging_mixin.py:188} INFO - [2026-08-31T06:21:48.194+0000] {dagbag.py:545} INFO - Filling up the DagBag from /opt/airflow/dags/minio-to-kafka.py
[2026-08-31T06:21:50.767+0000] {processor.py:840} INFO - DAG(s) 'spotify_minio_to_snowflake_bronze' retrieved from /opt/airflow/dags/minio-to-kafka.py
[2026-08-31T06:21:50.872+0000] {logging_mixin.py:188} INFO - [2026-08-31T06:21:50.871+0000] {dag.py:3089} INFO - Sync 1 DAGs
[2026-08-31T06:21:50.942+0000] {logging_mixin.py:188} INFO - [2026-08-31T06:21:50.941+0000] {dag.py:3947} INFO - Setting next_dagrun for spotify_minio_to_snowflake_bronze to 2026-08-31 06:00:00+00:00, run_after=2026-08-31 07:00:00+00:00
[2026-08-31T06:21:51.010+0000] {processor.py:183} INFO - Processing /opt/airflow/dags/minio-to-kafka.py took 2.864 seconds
[2026-08-31T06:22:21.367+0000] {processor.py:161} INFO - Started process (PID=3467) to work on /opt/airflow/dags/minio-to-kafka.py
[2026-08-31T06:22:21.369+0000] {processor.py:830} INFO - Processing file /opt/airflow/dags/minio-to-kafka.py for tasks to queue
[2026-08-31T06:22:21.372+0000] {logging_mixin.py:188} INFO - [2026-08-31T06:22:21.372+0000] {dagbag.py:545} INFO - Filling up the DagBag from /opt/airflow/dags/minio-to-kafka.py
[2026-08-31T06:22:22.403+0000] {processor.py:840} INFO - DAG(s) 'spotify_minio_to_snowflake_bronze' retrieved from /opt/airflow/dags/minio-to-kafka.py
[2026-08-31T06:22:22.441+0000] {logging_mixin.py:188} INFO - [2026-08-31T06:22:22.441+0000] {dag.py:3089} INFO - Sync 1 DAGs
[2026-08-31T06:22:22.466+0000] {logging_mixin.py:188} INFO - [2026-08-31T06:22:22.466+0000] {dag.py:3947} INFO - Setting next_dagrun for spotify_minio_to_snowflake_bronze to 2026-08-31 06:00:00+00:00, run_after=2026-08-31 07:00:00+00:00
[2026-08-31T06:22:22.491+0000] {processor.py:183} INFO - Processing /opt/airflow/dags/minio-to-kafka.py took 1.137 seconds
[2026-08-31T06:22:52.689+0000] {processor.py:161} INFO - Started process (PID=3470) to work on /opt/airflow/dags/minio-to-kafka.py
[2026-08-31T06:22:52.707+0000] {processor.py:830} INFO - Processing file /opt/airflow/dags/minio-to-kafka.py for tasks to queue
[2026-08-31T06:22:52.724+0000] {logging_mixin.py:188} INFO - [2026-08-31T06:22:52.723+0000] {dagbag.py:545} INFO - Filling up the DagBag from /opt/airflow/dags/minio-to-kafka.py
[2026-08-31T06:22:54.369+0000] {processor.py:840} INFO - DAG(s) 'spotify_minio_to_snowflake_bronze' retrieved from /opt/airflow/dags/minio-to-kafka.py
[2026-08-31T06:22:54.454+0000] {logging_mixin.py:188} INFO - [2026-08-31T06:22:54.453+0000] {dag.py:3089} INFO - Sync 1 DAGs
[2026-08-31T06:22:54.491+0000] {logging_mixin.py:188} INFO - [2026-08-31T06:22:54.490+0000] {dag.py:3947} INFO - Setting next_dagrun for spotify_minio_to_snowflake_bronze to 2026-08-31 06:00:00+00:00, run_after=2026-08-31 07:00:00+00:00
[2026-08-31T06:22:54.518+0000] {processor.py:183} INFO - Processing /opt/airflow/dags/minio-to-kafka.py took 1.844 seconds
[2026-08-31T06:23:24.893+0000] {processor.py:161} INFO - Started process (PID=3473) to work on /opt/airflow/dags/minio-to-kafka.py
[2026-08-31T06:23:24.896+0000] {processor.py:830} INFO - Processing file /opt/airflow/dags/minio-to-kafka.py for tasks to queue
[2026-08-31T06:23:24.900+0000] {logging_mixin.py:188} INFO - [2026-08-31T06:23:24.899+0000] {dagbag.py:545} INFO - Filling up the DagBag from /opt/airflow/dags/minio-to-kafka.py
[2026-08-31T06:23:26.627+0000] {processor.py:840} INFO - DAG(s) 'spotify_minio_to_snowflake_bronze' retrieved from /opt/airflow/dags/minio-to-kafka.py
[2026-08-31T06:23:26.685+0000] {logging_mixin.py:188} INFO - [2026-08-31T06:23:26.684+0000] {dag.py:3089} INFO - Sync 1 DAGs
[2026-08-31T06:23:26.754+0000] {logging_mixin.py:188} INFO - [2026-08-31T06:23:26.753+0000] {dag.py:3947} INFO - Setting next_dagrun for spotify_minio_to_snowflake_bronze to 2026-08-31 06:00:00+00:00, run_after=2026-08-31 07:00:00+00:00
[2026-08-31T06:23:26.806+0000] {processor.py:183} INFO - Processing /opt/airflow/dags/minio-to-kafka.py took 1.926 seconds
[2026-08-31T06:23:57.354+0000] {processor.py:161} INFO - Started process (PID=3476) to work on /opt/airflow/dags/minio-to-kafka.py
[2026-08-31T06:23:57.362+0000] {processor.py:830} INFO - Processing file /opt/airflow/dags/minio-to-kafka.py for tasks to queue
[2026-08-31T06:23:57.370+0000] {logging_mixin.py:188} INFO - [2026-08-31T06:23:57.369+0000] {dagbag.py:545} INFO - Filling up the DagBag from /opt/airflow/dags/minio-to-kafka.py
[2026-08-31T06:23:58.681+0000] {processor.py:840} INFO - DAG(s) 'spotify_minio_to_snowflake_bronze' retrieved from /opt/airflow/dags/minio-to-kafka.py
[2026-08-31T06:23:58.720+0000] {logging_mixin.py:188} INFO - [2026-08-31T06:23:58.719+0000] {dag.py:3089} INFO - Sync 1 DAGs
[2026-08-31T06:23:58.749+0000] {logging_mixin.py:188} INFO - [2026-08-31T06:23:58.749+0000] {dag.py:3947} INFO - Setting next_dagrun for spotify_minio_to_snowflake_bronze to 2026-08-31 06:00:00+00:00, run_after=2026-08-31 07:00:00+00:00
[2026-08-31T06:23:58.779+0000] {processor.py:183} INFO - Processing /opt/airflow/dags/minio-to-kafka.py took 1.478 seconds
[2026-08-31T06:24:29.086+0000] {processor.py:161} INFO - Started process (PID=3479) to work on /opt/airflow/dags/minio-to-kafka.py
[2026-08-31T06:24:29.088+0000] {processor.py:830} INFO - Processing file /opt/airflow/dags/minio-to-kafka.py for tasks to queue
[2026-08-31T06:24:29.092+0000] {logging_mixin.py:188} INFO - [2026-08-31T06:24:29.091+0000] {dagbag.py:545} INFO - Filling up the DagBag from /opt/airflow/dags/minio-to-kafka.py
[2026-08-31T06:24:30.137+0000] {processor.py:840} INFO - DAG(s) 'spotify_minio_to_snowflake_bronze' retrieved from /opt/airflow/dags/minio-to-kafka.py
[2026-08-31T06:24:30.182+0000] {logging_mixin.py:188} INFO - [2026-08-31T06:24:30.182+0000] {dag.py:3089} INFO - Sync 1 DAGs
[2026-08-31T06:24:30.210+0000] {logging_mixin.py:188} INFO - [2026-08-31T06:24:30.210+0000] {dag.py:3947} INFO - Setting next_dagrun for spotify_minio_to_snowflake_bronze to 2026-08-31 06:00:00+00:00, run_after=2026-08-31 07:00:00+00:00
[2026-08-31T06:24:30.232+0000] {processor.py:183} INFO - Processing /opt/airflow/dags/minio-to-kafka.py took 1.158 seconds
[2026-08-31T06:25:00.427+0000] {processor.py:161} INFO - Started process (PID=3482) to work on /opt/airflow/dags/minio-to-kafka.py
[2026-08-31T06:25:00.431+0000] {processor.py:830} INFO - Processing file /opt/airflow/dags/minio-to-kafka.py for tasks to queue
[2026-08-31T06:25:00.438+0000] {logging_mixin.py:188} INFO - [2026-08-31T06:25:00.437+0000] {dagbag.py:545} INFO - Filling up the DagBag from /opt/airflow/dags/minio-to-kafka.py
[2026-08-31T06:25:02.088+0000] {processor.py:840} INFO - DAG(s) 'spotify_minio_to_snowflake_bronze' retrieved from /opt/airflow/dags/minio-to-kafka.py
[2026-08-31T06:25:02.190+0000] {logging_mixin.py:188} INFO - [2026-08-31T06:25:02.189+0000] {dag.py:3089} INFO - Sync 1 DAGs
[2026-08-31T06:25:02.271+0000] {logging_mixin.py:188} INFO - [2026-08-31T06:25:02.270+0000] {dag.py:3947} INFO - Setting next_dagrun for spotify_minio_to_snowflake_bronze to 2026-08-31 06:00:00+00:00, run_after=2026-08-31 07:00:00+00:00
[2026-08-31T06:25:02.317+0000] {processor.py:183} INFO - Processing /opt/airflow/dags/minio-to-kafka.py took 1.905 seconds
[2026-08-31T06:25:32.741+0000] {processor.py:161} INFO - Started process (PID=3485) to work on /opt/airflow/dags/minio-to-kafka.py
[2026-08-31T06:25:32.743+0000] {processor.py:830} INFO - Processing file /opt/airflow/dags/minio-to-kafka.py for tasks to queue
[2026-08-31T06:25:32.749+0000] {logging_mixin.py:188} INFO - [2026-08-31T06:25:32.748+0000] {dagbag.py:545} INFO - Filling up the DagBag from /opt/airflow/dags/minio-to-kafka.py
[2026-08-31T06:25:33.964+0000] {processor.py:840} INFO - DAG(s) 'spotify_minio_to_snowflake_bronze' retrieved from /opt/airflow/dags/minio-to-kafka.py
[2026-08-31T06:25:33.998+0000] {logging_mixin.py:188} INFO - [2026-08-31T06:25:33.997+0000] {dag.py:3089} INFO - Sync 1 DAGs
[2026-08-31T06:25:34.023+0000] {logging_mixin.py:188} INFO - [2026-08-31T06:25:34.023+0000] {dag.py:3947} INFO - Setting next_dagrun for spotify_minio_to_snowflake_bronze to 2026-08-31 06:00:00+00:00, run_after=2026-08-31 07:00:00+00:00
[2026-08-31T06:25:34.050+0000] {processor.py:183} INFO - Processing /opt/airflow/dags/minio-to-kafka.py took 1.317 seconds
[2026-08-31T06:26:04.359+0000] {processor.py:161} INFO - Started process (PID=3488) to work on /opt/airflow/dags/minio-to-kafka.py
[2026-08-31T06:26:04.361+0000] {processor.py:830} INFO - Processing file /opt/airflow/dags/minio-to-kafka.py for tasks to queue
[2026-08-31T06:26:04.364+0000] {logging_mixin.py:188} INFO - [2026-08-31T06:26:04.364+0000] {dagbag.py:545} INFO - Filling up the DagBag from /opt/airflow/dags/minio-to-kafka.py
[2026-08-31T06:26:05.860+0000] {processor.py:840} INFO - DAG(s) 'spotify_minio_to_snowflake_bronze' retrieved from /opt/airflow/dags/minio-to-kafka.py
[2026-08-31T06:26:05.918+0000] {logging_mixin.py:188} INFO - [2026-08-31T06:26:05.917+0000] {dag.py:3089} INFO - Sync 1 DAGs
[2026-08-31T06:26:05.963+0000] {logging_mixin.py:188} INFO - [2026-08-31T06:26:05.963+0000] {dag.py:3947} INFO - Setting next_dagrun for spotify_minio_to_snowflake_bronze to 2026-08-31 06:00:00+00:00, run_after=2026-08-31 07:00:00+00:00
[2026-08-31T06:26:05.998+0000] {processor.py:183} INFO - Processing /opt/airflow/dags/minio-to-kafka.py took 1.651 seconds
[2026-08-31T06:26:36.327+0000] {processor.py:161} INFO - Started process (PID=3491) to work on /opt/airflow/dags/minio-to-kafka.py
[2026-08-31T06:26:36.329+0000] {processor.py:830} INFO - Processing file /opt/airflow/dags/minio-to-kafka.py for tasks to queue
[2026-08-31T06:26:36.333+0000] {logging_mixin.py:188} INFO - [2026-08-31T06:26:36.332+0000] {dagbag.py:545} INFO - Filling up the DagBag from /opt/airflow/dags/minio-to-kafka.py
[2026-08-31T06:26:37.359+0000] {processor.py:840} INFO - DAG(s) 'spotify_minio_to_snowflake_bronze' retrieved from /opt/airflow/dags/minio-to-kafka.py
[2026-08-31T06:26:37.435+0000] {logging_mixin.py:188} INFO - [2026-08-31T06:26:37.434+0000] {dag.py:3089} INFO - Sync 1 DAGs
[2026-08-31T06:26:37.499+0000] {logging_mixin.py:188} INFO - [2026-08-31T06:26:37.498+0000] {dag.py:3947} INFO - Setting next_dagrun for spotify_minio_to_snowflake_bronze to 2026-08-31 06:00:00+00:00, run_after=2026-08-31 07:00:00+00:00
[2026-08-31T06:26:37.531+0000] {processor.py:183} INFO - Processing /opt/airflow/dags/minio-to-kafka.py took 1.212 seconds
[2026-08-31T06:27:07.674+0000] {processor.py:161} INFO - Started process (PID=3494) to work on /opt/airflow/dags/minio-to-kafka.py
[2026-08-31T06:27:07.678+0000] {processor.py:830} INFO - Processing file /opt/airflow/dags/minio-to-kafka.py for tasks to queue
[2026-08-31T06:27:07.683+0000] {logging_mixin.py:188} INFO - [2026-08-31T06:27:07.682+0000] {dagbag.py:545} INFO - Filling up the DagBag from /opt/airflow/dags/minio-to-kafka.py
[2026-08-31T06:27:08.828+0000] {processor.py:840} INFO - DAG(s) 'spotify_minio_to_snowflake_bronze' retrieved from /opt/airflow/dags/minio-to-kafka.py
[2026-08-31T06:27:08.867+0000] {logging_mixin.py:188} INFO - [2026-08-31T06:27:08.866+0000] {dag.py:3089} INFO - Sync 1 DAGs
[2026-08-31T06:27:08.894+0000] {logging_mixin.py:188} INFO - [2026-08-31T06:27:08.894+0000] {dag.py:3947} INFO - Setting next_dagrun for spotify_minio_to_snowflake_bronze to 2026-08-31 06:00:00+00:00, run_after=2026-08-31 07:00:00+00:00
[2026-08-31T06:27:08.921+0000] {processor.py:183} INFO - Processing /opt/airflow/dags/minio-to-kafka.py took 1.268 seconds
[2026-08-31T06:27:39.334+0000] {processor.py:161} INFO - Started process (PID=3497) to work on /opt/airflow/dags/minio-to-kafka.py
[2026-08-31T06:27:39.336+0000] {processor.py:830} INFO - Processing file /opt/airflow/dags/minio-to-kafka.py for tasks to queue
[2026-08-31T06:27:39.340+0000] {logging_mixin.py:188} INFO - [2026-08-31T06:27:39.339+0000] {dagbag.py:545} INFO - Filling up the DagBag from /opt/airflow/dags/minio-to-kafka.py
[2026-08-31T06:27:41.652+0000] {processor.py:840} INFO - DAG(s) 'spotify_minio_to_snowflake_bronze' retrieved from /opt/airflow/dags/minio-to-kafka.py
[2026-08-31T06:27:41.732+0000] {logging_mixin.py:188} INFO - [2026-08-31T06:27:41.729+0000] {dag.py:3089} INFO - Sync 1 DAGs
[2026-08-31T06:27:41.870+0000] {logging_mixin.py:188} INFO - [2026-08-31T06:27:41.869+0000] {dag.py:3947} INFO - Setting next_dagrun for spotify_minio_to_snowflake_bronze to 2026-08-31 06:00:00+00:00, run_after=2026-08-31 07:00:00+00:00
[2026-08-31T06:27:41.909+0000] {processor.py:183} INFO - Processing /opt/airflow/dags/minio-to-kafka.py took 2.591 seconds
[2026-08-31T06:28:12.228+0000] {processor.py:161} INFO - Started process (PID=3500) to work on /opt/airflow/dags/minio-to-kafka.py
[2026-08-31T06:28:12.230+0000] {processor.py:830} INFO - Processing file /opt/airflow/dags/minio-to-kafka.py for tasks to queue
[2026-08-31T06:28:12.233+0000] {logging_mixin.py:188} INFO - [2026-08-31T06:28:12.233+0000] {dagbag.py:545} INFO - Filling up the DagBag from /opt/airflow/dags/minio-to-kafka.py
[2026-08-31T06:28:13.192+0000] {processor.py:840} INFO - DAG(s) 'spotify_minio_to_snowflake_bronze' retrieved from /opt/airflow/dags/minio-to-kafka.py
[2026-08-31T06:28:13.242+0000] {logging_mixin.py:188} INFO - [2026-08-31T06:28:13.242+0000] {dag.py:3089} INFO - Sync 1 DAGs
[2026-08-31T06:28:13.280+0000] {logging_mixin.py:188} INFO - [2026-08-31T06:28:13.280+0000] {dag.py:3947} INFO - Setting next_dagrun for spotify_minio_to_snowflake_bronze to 2026-08-31 06:00:00+00:00, run_after=2026-08-31 07:00:00+00:00
[2026-08-31T06:28:13.318+0000] {processor.py:183} INFO - Processing /opt/airflow/dags/minio-to-kafka.py took 1.098 seconds
[2026-08-31T06:28:43.525+0000] {processor.py:161} INFO - Started process (PID=3503) to work on /opt/airflow/dags/minio-to-kafka.py
[2026-08-31T06:28:43.530+0000] {processor.py:830} INFO - Processing file /opt/airflow/dags/minio-to-kafka.py for tasks to queue
[2026-08-31T06:28:43.535+0000] {logging_mixin.py:188} INFO - [2026-08-31T06:28:43.534+0000] {dagbag.py:545} INFO - Filling up the DagBag from /opt/airflow/dags/minio-to-kafka.py
[2026-08-31T06:28:44.545+0000] {processor.py:840} INFO - DAG(s) 'spotify_minio_to_snowflake_bronze' retrieved from /opt/airflow/dags/minio-to-kafka.py
[2026-08-31T06:28:44.611+0000] {logging_mixin.py:188} INFO - [2026-08-31T06:28:44.610+0000] {dag.py:3089} INFO - Sync 1 DAGs
[2026-08-31T06:28:44.641+0000] {logging_mixin.py:188} INFO - [2026-08-31T06:28:44.640+0000] {dag.py:3947} INFO - Setting next_dagrun for spotify_minio_to_snowflake_bronze to 2026-08-31 06:00:00+00:00, run_after=2026-08-31 07:00:00+00:00
[2026-08-31T06:28:44.665+0000] {processor.py:183} INFO - Processing /opt/airflow/dags/minio-to-kafka.py took 1.153 seconds
[2026-08-31T06:29:15.065+0000] {processor.py:161} INFO - Started process (PID=3506) to work on /opt/airflow/dags/minio-to-kafka.py
[2026-08-31T06:29:15.067+0000] {processor.py:830} INFO - Processing file /opt/airflow/dags/minio-to-kafka.py for tasks to queue
[2026-08-31T06:29:15.071+0000] {logging_mixin.py:188} INFO - [2026-08-31T06:29:15.070+0000] {dagbag.py:545} INFO - Filling up the DagBag from /opt/airflow/dags/minio-to-kafka.py
[2026-08-31T06:29:16.456+0000] {processor.py:840} INFO - DAG(s) 'spotify_minio_to_snowflake_bronze' retrieved from /opt/airflow/dags/minio-to-kafka.py
[2026-08-31T06:29:16.495+0000] {logging_mixin.py:188} INFO - [2026-08-31T06:29:16.494+0000] {dag.py:3089} INFO - Sync 1 DAGs
[2026-08-31T06:29:16.544+0000] {logging_mixin.py:188} INFO - [2026-08-31T06:29:16.543+0000] {dag.py:3947} INFO - Setting next_dagrun for spotify_minio_to_snowflake_bronze to 2026-08-31 06:00:00+00:00, run_after=2026-08-31 07:00:00+00:00
[2026-08-31T06:29:16.579+0000] {processor.py:183} INFO - Processing /opt/airflow/dags/minio-to-kafka.py took 1.527 seconds
[2026-08-31T06:29:46.866+0000] {processor.py:161} INFO - Started process (PID=3509) to work on /opt/airflow/dags/minio-to-kafka.py
[2026-08-31T06:29:46.867+0000] {processor.py:830} INFO - Processing file /opt/airflow/dags/minio-to-kafka.py for tasks to queue
[2026-08-31T06:29:46.871+0000] {logging_mixin.py:188} INFO - [2026-08-31T06:29:46.870+0000] {dagbag.py:545} INFO - Filling up the DagBag from /opt/airflow/dags/minio-to-kafka.py
[2026-08-31T06:29:47.934+0000] {processor.py:840} INFO - DAG(s) 'spotify_minio_to_snowflake_bronze' retrieved from /opt/airflow/dags/minio-to-kafka.py
[2026-08-31T06:29:47.966+0000] {logging_mixin.py:188} INFO - [2026-08-31T06:29:47.966+0000] {dag.py:3089} INFO - Sync 1 DAGs
[2026-08-31T06:29:47.994+0000] {logging_mixin.py:188} INFO - [2026-08-31T06:29:47.993+0000] {dag.py:3947} INFO - Setting next_dagrun for spotify_minio_to_snowflake_bronze to 2026-08-31 06:00:00+00:00, run_after=2026-08-31 07:00:00+00:00
[2026-08-31T06:29:48.021+0000] {processor.py:183} INFO - Processing /opt/airflow/dags/minio-to-kafka.py took 1.165 seconds
[2026-08-31T06:30:18.187+0000] {processor.py:161} INFO - Started process (PID=3512) to work on /opt/airflow/dags/minio-to-kafka.py
[2026-08-31T06:30:18.190+0000] {processor.py:830} INFO - Processing file /opt/airflow/dags/minio-to-kafka.py for tasks to queue
[2026-08-31T06:30:18.194+0000] {logging_mixin.py:188} INFO - [2026-08-31T06:30:18.193+0000] {dagbag.py:545} INFO - Filling up the DagBag from /opt/airflow/dags/minio-to-kafka.py
[2026-08-31T06:30:19.825+0000] {processor.py:840} INFO - DAG(s) 'spotify_minio_to_snowflake_bronze' retrieved from /opt/airflow/dags/minio-to-kafka.py
[2026-08-31T06:30:19.886+0000] {logging_mixin.py:188} INFO - [2026-08-31T06:30:19.885+0000] {dag.py:3089} INFO - Sync 1 DAGs
[2026-08-31T06:30:19.914+0000] {logging_mixin.py:188} INFO - [2026-08-31T06:30:19.914+0000] {dag.py:3947} INFO - Setting next_dagrun for spotify_minio_to_snowflake_bronze to 2026-08-31 06:00:00+00:00, run_after=2026-08-31 07:00:00+00:00
[2026-08-31T06:30:19.942+0000] {processor.py:183} INFO - Processing /opt/airflow/dags/minio-to-kafka.py took 1.763 seconds
[2026-08-31T06:30:50.281+0000] {processor.py:161} INFO - Started process (PID=3515) to work on /opt/airflow/dags/minio-to-kafka.py
[2026-08-31T06:30:50.289+0000] {processor.py:830} INFO - Processing file /opt/airflow/dags/minio-to-kafka.py for tasks to queue
[2026-08-31T06:30:50.292+0000] {logging_mixin.py:188} INFO - [2026-08-31T06:30:50.292+0000] {dagbag.py:545} INFO - Filling up the DagBag from /opt/airflow/dags/minio-to-kafka.py
[2026-08-31T06:30:51.435+0000] {processor.py:840} INFO - DAG(s) 'spotify_minio_to_snowflake_bronze' retrieved from /opt/airflow/dags/minio-to-kafka.py
[2026-08-31T06:30:51.471+0000] {logging_mixin.py:188} INFO - [2026-08-31T06:30:51.471+0000] {dag.py:3089} INFO - Sync 1 DAGs
[2026-08-31T06:30:51.506+0000] {logging_mixin.py:188} INFO - [2026-08-31T06:30:51.506+0000] {dag.py:3947} INFO - Setting next_dagrun for spotify_minio_to_snowflake_bronze to 2026-08-31 06:00:00+00:00, run_after=2026-08-31 07:00:00+00:00
[2026-08-31T06:30:51.529+0000] {processor.py:183} INFO - Processing /opt/airflow/dags/minio-to-kafka.py took 1.256 seconds
[2026-08-31T06:31:21.830+0000] {processor.py:161} INFO - Started process (PID=3518) to work on /opt/airflow/dags/minio-to-kafka.py
[2026-08-31T06:31:21.832+0000] {processor.py:830} INFO - Processing file /opt/airflow/dags/minio-to-kafka.py for tasks to queue
[2026-08-31T06:31:21.836+0000] {logging_mixin.py:188} INFO - [2026-08-31T06:31:21.835+0000] {dagbag.py:545} INFO - Filling up the DagBag from /opt/airflow/dags/minio-to-kafka.py
[2026-08-31T06:31:22.879+0000] {processor.py:840} INFO - DAG(s) 'spotify_minio_to_snowflake_bronze' retrieved from /opt/airflow/dags/minio-to-kafka.py
[2026-08-31T06:31:22.916+0000] {logging_mixin.py:188} INFO - [2026-08-31T06:31:22.915+0000] {dag.py:3089} INFO - Sync 1 DAGs
[2026-08-31T06:31:22.943+0000] {logging_mixin.py:188} INFO - [2026-08-31T06:31:22.942+0000] {dag.py:3947} INFO - Setting next_dagrun for spotify_minio_to_snowflake_bronze to 2026-08-31 06:00:00+00:00, run_after=2026-08-31 07:00:00+00:00
[2026-08-31T06:31:22.967+0000] {processor.py:183} INFO - Processing /opt/airflow/dags/minio-to-kafka.py took 1.145 seconds
[2026-08-31T06:31:53.084+0000] {processor.py:161} INFO - Started process (PID=3521) to work on /opt/airflow/dags/minio-to-kafka.py
[2026-08-31T06:31:53.089+0000] {processor.py:830} INFO - Processing file /opt/airflow/dags/minio-to-kafka.py for tasks to queue
[2026-08-31T06:31:53.097+0000] {logging_mixin.py:188} INFO - [2026-08-31T06:31:53.096+0000] {dagbag.py:545} INFO - Filling up the DagBag from /opt/airflow/dags/minio-to-kafka.py
[2026-08-31T06:31:54.318+0000] {processor.py:840} INFO - DAG(s) 'spotify_minio_to_snowflake_bronze' retrieved from /opt/airflow/dags/minio-to-kafka.py
[2026-08-31T06:31:54.353+0000] {logging_mixin.py:188} INFO - [2026-08-31T06:31:54.352+0000] {dag.py:3089} INFO - Sync 1 DAGs
[2026-08-31T06:31:54.380+0000] {logging_mixin.py:188} INFO - [2026-08-31T06:31:54.380+0000] {dag.py:3947} INFO - Setting next_dagrun for spotify_minio_to_snowflake_bronze to 2026-08-31 06:00:00+00:00, run_after=2026-08-31 07:00:00+00:00
[2026-08-31T06:31:54.407+0000] {processor.py:183} INFO - Processing /opt/airflow/dags/minio-to-kafka.py took 1.353 seconds
[2026-08-31T06:32:24.508+0000] {processor.py:161} INFO - Started process (PID=3524) to work on /opt/airflow/dags/minio-to-kafka.py
[2026-08-31T06:32:24.510+0000] {processor.py:830} INFO - Processing file /opt/airflow/dags/minio-to-kafka.py for tasks to queue
[2026-08-31T06:32:24.513+0000] {logging_mixin.py:188} INFO - [2026-08-31T06:32:24.512+0000] {dagbag.py:545} INFO - Filling up the DagBag from /opt/airflow/dags/minio-to-kafka.py
[2026-08-31T06:32:25.435+0000] {processor.py:840} INFO - DAG(s) 'spotify_minio_to_snowflake_bronze' retrieved from /opt/airflow/dags/minio-to-kafka.py
[2026-08-31T06:32:25.470+0000] {logging_mixin.py:188} INFO - [2026-08-31T06:32:25.470+0000] {dag.py:3089} INFO - Sync 1 DAGs
[2026-08-31T06:32:25.500+0000] {logging_mixin.py:188} INFO - [2026-08-31T06:32:25.500+0000] {dag.py:3947} INFO - Setting next_dagrun for spotify_minio_to_snowflake_bronze to 2026-08-31 06:00:00+00:00, run_after=2026-08-31 07:00:00+00:00
[2026-08-31T06:32:25.524+0000] {processor.py:183} INFO - Processing /opt/airflow/dags/minio-to-kafka.py took 1.024 seconds
[2026-08-31T06:32:55.782+0000] {processor.py:161} INFO - Started process (PID=3527) to work on /opt/airflow/dags/minio-to-kafka.py
[2026-08-31T06:32:55.784+0000] {processor.py:830} INFO - Processing file /opt/airflow/dags/minio-to-kafka.py for tasks to queue
[2026-08-31T06:32:55.786+0000] {logging_mixin.py:188} INFO - [2026-08-31T06:32:55.786+0000] {dagbag.py:545} INFO - Filling up the DagBag from /opt/airflow/dags/minio-to-kafka.py
[2026-08-31T06:32:56.957+0000] {processor.py:840} INFO - DAG(s) 'spotify_minio_to_snowflake_bronze' retrieved from /opt/airflow/dags/minio-to-kafka.py
[2026-08-31T06:32:56.992+0000] {logging_mixin.py:188} INFO - [2026-08-31T06:32:56.991+0000] {dag.py:3089} INFO - Sync 1 DAGs
[2026-08-31T06:32:57.019+0000] {logging_mixin.py:188} INFO - [2026-08-31T06:32:57.019+0000] {dag.py:3947} INFO - Setting next_dagrun for spotify_minio_to_snowflake_bronze to 2026-08-31 06:00:00+00:00, run_after=2026-08-31 07:00:00+00:00
[2026-08-31T06:32:57.046+0000] {processor.py:183} INFO - Processing /opt/airflow/dags/minio-to-kafka.py took 1.277 seconds
[2026-08-31T06:33:27.363+0000] {processor.py:161} INFO - Started process (PID=3530) to work on /opt/airflow/dags/minio-to-kafka.py
[2026-08-31T06:33:27.365+0000] {processor.py:830} INFO - Processing file /opt/airflow/dags/minio-to-kafka.py for tasks to queue
[2026-08-31T06:33:27.369+0000] {logging_mixin.py:188} INFO - [2026-08-31T06:33:27.368+0000] {dagbag.py:545} INFO - Filling up the DagBag from /opt/airflow/dags/minio-to-kafka.py
[2026-08-31T06:33:28.440+0000] {processor.py:840} INFO - DAG(s) 'spotify_minio_to_snowflake_bronze' retrieved from /opt/airflow/dags/minio-to-kafka.py
[2026-08-31T06:33:28.480+0000] {logging_mixin.py:188} INFO - [2026-08-31T06:33:28.480+0000] {dag.py:3089} INFO - Sync 1 DAGs
[2026-08-31T06:33:28.506+0000] {logging_mixin.py:188} INFO - [2026-08-31T06:33:28.505+0000] {dag.py:3947} INFO - Setting next_dagrun for spotify_minio_to_snowflake_bronze to 2026-08-31 06:00:00+00:00, run_after=2026-08-31 07:00:00+00:00
[2026-08-31T06:33:28.530+0000] {processor.py:183} INFO - Processing /opt/airflow/dags/minio-to-kafka.py took 1.178 seconds
[2026-08-31T06:33:58.647+0000] {processor.py:161} INFO - Started process (PID=3533) to work on /opt/airflow/dags/minio-to-kafka.py
[2026-08-31T06:33:58.649+0000] {processor.py:830} INFO - Processing file /opt/airflow/dags/minio-to-kafka.py for tasks to queue
[2026-08-31T06:33:58.652+0000] {logging_mixin.py:188} INFO - [2026-08-31T06:33:58.651+0000] {dagbag.py:545} INFO - Filling up the DagBag from /opt/airflow/dags/minio-to-kafka.py
[2026-08-31T06:33:59.708+0000] {processor.py:840} INFO - DAG(s) 'spotify_minio_to_snowflake_bronze' retrieved from /opt/airflow/dags/minio-to-kafka.py
[2026-08-31T06:33:59.744+0000] {logging_mixin.py:188} INFO - [2026-08-31T06:33:59.743+0000] {dag.py:3089} INFO - Sync 1 DAGs
[2026-08-31T06:33:59.779+0000] {logging_mixin.py:188} INFO - [2026-08-31T06:33:59.779+0000] {dag.py:3947} INFO - Setting next_dagrun for spotify_minio_to_snowflake_bronze to 2026-08-31 06:00:00+00:00, run_after=2026-08-31 07:00:00+00:00
[2026-08-31T06:33:59.813+0000] {processor.py:183} INFO - Processing /opt/airflow/dags/minio-to-kafka.py took 1.174 seconds
[2026-08-31T06:34:30.143+0000] {processor.py:161} INFO - Started process (PID=3536) to work on /opt/airflow/dags/minio-to-kafka.py
[2026-08-31T06:34:30.148+0000] {processor.py:830} INFO - Processing file /opt/airflow/dags/minio-to-kafka.py for tasks to queue
[2026-08-31T06:34:30.162+0000] {logging_mixin.py:188} INFO - [2026-08-31T06:34:30.160+0000] {dagbag.py:545} INFO - Filling up the DagBag from /opt/airflow/dags/minio-to-kafka.py
[2026-08-31T06:34:31.155+0000] {processor.py:840} INFO - DAG(s) 'spotify_minio_to_snowflake_bronze' retrieved from /opt/airflow/dags/minio-to-kafka.py
[2026-08-31T06:34:31.197+0000] {logging_mixin.py:188} INFO - [2026-08-31T06:34:31.196+0000] {dag.py:3089} INFO - Sync 1 DAGs
[2026-08-31T06:34:31.223+0000] {logging_mixin.py:188} INFO - [2026-08-31T06:34:31.222+0000] {dag.py:3947} INFO - Setting next_dagrun for spotify_minio_to_snowflake_bronze to 2026-08-31 06:00:00+00:00, run_after=2026-08-31 07:00:00+00:00
[2026-08-31T06:34:31.245+0000] {processor.py:183} INFO - Processing /opt/airflow/dags/minio-to-kafka.py took 1.140 seconds
[2026-08-31T06:35:01.442+0000] {processor.py:161} INFO - Started process (PID=3539) to work on /opt/airflow/dags/minio-to-kafka.py
[2026-08-31T06:35:01.444+0000] {processor.py:830} INFO - Processing file /opt/airflow/dags/minio-to-kafka.py for tasks to queue
[2026-08-31T06:35:01.448+0000] {logging_mixin.py:188} INFO - [2026-08-31T06:35:01.447+0000] {dagbag.py:545} INFO - Filling up the DagBag from /opt/airflow/dags/minio-to-kafka.py
[2026-08-31T06:35:03.064+0000] {processor.py:840} INFO - DAG(s) 'spotify_minio_to_snowflake_bronze' retrieved from /opt/airflow/dags/minio-to-kafka.py
[2026-08-31T06:35:03.117+0000] {logging_mixin.py:188} INFO - [2026-08-31T06:35:03.117+0000] {dag.py:3089} INFO - Sync 1 DAGs
[2026-08-31T06:35:03.152+0000] {logging_mixin.py:188} INFO - [2026-08-31T06:35:03.152+0000] {dag.py:3947} INFO - Setting next_dagrun for spotify_minio_to_snowflake_bronze to 2026-08-31 06:00:00+00:00, run_after=2026-08-31 07:00:00+00:00
[2026-08-31T06:35:03.189+0000] {processor.py:183} INFO - Processing /opt/airflow/dags/minio-to-kafka.py took 1.770 seconds
[2026-08-31T06:35:33.549+0000] {processor.py:161} INFO - Started process (PID=3542) to work on /opt/airflow/dags/minio-to-kafka.py
[2026-08-31T06:35:33.552+0000] {processor.py:830} INFO - Processing file /opt/airflow/dags/minio-to-kafka.py for tasks to queue
[2026-08-31T06:35:33.555+0000] {logging_mixin.py:188} INFO - [2026-08-31T06:35:33.554+0000] {dagbag.py:545} INFO - Filling up the DagBag from /opt/airflow/dags/minio-to-kafka.py
[2026-08-31T06:35:34.622+0000] {processor.py:840} INFO - DAG(s) 'spotify_minio_to_snowflake_bronze' retrieved from /opt/airflow/dags/minio-to-kafka.py
[2026-08-31T06:35:34.655+0000] {logging_mixin.py:188} INFO - [2026-08-31T06:35:34.655+0000] {dag.py:3089} INFO - Sync 1 DAGs
[2026-08-31T06:35:34.681+0000] {logging_mixin.py:188} INFO - [2026-08-31T06:35:34.681+0000] {dag.py:3947} INFO - Setting next_dagrun for spotify_minio_to_snowflake_bronze to 2026-08-31 06:00:00+00:00, run_after=2026-08-31 07:00:00+00:00
[2026-08-31T06:35:34.706+0000] {processor.py:183} INFO - Processing /opt/airflow/dags/minio-to-kafka.py took 1.165 seconds
[2026-08-31T06:36:04.876+0000] {processor.py:161} INFO - Started process (PID=3545) to work on /opt/airflow/dags/minio-to-kafka.py
[2026-08-31T06:36:04.880+0000] {processor.py:830} INFO - Processing file /opt/airflow/dags/minio-to-kafka.py for tasks to queue
[2026-08-31T06:36:04.884+0000] {logging_mixin.py:188} INFO - [2026-08-31T06:36:04.883+0000] {dagbag.py:545} INFO - Filling up the DagBag from /opt/airflow/dags/minio-to-kafka.py
[2026-08-31T06:36:05.791+0000] {processor.py:840} INFO - DAG(s) 'spotify_minio_to_snowflake_bronze' retrieved from /opt/airflow/dags/minio-to-kafka.py
[2026-08-31T06:36:05.826+0000] {logging_mixin.py:188} INFO - [2026-08-31T06:36:05.826+0000] {dag.py:3089} INFO - Sync 1 DAGs
[2026-08-31T06:36:05.860+0000] {logging_mixin.py:188} INFO - [2026-08-31T06:36:05.860+0000] {dag.py:3947} INFO - Setting next_dagrun for spotify_minio_to_snowflake_bronze to 2026-08-31 06:00:00+00:00, run_after=2026-08-31 07:00:00+00:00
[2026-08-31T06:36:05.896+0000] {processor.py:183} INFO - Processing /opt/airflow/dags/minio-to-kafka.py took 1.027 seconds
[2026-08-31T06:36:36.263+0000] {processor.py:161} INFO - Started process (PID=3548) to work on /opt/airflow/dags/minio-to-kafka.py
[2026-08-31T06:36:36.265+0000] {processor.py:830} INFO - Processing file /opt/airflow/dags/minio-to-kafka.py for tasks to queue
[2026-08-31T06:36:36.270+0000] {logging_mixin.py:188} INFO - [2026-08-31T06:36:36.269+0000] {dagbag.py:545} INFO - Filling up the DagBag from /opt/airflow/dags/minio-to-kafka.py
[2026-08-31T06:36:37.303+0000] {processor.py:840} INFO - DAG(s) 'spotify_minio_to_snowflake_bronze' retrieved from /opt/airflow/dags/minio-to-kafka.py
[2026-08-31T06:36:37.344+0000] {logging_mixin.py:188} INFO - [2026-08-31T06:36:37.344+0000] {dag.py:3089} INFO - Sync 1 DAGs
[2026-08-31T06:36:37.376+0000] {logging_mixin.py:188} INFO - [2026-08-31T06:36:37.376+0000] {dag.py:3947} INFO - Setting next_dagrun for spotify_minio_to_snowflake_bronze to 2026-08-31 06:00:00+00:00, run_after=2026-08-31 07:00:00+00:00
[2026-08-31T06:36:37.401+0000] {processor.py:183} INFO - Processing /opt/airflow/dags/minio-to-kafka.py took 1.148 seconds
[2026-08-31T06:37:07.623+0000] {processor.py:161} INFO - Started process (PID=3551) to work on /opt/airflow/dags/minio-to-kafka.py
[2026-08-31T06:37:07.625+0000] {processor.py:830} INFO - Processing file /opt/airflow/dags/minio-to-kafka.py for tasks to queue
[2026-08-31T06:37:07.628+0000] {logging_mixin.py:188} INFO - [2026-08-31T06:37:07.628+0000] {dagbag.py:545} INFO - Filling up the DagBag from /opt/airflow/dags/minio-to-kafka.py
[2026-08-31T06:37:09.137+0000] {processor.py:840} INFO - DAG(s) 'spotify_minio_to_snowflake_bronze' retrieved from /opt/airflow/dags/minio-to-kafka.py
[2026-08-31T06:37:09.187+0000] {logging_mixin.py:188} INFO - [2026-08-31T06:37:09.186+0000] {dag.py:3089} INFO - Sync 1 DAGs
[2026-08-31T06:37:09.214+0000] {logging_mixin.py:188} INFO - [2026-08-31T06:37:09.214+0000] {dag.py:3947} INFO - Setting next_dagrun for spotify_minio_to_snowflake_bronze to 2026-08-31 06:00:00+00:00, run_after=2026-08-31 07:00:00+00:00
[2026-08-31T06:37:09.238+0000] {processor.py:183} INFO - Processing /opt/airflow/dags/minio-to-kafka.py took 1.624 seconds
[2026-08-31T06:37:39.626+0000] {processor.py:161} INFO - Started process (PID=3554) to work on /opt/airflow/dags/minio-to-kafka.py
[2026-08-31T06:37:39.629+0000] {processor.py:830} INFO - Processing file /opt/airflow/dags/minio-to-kafka.py for tasks to queue
[2026-08-31T06:37:39.633+0000] {logging_mixin.py:188} INFO - [2026-08-31T06:37:39.633+0000] {dagbag.py:545} INFO - Filling up the DagBag from /opt/airflow/dags/minio-to-kafka.py
[2026-08-31T06:37:40.769+0000] {processor.py:840} INFO - DAG(s) 'spotify_minio_to_snowflake_bronze' retrieved from /opt/airflow/dags/minio-to-kafka.py
[2026-08-31T06:37:40.812+0000] {logging_mixin.py:188} INFO - [2026-08-31T06:37:40.811+0000] {dag.py:3089} INFO - Sync 1 DAGs
[2026-08-31T06:37:40.845+0000] {logging_mixin.py:188} INFO - [2026-08-31T06:37:40.845+0000] {dag.py:3947} INFO - Setting next_dagrun for spotify_minio_to_snowflake_bronze to 2026-08-31 06:00:00+00:00, run_after=2026-08-31 07:00:00+00:00
[2026-08-31T06:37:40.873+0000] {processor.py:183} INFO - Processing /opt/airflow/dags/minio-to-kafka.py took 1.257 seconds
[2026-08-31T06:38:11.152+0000] {processor.py:161} INFO - Started process (PID=3557) to work on /opt/airflow/dags/minio-to-kafka.py
[2026-08-31T06:38:11.154+0000] {processor.py:830} INFO - Processing file /opt/airflow/dags/minio-to-kafka.py for tasks to queue
[2026-08-31T06:38:11.157+0000] {logging_mixin.py:188} INFO - [2026-08-31T06:38:11.157+0000] {dagbag.py:545} INFO - Filling up the DagBag from /opt/airflow/dags/minio-to-kafka.py
[2026-08-31T06:38:12.126+0000] {processor.py:840} INFO - DAG(s) 'spotify_minio_to_snowflake_bronze' retrieved from /opt/airflow/dags/minio-to-kafka.py
[2026-08-31T06:38:12.168+0000] {logging_mixin.py:188} INFO - [2026-08-31T06:38:12.167+0000] {dag.py:3089} INFO - Sync 1 DAGs
[2026-08-31T06:38:12.207+0000] {logging_mixin.py:188} INFO - [2026-08-31T06:38:12.207+0000] {dag.py:3947} INFO - Setting next_dagrun for spotify_minio_to_snowflake_bronze to 2026-08-31 06:00:00+00:00, run_after=2026-08-31 07:00:00+00:00
[2026-08-31T06:38:12.242+0000] {processor.py:183} INFO - Processing /opt/airflow/dags/minio-to-kafka.py took 1.098 seconds
[2026-08-31T06:38:42.410+0000] {processor.py:161} INFO - Started process (PID=3560) to work on /opt/airflow/dags/minio-to-kafka.py
[2026-08-31T06:38:42.412+0000] {processor.py:830} INFO - Processing file /opt/airflow/dags/minio-to-kafka.py for tasks to queue
[2026-08-31T06:38:42.415+0000] {logging_mixin.py:188} INFO - [2026-08-31T06:38:42.415+0000] {dagbag.py:545} INFO - Filling up the DagBag from /opt/airflow/dags/minio-to-kafka.py
[2026-08-31T06:38:43.329+0000] {processor.py:840} INFO - DAG(s) 'spotify_minio_to_snowflake_bronze' retrieved from /opt/airflow/dags/minio-to-kafka.py
[2026-08-31T06:38:43.365+0000] {logging_mixin.py:188} INFO - [2026-08-31T06:38:43.365+0000] {dag.py:3089} INFO - Sync 1 DAGs
[2026-08-31T06:38:43.391+0000] {logging_mixin.py:188} INFO - [2026-08-31T06:38:43.390+0000] {dag.py:3947} INFO - Setting next_dagrun for spotify_minio_to_snowflake_bronze to 2026-08-31 06:00:00+00:00, run_after=2026-08-31 07:00:00+00:00
[2026-08-31T06:38:43.419+0000] {processor.py:183} INFO - Processing /opt/airflow/dags/minio-to-kafka.py took 1.018 seconds
[2026-08-31T06:39:13.672+0000] {processor.py:161} INFO - Started process (PID=3563) to work on /opt/airflow/dags/minio-to-kafka.py
[2026-08-31T06:39:13.675+0000] {processor.py:830} INFO - Processing file /opt/airflow/dags/minio-to-kafka.py for tasks to queue
[2026-08-31T06:39:13.679+0000] {logging_mixin.py:188} INFO - [2026-08-31T06:39:13.678+0000] {dagbag.py:545} INFO - Filling up the DagBag from /opt/airflow/dags/minio-to-kafka.py
[2026-08-31T06:39:14.706+0000] {processor.py:840} INFO - DAG(s) 'spotify_minio_to_snowflake_bronze' retrieved from /opt/airflow/dags/minio-to-kafka.py
[2026-08-31T06:39:14.742+0000] {logging_mixin.py:188} INFO - [2026-08-31T06:39:14.742+0000] {dag.py:3089} INFO - Sync 1 DAGs
[2026-08-31T06:39:14.770+0000] {logging_mixin.py:188} INFO - [2026-08-31T06:39:14.770+0000] {dag.py:3947} INFO - Setting next_dagrun for spotify_minio_to_snowflake_bronze to 2026-08-31 06:00:00+00:00, run_after=2026-08-31 07:00:00+00:00
[2026-08-31T06:39:14.795+0000] {processor.py:183} INFO - Processing /opt/airflow/dags/minio-to-kafka.py took 1.132 seconds
[2026-08-31T06:39:44.959+0000] {processor.py:161} INFO - Started process (PID=3566) to work on /opt/airflow/dags/minio-to-kafka.py
[2026-08-31T06:39:44.961+0000] {processor.py:830} INFO - Processing file /opt/airflow/dags/minio-to-kafka.py for tasks to queue
[2026-08-31T06:39:44.964+0000] {logging_mixin.py:188} INFO - [2026-08-31T06:39:44.963+0000] {dagbag.py:545} INFO - Filling up the DagBag from /opt/airflow/dags/minio-to-kafka.py
[2026-08-31T06:39:45.849+0000] {processor.py:840} INFO - DAG(s) 'spotify_minio_to_snowflake_bronze' retrieved from /opt/airflow/dags/minio-to-kafka.py
[2026-08-31T06:39:45.882+0000] {logging_mixin.py:188} INFO - [2026-08-31T06:39:45.881+0000] {dag.py:3089} INFO - Sync 1 DAGs
[2026-08-31T06:39:45.906+0000] {logging_mixin.py:188} INFO - [2026-08-31T06:39:45.905+0000] {dag.py:3947} INFO - Setting next_dagrun for spotify_minio_to_snowflake_bronze to 2026-08-31 06:00:00+00:00, run_after=2026-08-31 07:00:00+00:00
[2026-08-31T06:39:45.932+0000] {processor.py:183} INFO - Processing /opt/airflow/dags/minio-to-kafka.py took 0.982 seconds
[2026-08-31T06:40:16.360+0000] {processor.py:161} INFO - Started process (PID=3569) to work on /opt/airflow/dags/minio-to-kafka.py
[2026-08-31T06:40:16.363+0000] {processor.py:830} INFO - Processing file /opt/airflow/dags/minio-to-kafka.py for tasks to queue
[2026-08-31T06:40:16.367+0000] {logging_mixin.py:188} INFO - [2026-08-31T06:40:16.367+0000] {dagbag.py:545} INFO - Filling up the DagBag from /opt/airflow/dags/minio-to-kafka.py
[2026-08-31T06:40:17.367+0000] {processor.py:840} INFO - DAG(s) 'spotify_minio_to_snowflake_bronze' retrieved from /opt/airflow/dags/minio-to-kafka.py
[2026-08-31T06:40:17.399+0000] {logging_mixin.py:188} INFO - [2026-08-31T06:40:17.399+0000] {dag.py:3089} INFO - Sync 1 DAGs
[2026-08-31T06:40:17.425+0000] {logging_mixin.py:188} INFO - [2026-08-31T06:40:17.425+0000] {dag.py:3947} INFO - Setting next_dagrun for spotify_minio_to_snowflake_bronze to 2026-08-31 06:00:00+00:00, run_after=2026-08-31 07:00:00+00:00
[2026-08-31T06:40:17.449+0000] {processor.py:183} INFO - Processing /opt/airflow/dags/minio-to-kafka.py took 1.100 seconds
[2026-08-31T06:40:47.636+0000] {processor.py:161} INFO - Started process (PID=3572) to work on /opt/airflow/dags/minio-to-kafka.py
[2026-08-31T06:40:47.638+0000] {processor.py:830} INFO - Processing file /opt/airflow/dags/minio-to-kafka.py for tasks to queue
[2026-08-31T06:40:47.641+0000] {logging_mixin.py:188} INFO - [2026-08-31T06:40:47.641+0000] {dagbag.py:545} INFO - Filling up the DagBag from /opt/airflow/dags/minio-to-kafka.py
[2026-08-31T06:40:48.637+0000] {processor.py:840} INFO - DAG(s) 'spotify_minio_to_snowflake_bronze' retrieved from /opt/airflow/dags/minio-to-kafka.py
[2026-08-31T06:40:48.675+0000] {logging_mixin.py:188} INFO - [2026-08-31T06:40:48.675+0000] {dag.py:3089} INFO - Sync 1 DAGs
[2026-08-31T06:40:48.705+0000] {logging_mixin.py:188} INFO - [2026-08-31T06:40:48.704+0000] {dag.py:3947} INFO - Setting next_dagrun for spotify_minio_to_snowflake_bronze to 2026-08-31 06:00:00+00:00, run_after=2026-08-31 07:00:00+00:00
[2026-08-31T06:40:48.730+0000] {processor.py:183} INFO - Processing /opt/airflow/dags/minio-to-kafka.py took 1.102 seconds
[2026-08-31T06:41:19.065+0000] {processor.py:161} INFO - Started process (PID=3575) to work on /opt/airflow/dags/minio-to-kafka.py
[2026-08-31T06:41:19.067+0000] {processor.py:830} INFO - Processing file /opt/airflow/dags/minio-to-kafka.py for tasks to queue
[2026-08-31T06:41:19.070+0000] {logging_mixin.py:188} INFO - [2026-08-31T06:41:19.070+0000] {dagbag.py:545} INFO - Filling up the DagBag from /opt/airflow/dags/minio-to-kafka.py
[2026-08-31T06:41:20.216+0000] {processor.py:840} INFO - DAG(s) 'spotify_minio_to_snowflake_bronze' retrieved from /opt/airflow/dags/minio-to-kafka.py
[2026-08-31T06:41:20.288+0000] {logging_mixin.py:188} INFO - [2026-08-31T06:41:20.288+0000] {dag.py:3089} INFO - Sync 1 DAGs
[2026-08-31T06:41:20.348+0000] {logging_mixin.py:188} INFO - [2026-08-31T06:41:20.348+0000] {dag.py:3947} INFO - Setting next_dagrun for spotify_minio_to_snowflake_bronze to 2026-08-31 06:00:00+00:00, run_after=2026-08-31 07:00:00+00:00
[2026-08-31T06:41:20.389+0000] {processor.py:183} INFO - Processing /opt/airflow/dags/minio-to-kafka.py took 1.332 seconds
[2026-08-31T06:41:50.684+0000] {processor.py:161} INFO - Started process (PID=3578) to work on /opt/airflow/dags/minio-to-kafka.py
[2026-08-31T06:41:50.688+0000] {processor.py:830} INFO - Processing file /opt/airflow/dags/minio-to-kafka.py for tasks to queue
[2026-08-31T06:41:50.691+0000] {logging_mixin.py:188} INFO - [2026-08-31T06:41:50.691+0000] {dagbag.py:545} INFO - Filling up the DagBag from /opt/airflow/dags/minio-to-kafka.py
[2026-08-31T06:41:51.679+0000] {processor.py:840} INFO - DAG(s) 'spotify_minio_to_snowflake_bronze' retrieved from /opt/airflow/dags/minio-to-kafka.py
[2026-08-31T06:41:51.720+0000] {logging_mixin.py:188} INFO - [2026-08-31T06:41:51.720+0000] {dag.py:3089} INFO - Sync 1 DAGs
[2026-08-31T06:41:51.749+0000] {logging_mixin.py:188} INFO - [2026-08-31T06:41:51.749+0000] {dag.py:3947} INFO - Setting next_dagrun for spotify_minio_to_snowflake_bronze to 2026-08-31 06:00:00+00:00, run_after=2026-08-31 07:00:00+00:00
[2026-08-31T06:41:51.776+0000] {processor.py:183} INFO - Processing /opt/airflow/dags/minio-to-kafka.py took 1.101 seconds
[2026-08-31T06:42:21.925+0000] {processor.py:161} INFO - Started process (PID=3581) to work on /opt/airflow/dags/minio-to-kafka.py
[2026-08-31T06:42:21.927+0000] {processor.py:830} INFO - Processing file /opt/airflow/dags/minio-to-kafka.py for tasks to queue
[2026-08-31T06:42:21.932+0000] {logging_mixin.py:188} INFO - [2026-08-31T06:42:21.931+0000] {dagbag.py:545} INFO - Filling up the DagBag from /opt/airflow/dags/minio-to-kafka.py
[2026-08-31T06:42:23.079+0000] {processor.py:840} INFO - DAG(s) 'spotify_minio_to_snowflake_bronze' retrieved from /opt/airflow/dags/minio-to-kafka.py
[2026-08-31T06:42:23.151+0000] {logging_mixin.py:188} INFO - [2026-08-31T06:42:23.150+0000] {dag.py:3089} INFO - Sync 1 DAGs
[2026-08-31T06:42:23.228+0000] {logging_mixin.py:188} INFO - [2026-08-31T06:42:23.227+0000] {dag.py:3947} INFO - Setting next_dagrun for spotify_minio_to_snowflake_bronze to 2026-08-31 06:00:00+00:00, run_after=2026-08-31 07:00:00+00:00
[2026-08-31T06:42:23.284+0000] {processor.py:183} INFO - Processing /opt/airflow/dags/minio-to-kafka.py took 1.367 seconds
[2026-08-31T06:42:53.624+0000] {processor.py:161} INFO - Started process (PID=3584) to work on /opt/airflow/dags/minio-to-kafka.py
[2026-08-31T06:42:53.628+0000] {processor.py:830} INFO - Processing file /opt/airflow/dags/minio-to-kafka.py for tasks to queue
[2026-08-31T06:42:53.632+0000] {logging_mixin.py:188} INFO - [2026-08-31T06:42:53.631+0000] {dagbag.py:545} INFO - Filling up the DagBag from /opt/airflow/dags/minio-to-kafka.py
[2026-08-31T06:42:55.547+0000] {processor.py:840} INFO - DAG(s) 'spotify_minio_to_snowflake_bronze' retrieved from /opt/airflow/dags/minio-to-kafka.py
[2026-08-31T06:42:55.605+0000] {logging_mixin.py:188} INFO - [2026-08-31T06:42:55.604+0000] {dag.py:3089} INFO - Sync 1 DAGs
[2026-08-31T06:42:55.667+0000] {logging_mixin.py:188} INFO - [2026-08-31T06:42:55.667+0000] {dag.py:3947} INFO - Setting next_dagrun for spotify_minio_to_snowflake_bronze to 2026-08-31 06:00:00+00:00, run_after=2026-08-31 07:00:00+00:00
[2026-08-31T06:42:55.710+0000] {processor.py:183} INFO - Processing /opt/airflow/dags/minio-to-kafka.py took 2.104 seconds
[2026-08-31T06:43:25.879+0000] {processor.py:161} INFO - Started process (PID=3587) to work on /opt/airflow/dags/minio-to-kafka.py
[2026-08-31T06:43:25.881+0000] {processor.py:830} INFO - Processing file /opt/airflow/dags/minio-to-kafka.py for tasks to queue
[2026-08-31T06:43:25.884+0000] {logging_mixin.py:188} INFO - [2026-08-31T06:43:25.884+0000] {dagbag.py:545} INFO - Filling up the DagBag from /opt/airflow/dags/minio-to-kafka.py
[2026-08-31T06:43:27.622+0000] {processor.py:840} INFO - DAG(s) 'spotify_minio_to_snowflake_bronze' retrieved from /opt/airflow/dags/minio-to-kafka.py
[2026-08-31T06:43:27.661+0000] {logging_mixin.py:188} INFO - [2026-08-31T06:43:27.660+0000] {dag.py:3089} INFO - Sync 1 DAGs
[2026-08-31T06:43:27.688+0000] {logging_mixin.py:188} INFO - [2026-08-31T06:43:27.688+0000] {dag.py:3947} INFO - Setting next_dagrun for spotify_minio_to_snowflake_bronze to 2026-08-31 06:00:00+00:00, run_after=2026-08-31 07:00:00+00:00
[2026-08-31T06:43:27.717+0000] {processor.py:183} INFO - Processing /opt/airflow/dags/minio-to-kafka.py took 1.851 seconds
[2026-08-31T06:43:58.037+0000] {processor.py:161} INFO - Started process (PID=3590) to work on /opt/airflow/dags/minio-to-kafka.py
[2026-08-31T06:43:58.038+0000] {processor.py:830} INFO - Processing file /opt/airflow/dags/minio-to-kafka.py for tasks to queue
[2026-08-31T06:43:58.042+0000] {logging_mixin.py:188} INFO - [2026-08-31T06:43:58.042+0000] {dagbag.py:545} INFO - Filling up the DagBag from /opt/airflow/dags/minio-to-kafka.py
[2026-08-31T06:43:59.032+0000] {processor.py:840} INFO - DAG(s) 'spotify_minio_to_snowflake_bronze' retrieved from /opt/airflow/dags/minio-to-kafka.py
[2026-08-31T06:43:59.065+0000] {logging_mixin.py:188} INFO - [2026-08-31T06:43:59.065+0000] {dag.py:3089} INFO - Sync 1 DAGs
[2026-08-31T06:43:59.091+0000] {logging_mixin.py:188} INFO - [2026-08-31T06:43:59.090+0000] {dag.py:3947} INFO - Setting next_dagrun for spotify_minio_to_snowflake_bronze to 2026-08-31 06:00:00+00:00, run_after=2026-08-31 07:00:00+00:00
[2026-08-31T06:43:59.114+0000] {processor.py:183} INFO - Processing /opt/airflow/dags/minio-to-kafka.py took 1.086 seconds
[2026-08-31T06:44:29.323+0000] {processor.py:161} INFO - Started process (PID=3593) to work on /opt/airflow/dags/minio-to-kafka.py
[2026-08-31T06:44:29.325+0000] {processor.py:830} INFO - Processing file /opt/airflow/dags/minio-to-kafka.py for tasks to queue
[2026-08-31T06:44:29.329+0000] {logging_mixin.py:188} INFO - [2026-08-31T06:44:29.328+0000] {dagbag.py:545} INFO - Filling up the DagBag from /opt/airflow/dags/minio-to-kafka.py
[2026-08-31T06:44:30.332+0000] {processor.py:840} INFO - DAG(s) 'spotify_minio_to_snowflake_bronze' retrieved from /opt/airflow/dags/minio-to-kafka.py
[2026-08-31T06:44:30.371+0000] {logging_mixin.py:188} INFO - [2026-08-31T06:44:30.370+0000] {dag.py:3089} INFO - Sync 1 DAGs
[2026-08-31T06:44:30.399+0000] {logging_mixin.py:188} INFO - [2026-08-31T06:44:30.399+0000] {dag.py:3947} INFO - Setting next_dagrun for spotify_minio_to_snowflake_bronze to 2026-08-31 06:00:00+00:00, run_after=2026-08-31 07:00:00+00:00
[2026-08-31T06:44:30.429+0000] {processor.py:183} INFO - Processing /opt/airflow/dags/minio-to-kafka.py took 1.114 seconds
[2026-08-31T06:45:00.610+0000] {processor.py:161} INFO - Started process (PID=3596) to work on /opt/airflow/dags/minio-to-kafka.py
[2026-08-31T06:45:00.612+0000] {processor.py:830} INFO - Processing file /opt/airflow/dags/minio-to-kafka.py for tasks to queue
[2026-08-31T06:45:00.615+0000] {logging_mixin.py:188} INFO - [2026-08-31T06:45:00.615+0000] {dagbag.py:545} INFO - Filling up the DagBag from /opt/airflow/dags/minio-to-kafka.py
[2026-08-31T06:45:01.549+0000] {processor.py:840} INFO - DAG(s) 'spotify_minio_to_snowflake_bronze' retrieved from /opt/airflow/dags/minio-to-kafka.py
[2026-08-31T06:45:01.584+0000] {logging_mixin.py:188} INFO - [2026-08-31T06:45:01.584+0000] {dag.py:3089} INFO - Sync 1 DAGs
[2026-08-31T06:45:01.612+0000] {logging_mixin.py:188} INFO - [2026-08-31T06:45:01.611+0000] {dag.py:3947} INFO - Setting next_dagrun for spotify_minio_to_snowflake_bronze to 2026-08-31 06:00:00+00:00, run_after=2026-08-31 07:00:00+00:00
[2026-08-31T06:45:01.637+0000] {processor.py:183} INFO - Processing /opt/airflow/dags/minio-to-kafka.py took 1.034 seconds
[2026-08-31T06:45:32.090+0000] {processor.py:161} INFO - Started process (PID=3599) to work on /opt/airflow/dags/minio-to-kafka.py
[2026-08-31T06:45:32.095+0000] {processor.py:830} INFO - Processing file /opt/airflow/dags/minio-to-kafka.py for tasks to queue
[2026-08-31T06:45:32.103+0000] {logging_mixin.py:188} INFO - [2026-08-31T06:45:32.102+0000] {dagbag.py:545} INFO - Filling up the DagBag from /opt/airflow/dags/minio-to-kafka.py
[2026-08-31T06:45:33.407+0000] {processor.py:840} INFO - DAG(s) 'spotify_minio_to_snowflake_bronze' retrieved from /opt/airflow/dags/minio-to-kafka.py
[2026-08-31T06:45:33.447+0000] {logging_mixin.py:188} INFO - [2026-08-31T06:45:33.446+0000] {dag.py:3089} INFO - Sync 1 DAGs
[2026-08-31T06:45:33.479+0000] {logging_mixin.py:188} INFO - [2026-08-31T06:45:33.479+0000] {dag.py:3947} INFO - Setting next_dagrun for spotify_minio_to_snowflake_bronze to 2026-08-31 06:00:00+00:00, run_after=2026-08-31 07:00:00+00:00
[2026-08-31T06:45:33.507+0000] {processor.py:183} INFO - Processing /opt/airflow/dags/minio-to-kafka.py took 1.456 seconds
[2026-08-31T06:46:03.838+0000] {processor.py:161} INFO - Started process (PID=3602) to work on /opt/airflow/dags/minio-to-kafka.py
[2026-08-31T06:46:03.841+0000] {processor.py:830} INFO - Processing file /opt/airflow/dags/minio-to-kafka.py for tasks to queue
[2026-08-31T06:46:03.844+0000] {logging_mixin.py:188} INFO - [2026-08-31T06:46:03.844+0000] {dagbag.py:545} INFO - Filling up the DagBag from /opt/airflow/dags/minio-to-kafka.py
[2026-08-31T06:46:05.517+0000] {processor.py:840} INFO - DAG(s) 'spotify_minio_to_snowflake_bronze' retrieved from /opt/airflow/dags/minio-to-kafka.py
[2026-08-31T06:46:05.571+0000] {logging_mixin.py:188} INFO - [2026-08-31T06:46:05.571+0000] {dag.py:3089} INFO - Sync 1 DAGs
[2026-08-31T06:46:05.615+0000] {logging_mixin.py:188} INFO - [2026-08-31T06:46:05.615+0000] {dag.py:3947} INFO - Setting next_dagrun for spotify_minio_to_snowflake_bronze to 2026-08-31 06:00:00+00:00, run_after=2026-08-31 07:00:00+00:00
[2026-08-31T06:46:05.692+0000] {processor.py:183} INFO - Processing /opt/airflow/dags/minio-to-kafka.py took 1.870 seconds
[2026-08-31T06:46:36.199+0000] {processor.py:161} INFO - Started process (PID=3605) to work on /opt/airflow/dags/minio-to-kafka.py
[2026-08-31T06:46:36.210+0000] {processor.py:830} INFO - Processing file /opt/airflow/dags/minio-to-kafka.py for tasks to queue
[2026-08-31T06:46:36.252+0000] {logging_mixin.py:188} INFO - [2026-08-31T06:46:36.251+0000] {dagbag.py:545} INFO - Filling up the DagBag from /opt/airflow/dags/minio-to-kafka.py
[2026-08-31T06:46:37.706+0000] {processor.py:840} INFO - DAG(s) 'spotify_minio_to_snowflake_bronze' retrieved from /opt/airflow/dags/minio-to-kafka.py
[2026-08-31T06:46:37.828+0000] {logging_mixin.py:188} INFO - [2026-08-31T06:46:37.828+0000] {dag.py:3089} INFO - Sync 1 DAGs
[2026-08-31T06:46:37.873+0000] {logging_mixin.py:188} INFO - [2026-08-31T06:46:37.873+0000] {dag.py:3947} INFO - Setting next_dagrun for spotify_minio_to_snowflake_bronze to 2026-08-31 06:00:00+00:00, run_after=2026-08-31 07:00:00+00:00
[2026-08-31T06:46:37.904+0000] {processor.py:183} INFO - Processing /opt/airflow/dags/minio-to-kafka.py took 1.834 seconds
[2026-08-31T06:47:08.201+0000] {processor.py:161} INFO - Started process (PID=3608) to work on /opt/airflow/dags/minio-to-kafka.py
[2026-08-31T06:47:08.207+0000] {processor.py:830} INFO - Processing file /opt/airflow/dags/minio-to-kafka.py for tasks to queue
[2026-08-31T06:47:08.211+0000] {logging_mixin.py:188} INFO - [2026-08-31T06:47:08.211+0000] {dagbag.py:545} INFO - Filling up the DagBag from /opt/airflow/dags/minio-to-kafka.py
[2026-08-31T06:47:09.199+0000] {processor.py:840} INFO - DAG(s) 'spotify_minio_to_snowflake_bronze' retrieved from /opt/airflow/dags/minio-to-kafka.py
[2026-08-31T06:47:09.234+0000] {logging_mixin.py:188} INFO - [2026-08-31T06:47:09.234+0000] {dag.py:3089} INFO - Sync 1 DAGs
[2026-08-31T06:47:09.264+0000] {logging_mixin.py:188} INFO - [2026-08-31T06:47:09.264+0000] {dag.py:3947} INFO - Setting next_dagrun for spotify_minio_to_snowflake_bronze to 2026-08-31 06:00:00+00:00, run_after=2026-08-31 07:00:00+00:00
[2026-08-31T06:47:09.291+0000] {processor.py:183} INFO - Processing /opt/airflow/dags/minio-to-kafka.py took 1.115 seconds
[2026-08-31T06:47:39.435+0000] {processor.py:161} INFO - Started process (PID=3611) to work on /opt/airflow/dags/minio-to-kafka.py
[2026-08-31T06:47:39.439+0000] {processor.py:830} INFO - Processing file /opt/airflow/dags/minio-to-kafka.py for tasks to queue
[2026-08-31T06:47:39.442+0000] {logging_mixin.py:188} INFO - [2026-08-31T06:47:39.442+0000] {dagbag.py:545} INFO - Filling up the DagBag from /opt/airflow/dags/minio-to-kafka.py
[2026-08-31T06:47:40.581+0000] {processor.py:840} INFO - DAG(s) 'spotify_minio_to_snowflake_bronze' retrieved from /opt/airflow/dags/minio-to-kafka.py
[2026-08-31T06:47:40.620+0000] {logging_mixin.py:188} INFO - [2026-08-31T06:47:40.619+0000] {dag.py:3089} INFO - Sync 1 DAGs
[2026-08-31T06:47:40.657+0000] {logging_mixin.py:188} INFO - [2026-08-31T06:47:40.657+0000] {dag.py:3947} INFO - Setting next_dagrun for spotify_minio_to_snowflake_bronze to 2026-08-31 06:00:00+00:00, run_after=2026-08-31 07:00:00+00:00
[2026-08-31T06:47:40.688+0000] {processor.py:183} INFO - Processing /opt/airflow/dags/minio-to-kafka.py took 1.263 seconds
[2026-08-31T06:48:10.899+0000] {processor.py:161} INFO - Started process (PID=3614) to work on /opt/airflow/dags/minio-to-kafka.py
[2026-08-31T06:48:10.902+0000] {processor.py:830} INFO - Processing file /opt/airflow/dags/minio-to-kafka.py for tasks to queue
[2026-08-31T06:48:10.932+0000] {logging_mixin.py:188} INFO - [2026-08-31T06:48:10.928+0000] {dagbag.py:545} INFO - Filling up the DagBag from /opt/airflow/dags/minio-to-kafka.py
[2026-08-31T06:48:12.467+0000] {processor.py:840} INFO - DAG(s) 'spotify_minio_to_snowflake_bronze' retrieved from /opt/airflow/dags/minio-to-kafka.py
[2026-08-31T06:48:12.516+0000] {logging_mixin.py:188} INFO - [2026-08-31T06:48:12.515+0000] {dag.py:3089} INFO - Sync 1 DAGs
[2026-08-31T06:48:12.554+0000] {logging_mixin.py:188} INFO - [2026-08-31T06:48:12.554+0000] {dag.py:3947} INFO - Setting next_dagrun for spotify_minio_to_snowflake_bronze to 2026-08-31 06:00:00+00:00, run_after=2026-08-31 07:00:00+00:00
[2026-08-31T06:48:12.599+0000] {processor.py:183} INFO - Processing /opt/airflow/dags/minio-to-kafka.py took 1.714 seconds
[2026-08-31T06:48:42.964+0000] {processor.py:161} INFO - Started process (PID=3617) to work on /opt/airflow/dags/minio-to-kafka.py
[2026-08-31T06:48:42.967+0000] {processor.py:830} INFO - Processing file /opt/airflow/dags/minio-to-kafka.py for tasks to queue
[2026-08-31T06:48:42.970+0000] {logging_mixin.py:188} INFO - [2026-08-31T06:48:42.970+0000] {dagbag.py:545} INFO - Filling up the DagBag from /opt/airflow/dags/minio-to-kafka.py
[2026-08-31T06:48:43.978+0000] {processor.py:840} INFO - DAG(s) 'spotify_minio_to_snowflake_bronze' retrieved from /opt/airflow/dags/minio-to-kafka.py
[2026-08-31T06:48:44.019+0000] {logging_mixin.py:188} INFO - [2026-08-31T06:48:44.018+0000] {dag.py:3089} INFO - Sync 1 DAGs
[2026-08-31T06:48:44.047+0000] {logging_mixin.py:188} INFO - [2026-08-31T06:48:44.047+0000] {dag.py:3947} INFO - Setting next_dagrun for spotify_minio_to_snowflake_bronze to 2026-08-31 06:00:00+00:00, run_after=2026-08-31 07:00:00+00:00
[2026-08-31T06:48:44.079+0000] {processor.py:183} INFO - Processing /opt/airflow/dags/minio-to-kafka.py took 1.128 seconds
[2026-08-31T06:49:14.317+0000] {processor.py:161} INFO - Started process (PID=3620) to work on /opt/airflow/dags/minio-to-kafka.py
[2026-08-31T06:49:14.319+0000] {processor.py:830} INFO - Processing file /opt/airflow/dags/minio-to-kafka.py for tasks to queue
[2026-08-31T06:49:14.323+0000] {logging_mixin.py:188} INFO - [2026-08-31T06:49:14.322+0000] {dagbag.py:545} INFO - Filling up the DagBag from /opt/airflow/dags/minio-to-kafka.py
[2026-08-31T06:49:15.467+0000] {processor.py:840} INFO - DAG(s) 'spotify_minio_to_snowflake_bronze' retrieved from /opt/airflow/dags/minio-to-kafka.py
[2026-08-31T06:49:15.499+0000] {logging_mixin.py:188} INFO - [2026-08-31T06:49:15.499+0000] {dag.py:3089} INFO - Sync 1 DAGs
[2026-08-31T06:49:15.526+0000] {logging_mixin.py:188} INFO - [2026-08-31T06:49:15.526+0000] {dag.py:3947} INFO - Setting next_dagrun for spotify_minio_to_snowflake_bronze to 2026-08-31 06:00:00+00:00, run_after=2026-08-31 07:00:00+00:00
[2026-08-31T06:49:15.551+0000] {processor.py:183} INFO - Processing /opt/airflow/dags/minio-to-kafka.py took 1.242 seconds
[2026-08-31T06:49:45.692+0000] {processor.py:161} INFO - Started process (PID=3623) to work on /opt/airflow/dags/minio-to-kafka.py
[2026-08-31T06:49:45.694+0000] {processor.py:830} INFO - Processing file /opt/airflow/dags/minio-to-kafka.py for tasks to queue
[2026-08-31T06:49:45.697+0000] {logging_mixin.py:188} INFO - [2026-08-31T06:49:45.697+0000] {dagbag.py:545} INFO - Filling up the DagBag from /opt/airflow/dags/minio-to-kafka.py
[2026-08-31T06:49:46.903+0000] {processor.py:840} INFO - DAG(s) 'spotify_minio_to_snowflake_bronze' retrieved from /opt/airflow/dags/minio-to-kafka.py
[2026-08-31T06:49:46.976+0000] {logging_mixin.py:188} INFO - [2026-08-31T06:49:46.975+0000] {dag.py:3089} INFO - Sync 1 DAGs
[2026-08-31T06:49:47.033+0000] {logging_mixin.py:188} INFO - [2026-08-31T06:49:47.033+0000] {dag.py:3947} INFO - Setting next_dagrun for spotify_minio_to_snowflake_bronze to 2026-08-31 06:00:00+00:00, run_after=2026-08-31 07:00:00+00:00
[2026-08-31T06:49:47.076+0000] {processor.py:183} INFO - Processing /opt/airflow/dags/minio-to-kafka.py took 1.392 seconds
[2026-08-31T06:50:17.495+0000] {processor.py:161} INFO - Started process (PID=3626) to work on /opt/airflow/dags/minio-to-kafka.py
[2026-08-31T06:50:17.498+0000] {processor.py:830} INFO - Processing file /opt/airflow/dags/minio-to-kafka.py for tasks to queue
[2026-08-31T06:50:17.505+0000] {logging_mixin.py:188} INFO - [2026-08-31T06:50:17.504+0000] {dagbag.py:545} INFO - Filling up the DagBag from /opt/airflow/dags/minio-to-kafka.py
[2026-08-31T06:50:18.547+0000] {processor.py:840} INFO - DAG(s) 'spotify_minio_to_snowflake_bronze' retrieved from /opt/airflow/dags/minio-to-kafka.py
[2026-08-31T06:50:18.614+0000] {logging_mixin.py:188} INFO - [2026-08-31T06:50:18.613+0000] {dag.py:3089} INFO - Sync 1 DAGs
[2026-08-31T06:50:18.647+0000] {logging_mixin.py:188} INFO - [2026-08-31T06:50:18.647+0000] {dag.py:3947} INFO - Setting next_dagrun for spotify_minio_to_snowflake_bronze to 2026-08-31 06:00:00+00:00, run_after=2026-08-31 07:00:00+00:00
[2026-08-31T06:50:18.677+0000] {processor.py:183} INFO - Processing /opt/airflow/dags/minio-to-kafka.py took 1.197 seconds
[2026-08-31T06:50:51.495+0000] {processor.py:161} INFO - Started process (PID=3629) to work on /opt/airflow/dags/minio-to-kafka.py
[2026-08-31T06:50:51.699+0000] {processor.py:830} INFO - Processing file /opt/airflow/dags/minio-to-kafka.py for tasks to queue
[2026-08-31T06:50:51.713+0000] {logging_mixin.py:188} INFO - [2026-08-31T06:50:51.711+0000] {dagbag.py:545} INFO - Filling up the DagBag from /opt/airflow/dags/minio-to-kafka.py
[2026-08-31T06:51:06.346+0000] {processor.py:840} INFO - DAG(s) 'spotify_minio_to_snowflake_bronze' retrieved from /opt/airflow/dags/minio-to-kafka.py
[2026-08-31T06:51:06.412+0000] {logging_mixin.py:188} INFO - [2026-08-31T06:51:06.411+0000] {dag.py:3089} INFO - Sync 1 DAGs
[2026-08-31T06:51:06.455+0000] {logging_mixin.py:188} INFO - [2026-08-31T06:51:06.455+0000] {dag.py:3947} INFO - Setting next_dagrun for spotify_minio_to_snowflake_bronze to 2026-08-31 06:00:00+00:00, run_after=2026-08-31 07:00:00+00:00
[2026-08-31T06:51:06.487+0000] {processor.py:183} INFO - Processing /opt/airflow/dags/minio-to-kafka.py took 15.358 seconds
[2026-08-31T06:51:37.290+0000] {processor.py:161} INFO - Started process (PID=3632) to work on /opt/airflow/dags/minio-to-kafka.py
[2026-08-31T06:51:37.309+0000] {processor.py:830} INFO - Processing file /opt/airflow/dags/minio-to-kafka.py for tasks to queue
[2026-08-31T06:51:37.324+0000] {logging_mixin.py:188} INFO - [2026-08-31T06:51:37.321+0000] {dagbag.py:545} INFO - Filling up the DagBag from /opt/airflow/dags/minio-to-kafka.py
[2026-08-31T06:51:39.576+0000] {processor.py:840} INFO - DAG(s) 'spotify_minio_to_snowflake_bronze' retrieved from /opt/airflow/dags/minio-to-kafka.py
[2026-08-31T06:51:39.690+0000] {logging_mixin.py:188} INFO - [2026-08-31T06:51:39.689+0000] {dag.py:3089} INFO - Sync 1 DAGs
[2026-08-31T06:51:39.788+0000] {logging_mixin.py:188} INFO - [2026-08-31T06:51:39.787+0000] {dag.py:3947} INFO - Setting next_dagrun for spotify_minio_to_snowflake_bronze to 2026-08-31 06:00:00+00:00, run_after=2026-08-31 07:00:00+00:00
[2026-08-31T06:51:39.846+0000] {processor.py:183} INFO - Processing /opt/airflow/dags/minio-to-kafka.py took 2.599 seconds
[2026-08-31T06:52:10.246+0000] {processor.py:161} INFO - Started process (PID=3635) to work on /opt/airflow/dags/minio-to-kafka.py
[2026-08-31T06:52:10.255+0000] {processor.py:830} INFO - Processing file /opt/airflow/dags/minio-to-kafka.py for tasks to queue
[2026-08-31T06:52:10.272+0000] {logging_mixin.py:188} INFO - [2026-08-31T06:52:10.269+0000] {dagbag.py:545} INFO - Filling up the DagBag from /opt/airflow/dags/minio-to-kafka.py
[2026-08-31T06:52:11.434+0000] {processor.py:840} INFO - DAG(s) 'spotify_minio_to_snowflake_bronze' retrieved from /opt/airflow/dags/minio-to-kafka.py
[2026-08-31T06:52:11.492+0000] {logging_mixin.py:188} INFO - [2026-08-31T06:52:11.491+0000] {dag.py:3089} INFO - Sync 1 DAGs
[2026-08-31T06:52:11.540+0000] {logging_mixin.py:188} INFO - [2026-08-31T06:52:11.540+0000] {dag.py:3947} INFO - Setting next_dagrun for spotify_minio_to_snowflake_bronze to 2026-08-31 06:00:00+00:00, run_after=2026-08-31 07:00:00+00:00
[2026-08-31T06:52:11.588+0000] {processor.py:183} INFO - Processing /opt/airflow/dags/minio-to-kafka.py took 1.412 seconds
[2026-08-31T06:52:41.955+0000] {processor.py:161} INFO - Started process (PID=3638) to work on /opt/airflow/dags/minio-to-kafka.py
[2026-08-31T06:52:41.966+0000] {processor.py:830} INFO - Processing file /opt/airflow/dags/minio-to-kafka.py for tasks to queue
[2026-08-31T06:52:41.981+0000] {logging_mixin.py:188} INFO - [2026-08-31T06:52:41.979+0000] {dagbag.py:545} INFO - Filling up the DagBag from /opt/airflow/dags/minio-to-kafka.py
[2026-08-31T06:52:43.513+0000] {processor.py:840} INFO - DAG(s) 'spotify_minio_to_snowflake_bronze' retrieved from /opt/airflow/dags/minio-to-kafka.py
[2026-08-31T06:52:43.583+0000] {logging_mixin.py:188} INFO - [2026-08-31T06:52:43.583+0000] {dag.py:3089} INFO - Sync 1 DAGs
[2026-08-31T06:52:43.647+0000] {logging_mixin.py:188} INFO - [2026-08-31T06:52:43.646+0000] {dag.py:3947} INFO - Setting next_dagrun for spotify_minio_to_snowflake_bronze to 2026-08-31 06:00:00+00:00, run_after=2026-08-31 07:00:00+00:00
[2026-08-31T06:52:43.693+0000] {processor.py:183} INFO - Processing /opt/airflow/dags/minio-to-kafka.py took 1.803 seconds
[2026-08-31T06:53:14.059+0000] {processor.py:161} INFO - Started process (PID=3641) to work on /opt/airflow/dags/minio-to-kafka.py
[2026-08-31T06:53:14.068+0000] {processor.py:830} INFO - Processing file /opt/airflow/dags/minio-to-kafka.py for tasks to queue
[2026-08-31T06:53:14.095+0000] {logging_mixin.py:188} INFO - [2026-08-31T06:53:14.093+0000] {dagbag.py:545} INFO - Filling up the DagBag from /opt/airflow/dags/minio-to-kafka.py
[2026-08-31T06:53:15.792+0000] {processor.py:840} INFO - DAG(s) 'spotify_minio_to_snowflake_bronze' retrieved from /opt/airflow/dags/minio-to-kafka.py
[2026-08-31T06:53:15.868+0000] {logging_mixin.py:188} INFO - [2026-08-31T06:53:15.866+0000] {dag.py:3089} INFO - Sync 1 DAGs
[2026-08-31T06:53:15.918+0000] {logging_mixin.py:188} INFO - [2026-08-31T06:53:15.918+0000] {dag.py:3947} INFO - Setting next_dagrun for spotify_minio_to_snowflake_bronze to 2026-08-31 06:00:00+00:00, run_after=2026-08-31 07:00:00+00:00
[2026-08-31T06:53:15.951+0000] {processor.py:183} INFO - Processing /opt/airflow/dags/minio-to-kafka.py took 1.928 seconds
[2026-08-31T06:53:46.273+0000] {processor.py:161} INFO - Started process (PID=3644) to work on /opt/airflow/dags/minio-to-kafka.py
[2026-08-31T06:53:46.284+0000] {processor.py:830} INFO - Processing file /opt/airflow/dags/minio-to-kafka.py for tasks to queue
[2026-08-31T06:53:46.289+0000] {logging_mixin.py:188} INFO - [2026-08-31T06:53:46.288+0000] {dagbag.py:545} INFO - Filling up the DagBag from /opt/airflow/dags/minio-to-kafka.py
[2026-08-31T06:53:47.587+0000] {processor.py:840} INFO - DAG(s) 'spotify_minio_to_snowflake_bronze' retrieved from /opt/airflow/dags/minio-to-kafka.py
[2026-08-31T06:53:47.630+0000] {logging_mixin.py:188} INFO - [2026-08-31T06:53:47.630+0000] {dag.py:3089} INFO - Sync 1 DAGs
[2026-08-31T06:53:47.665+0000] {logging_mixin.py:188} INFO - [2026-08-31T06:53:47.665+0000] {dag.py:3947} INFO - Setting next_dagrun for spotify_minio_to_snowflake_bronze to 2026-08-31 06:00:00+00:00, run_after=2026-08-31 07:00:00+00:00
[2026-08-31T06:53:47.692+0000] {processor.py:183} INFO - Processing /opt/airflow/dags/minio-to-kafka.py took 1.459 seconds
[2026-08-31T06:54:17.917+0000] {processor.py:161} INFO - Started process (PID=3647) to work on /opt/airflow/dags/minio-to-kafka.py
[2026-08-31T06:54:17.919+0000] {processor.py:830} INFO - Processing file /opt/airflow/dags/minio-to-kafka.py for tasks to queue
[2026-08-31T06:54:17.925+0000] {logging_mixin.py:188} INFO - [2026-08-31T06:54:17.924+0000] {dagbag.py:545} INFO - Filling up the DagBag from /opt/airflow/dags/minio-to-kafka.py
[2026-08-31T06:54:18.899+0000] {processor.py:840} INFO - DAG(s) 'spotify_minio_to_snowflake_bronze' retrieved from /opt/airflow/dags/minio-to-kafka.py
[2026-08-31T06:54:18.936+0000] {logging_mixin.py:188} INFO - [2026-08-31T06:54:18.935+0000] {dag.py:3089} INFO - Sync 1 DAGs
[2026-08-31T06:54:18.964+0000] {logging_mixin.py:188} INFO - [2026-08-31T06:54:18.964+0000] {dag.py:3947} INFO - Setting next_dagrun for spotify_minio_to_snowflake_bronze to 2026-08-31 06:00:00+00:00, run_after=2026-08-31 07:00:00+00:00
[2026-08-31T06:54:18.989+0000] {processor.py:183} INFO - Processing /opt/airflow/dags/minio-to-kafka.py took 1.080 seconds
[2026-08-31T06:54:49.295+0000] {processor.py:161} INFO - Started process (PID=3650) to work on /opt/airflow/dags/minio-to-kafka.py
[2026-08-31T06:54:49.298+0000] {processor.py:830} INFO - Processing file /opt/airflow/dags/minio-to-kafka.py for tasks to queue
[2026-08-31T06:54:49.303+0000] {logging_mixin.py:188} INFO - [2026-08-31T06:54:49.302+0000] {dagbag.py:545} INFO - Filling up the DagBag from /opt/airflow/dags/minio-to-kafka.py
[2026-08-31T06:54:50.764+0000] {processor.py:840} INFO - DAG(s) 'spotify_minio_to_snowflake_bronze' retrieved from /opt/airflow/dags/minio-to-kafka.py
[2026-08-31T06:54:50.812+0000] {logging_mixin.py:188} INFO - [2026-08-31T06:54:50.812+0000] {dag.py:3089} INFO - Sync 1 DAGs
[2026-08-31T06:54:50.843+0000] {logging_mixin.py:188} INFO - [2026-08-31T06:54:50.843+0000] {dag.py:3947} INFO - Setting next_dagrun for spotify_minio_to_snowflake_bronze to 2026-08-31 06:00:00+00:00, run_after=2026-08-31 07:00:00+00:00
[2026-08-31T06:54:50.871+0000] {processor.py:183} INFO - Processing /opt/airflow/dags/minio-to-kafka.py took 1.601 seconds
[2026-08-31T06:55:21.204+0000] {processor.py:161} INFO - Started process (PID=3653) to work on /opt/airflow/dags/minio-to-kafka.py
[2026-08-31T06:55:21.207+0000] {processor.py:830} INFO - Processing file /opt/airflow/dags/minio-to-kafka.py for tasks to queue
[2026-08-31T06:55:21.212+0000] {logging_mixin.py:188} INFO - [2026-08-31T06:55:21.211+0000] {dagbag.py:545} INFO - Filling up the DagBag from /opt/airflow/dags/minio-to-kafka.py
[2026-08-31T06:55:22.659+0000] {processor.py:840} INFO - DAG(s) 'spotify_minio_to_snowflake_bronze' retrieved from /opt/airflow/dags/minio-to-kafka.py
[2026-08-31T06:55:22.702+0000] {logging_mixin.py:188} INFO - [2026-08-31T06:55:22.701+0000] {dag.py:3089} INFO - Sync 1 DAGs
[2026-08-31T06:55:22.736+0000] {logging_mixin.py:188} INFO - [2026-08-31T06:55:22.736+0000] {dag.py:3947} INFO - Setting next_dagrun for spotify_minio_to_snowflake_bronze to 2026-08-31 06:00:00+00:00, run_after=2026-08-31 07:00:00+00:00
[2026-08-31T06:55:22.767+0000] {processor.py:183} INFO - Processing /opt/airflow/dags/minio-to-kafka.py took 1.574 seconds
[2026-08-31T06:55:52.914+0000] {processor.py:161} INFO - Started process (PID=3656) to work on /opt/airflow/dags/minio-to-kafka.py
[2026-08-31T06:55:52.918+0000] {processor.py:830} INFO - Processing file /opt/airflow/dags/minio-to-kafka.py for tasks to queue
[2026-08-31T06:55:52.923+0000] {logging_mixin.py:188} INFO - [2026-08-31T06:55:52.923+0000] {dagbag.py:545} INFO - Filling up the DagBag from /opt/airflow/dags/minio-to-kafka.py
[2026-08-31T06:55:53.898+0000] {processor.py:840} INFO - DAG(s) 'spotify_minio_to_snowflake_bronze' retrieved from /opt/airflow/dags/minio-to-kafka.py
[2026-08-31T06:55:53.935+0000] {logging_mixin.py:188} INFO - [2026-08-31T06:55:53.935+0000] {dag.py:3089} INFO - Sync 1 DAGs
[2026-08-31T06:55:53.964+0000] {logging_mixin.py:188} INFO - [2026-08-31T06:55:53.964+0000] {dag.py:3947} INFO - Setting next_dagrun for spotify_minio_to_snowflake_bronze to 2026-08-31 06:00:00+00:00, run_after=2026-08-31 07:00:00+00:00
[2026-08-31T06:55:53.993+0000] {processor.py:183} INFO - Processing /opt/airflow/dags/minio-to-kafka.py took 1.087 seconds
[2026-08-31T06:56:24.168+0000] {processor.py:161} INFO - Started process (PID=3659) to work on /opt/airflow/dags/minio-to-kafka.py
[2026-08-31T06:56:24.171+0000] {processor.py:830} INFO - Processing file /opt/airflow/dags/minio-to-kafka.py for tasks to queue
[2026-08-31T06:56:24.174+0000] {logging_mixin.py:188} INFO - [2026-08-31T06:56:24.174+0000] {dagbag.py:545} INFO - Filling up the DagBag from /opt/airflow/dags/minio-to-kafka.py
[2026-08-31T06:56:25.695+0000] {processor.py:840} INFO - DAG(s) 'spotify_minio_to_snowflake_bronze' retrieved from /opt/airflow/dags/minio-to-kafka.py
[2026-08-31T06:56:25.750+0000] {logging_mixin.py:188} INFO - [2026-08-31T06:56:25.750+0000] {dag.py:3089} INFO - Sync 1 DAGs
[2026-08-31T06:56:25.805+0000] {logging_mixin.py:188} INFO - [2026-08-31T06:56:25.804+0000] {dag.py:3947} INFO - Setting next_dagrun for spotify_minio_to_snowflake_bronze to 2026-08-31 06:00:00+00:00, run_after=2026-08-31 07:00:00+00:00
[2026-08-31T06:56:25.832+0000] {processor.py:183} INFO - Processing /opt/airflow/dags/minio-to-kafka.py took 1.672 seconds
[2026-08-31T06:56:56.176+0000] {processor.py:161} INFO - Started process (PID=3662) to work on /opt/airflow/dags/minio-to-kafka.py
[2026-08-31T06:56:56.179+0000] {processor.py:830} INFO - Processing file /opt/airflow/dags/minio-to-kafka.py for tasks to queue
[2026-08-31T06:56:56.182+0000] {logging_mixin.py:188} INFO - [2026-08-31T06:56:56.181+0000] {dagbag.py:545} INFO - Filling up the DagBag from /opt/airflow/dags/minio-to-kafka.py
[2026-08-31T06:56:57.207+0000] {processor.py:840} INFO - DAG(s) 'spotify_minio_to_snowflake_bronze' retrieved from /opt/airflow/dags/minio-to-kafka.py
[2026-08-31T06:56:57.249+0000] {logging_mixin.py:188} INFO - [2026-08-31T06:56:57.248+0000] {dag.py:3089} INFO - Sync 1 DAGs
[2026-08-31T06:56:57.279+0000] {logging_mixin.py:188} INFO - [2026-08-31T06:56:57.279+0000] {dag.py:3947} INFO - Setting next_dagrun for spotify_minio_to_snowflake_bronze to 2026-08-31 06:00:00+00:00, run_after=2026-08-31 07:00:00+00:00
[2026-08-31T06:56:57.310+0000] {processor.py:183} INFO - Processing /opt/airflow/dags/minio-to-kafka.py took 1.142 seconds
[2026-08-31T06:57:27.535+0000] {processor.py:161} INFO - Started process (PID=3665) to work on /opt/airflow/dags/minio-to-kafka.py
[2026-08-31T06:57:27.537+0000] {processor.py:830} INFO - Processing file /opt/airflow/dags/minio-to-kafka.py for tasks to queue
[2026-08-31T06:57:27.540+0000] {logging_mixin.py:188} INFO - [2026-08-31T06:57:27.540+0000] {dagbag.py:545} INFO - Filling up the DagBag from /opt/airflow/dags/minio-to-kafka.py
[2026-08-31T06:57:28.482+0000] {processor.py:840} INFO - DAG(s) 'spotify_minio_to_snowflake_bronze' retrieved from /opt/airflow/dags/minio-to-kafka.py
[2026-08-31T06:57:28.515+0000] {logging_mixin.py:188} INFO - [2026-08-31T06:57:28.514+0000] {dag.py:3089} INFO - Sync 1 DAGs
[2026-08-31T06:57:28.544+0000] {logging_mixin.py:188} INFO - [2026-08-31T06:57:28.544+0000] {dag.py:3947} INFO - Setting next_dagrun for spotify_minio_to_snowflake_bronze to 2026-08-31 06:00:00+00:00, run_after=2026-08-31 07:00:00+00:00
[2026-08-31T06:57:28.571+0000] {processor.py:183} INFO - Processing /opt/airflow/dags/minio-to-kafka.py took 1.046 seconds
[2026-08-31T06:57:58.908+0000] {processor.py:161} INFO - Started process (PID=3668) to work on /opt/airflow/dags/minio-to-kafka.py
[2026-08-31T06:57:58.911+0000] {processor.py:830} INFO - Processing file /opt/airflow/dags/minio-to-kafka.py for tasks to queue
[2026-08-31T06:57:58.916+0000] {logging_mixin.py:188} INFO - [2026-08-31T06:57:58.915+0000] {dagbag.py:545} INFO - Filling up the DagBag from /opt/airflow/dags/minio-to-kafka.py
[2026-08-31T06:58:00.405+0000] {processor.py:840} INFO - DAG(s) 'spotify_minio_to_snowflake_bronze' retrieved from /opt/airflow/dags/minio-to-kafka.py
[2026-08-31T06:58:00.447+0000] {logging_mixin.py:188} INFO - [2026-08-31T06:58:00.446+0000] {dag.py:3089} INFO - Sync 1 DAGs
[2026-08-31T06:58:00.478+0000] {logging_mixin.py:188} INFO - [2026-08-31T06:58:00.477+0000] {dag.py:3947} INFO - Setting next_dagrun for spotify_minio_to_snowflake_bronze to 2026-08-31 06:00:00+00:00, run_after=2026-08-31 07:00:00+00:00
[2026-08-31T06:58:00.507+0000] {processor.py:183} INFO - Processing /opt/airflow/dags/minio-to-kafka.py took 1.607 seconds
[2026-08-31T06:58:30.919+0000] {processor.py:161} INFO - Started process (PID=3671) to work on /opt/airflow/dags/minio-to-kafka.py
[2026-08-31T06:58:30.921+0000] {processor.py:830} INFO - Processing file /opt/airflow/dags/minio-to-kafka.py for tasks to queue
[2026-08-31T06:58:30.925+0000] {logging_mixin.py:188} INFO - [2026-08-31T06:58:30.925+0000] {dagbag.py:545} INFO - Filling up the DagBag from /opt/airflow/dags/minio-to-kafka.py
[2026-08-31T06:58:32.164+0000] {processor.py:840} INFO - DAG(s) 'spotify_minio_to_snowflake_bronze' retrieved from /opt/airflow/dags/minio-to-kafka.py
[2026-08-31T06:58:32.228+0000] {logging_mixin.py:188} INFO - [2026-08-31T06:58:32.227+0000] {dag.py:3089} INFO - Sync 1 DAGs
[2026-08-31T06:58:32.271+0000] {logging_mixin.py:188} INFO - [2026-08-31T06:58:32.271+0000] {dag.py:3947} INFO - Setting next_dagrun for spotify_minio_to_snowflake_bronze to 2026-08-31 06:00:00+00:00, run_after=2026-08-31 07:00:00+00:00
[2026-08-31T06:58:32.307+0000] {processor.py:183} INFO - Processing /opt/airflow/dags/minio-to-kafka.py took 1.402 seconds
[2026-08-31T06:59:02.439+0000] {processor.py:161} INFO - Started process (PID=3674) to work on /opt/airflow/dags/minio-to-kafka.py
[2026-08-31T06:59:02.441+0000] {processor.py:830} INFO - Processing file /opt/airflow/dags/minio-to-kafka.py for tasks to queue
[2026-08-31T06:59:02.446+0000] {logging_mixin.py:188} INFO - [2026-08-31T06:59:02.445+0000] {dagbag.py:545} INFO - Filling up the DagBag from /opt/airflow/dags/minio-to-kafka.py
[2026-08-31T06:59:03.522+0000] {processor.py:840} INFO - DAG(s) 'spotify_minio_to_snowflake_bronze' retrieved from /opt/airflow/dags/minio-to-kafka.py
[2026-08-31T06:59:03.570+0000] {logging_mixin.py:188} INFO - [2026-08-31T06:59:03.570+0000] {dag.py:3089} INFO - Sync 1 DAGs
[2026-08-31T06:59:03.613+0000] {logging_mixin.py:188} INFO - [2026-08-31T06:59:03.613+0000] {dag.py:3947} INFO - Setting next_dagrun for spotify_minio_to_snowflake_bronze to 2026-08-31 06:00:00+00:00, run_after=2026-08-31 07:00:00+00:00
[2026-08-31T06:59:03.648+0000] {processor.py:183} INFO - Processing /opt/airflow/dags/minio-to-kafka.py took 1.218 seconds
[2026-08-31T06:59:33.814+0000] {processor.py:161} INFO - Started process (PID=3677) to work on /opt/airflow/dags/minio-to-kafka.py
[2026-08-31T06:59:33.816+0000] {processor.py:830} INFO - Processing file /opt/airflow/dags/minio-to-kafka.py for tasks to queue
[2026-08-31T06:59:33.820+0000] {logging_mixin.py:188} INFO - [2026-08-31T06:59:33.819+0000] {dagbag.py:545} INFO - Filling up the DagBag from /opt/airflow/dags/minio-to-kafka.py
[2026-08-31T06:59:34.984+0000] {processor.py:840} INFO - DAG(s) 'spotify_minio_to_snowflake_bronze' retrieved from /opt/airflow/dags/minio-to-kafka.py
[2026-08-31T06:59:35.030+0000] {logging_mixin.py:188} INFO - [2026-08-31T06:59:35.029+0000] {dag.py:3089} INFO - Sync 1 DAGs
[2026-08-31T06:59:35.063+0000] {logging_mixin.py:188} INFO - [2026-08-31T06:59:35.063+0000] {dag.py:3947} INFO - Setting next_dagrun for spotify_minio_to_snowflake_bronze to 2026-08-31 06:00:00+00:00, run_after=2026-08-31 07:00:00+00:00
[2026-08-31T06:59:35.097+0000] {processor.py:183} INFO - Processing /opt/airflow/dags/minio-to-kafka.py took 1.292 seconds
[2026-08-31T07:00:05.358+0000] {processor.py:161} INFO - Started process (PID=3681) to work on /opt/airflow/dags/minio-to-kafka.py
[2026-08-31T07:00:05.360+0000] {processor.py:830} INFO - Processing file /opt/airflow/dags/minio-to-kafka.py for tasks to queue
[2026-08-31T07:00:05.363+0000] {logging_mixin.py:188} INFO - [2026-08-31T07:00:05.362+0000] {dagbag.py:545} INFO - Filling up the DagBag from /opt/airflow/dags/minio-to-kafka.py
[2026-08-31T07:00:06.539+0000] {processor.py:840} INFO - DAG(s) 'spotify_minio_to_snowflake_bronze' retrieved from /opt/airflow/dags/minio-to-kafka.py
[2026-08-31T07:00:06.578+0000] {logging_mixin.py:188} INFO - [2026-08-31T07:00:06.577+0000] {dag.py:3089} INFO - Sync 1 DAGs
[2026-08-31T07:00:06.609+0000] {logging_mixin.py:188} INFO - [2026-08-31T07:00:06.608+0000] {dag.py:3947} INFO - Setting next_dagrun for spotify_minio_to_snowflake_bronze to 2026-08-31 07:00:00+00:00, run_after=2026-08-31 08:00:00+00:00
[2026-08-31T07:00:06.634+0000] {processor.py:183} INFO - Processing /opt/airflow/dags/minio-to-kafka.py took 1.285 seconds
[2026-08-31T07:00:36.904+0000] {processor.py:161} INFO - Started process (PID=3705) to work on /opt/airflow/dags/minio-to-kafka.py
[2026-08-31T07:00:36.906+0000] {processor.py:830} INFO - Processing file /opt/airflow/dags/minio-to-kafka.py for tasks to queue
[2026-08-31T07:00:36.909+0000] {logging_mixin.py:188} INFO - [2026-08-31T07:00:36.909+0000] {dagbag.py:545} INFO - Filling up the DagBag from /opt/airflow/dags/minio-to-kafka.py
[2026-08-31T07:00:37.881+0000] {processor.py:840} INFO - DAG(s) 'spotify_minio_to_snowflake_bronze' retrieved from /opt/airflow/dags/minio-to-kafka.py
[2026-08-31T07:00:37.915+0000] {logging_mixin.py:188} INFO - [2026-08-31T07:00:37.915+0000] {dag.py:3089} INFO - Sync 1 DAGs
[2026-08-31T07:00:37.943+0000] {logging_mixin.py:188} INFO - [2026-08-31T07:00:37.943+0000] {dag.py:3947} INFO - Setting next_dagrun for spotify_minio_to_snowflake_bronze to 2026-08-31 07:00:00+00:00, run_after=2026-08-31 08:00:00+00:00
[2026-08-31T07:00:37.968+0000] {processor.py:183} INFO - Processing /opt/airflow/dags/minio-to-kafka.py took 1.073 seconds
[2026-08-31T07:01:08.201+0000] {processor.py:161} INFO - Started process (PID=3708) to work on /opt/airflow/dags/minio-to-kafka.py
[2026-08-31T07:01:08.203+0000] {processor.py:830} INFO - Processing file /opt/airflow/dags/minio-to-kafka.py for tasks to queue
[2026-08-31T07:01:08.206+0000] {logging_mixin.py:188} INFO - [2026-08-31T07:01:08.206+0000] {dagbag.py:545} INFO - Filling up the DagBag from /opt/airflow/dags/minio-to-kafka.py
[2026-08-31T07:01:09.124+0000] {processor.py:840} INFO - DAG(s) 'spotify_minio_to_snowflake_bronze' retrieved from /opt/airflow/dags/minio-to-kafka.py
[2026-08-31T07:01:09.160+0000] {logging_mixin.py:188} INFO - [2026-08-31T07:01:09.159+0000] {dag.py:3089} INFO - Sync 1 DAGs
[2026-08-31T07:01:09.186+0000] {logging_mixin.py:188} INFO - [2026-08-31T07:01:09.185+0000] {dag.py:3947} INFO - Setting next_dagrun for spotify_minio_to_snowflake_bronze to 2026-08-31 07:00:00+00:00, run_after=2026-08-31 08:00:00+00:00
[2026-08-31T07:01:09.209+0000] {processor.py:183} INFO - Processing /opt/airflow/dags/minio-to-kafka.py took 1.017 seconds
[2026-08-31T07:01:39.468+0000] {processor.py:161} INFO - Started process (PID=3711) to work on /opt/airflow/dags/minio-to-kafka.py
[2026-08-31T07:01:39.470+0000] {processor.py:830} INFO - Processing file /opt/airflow/dags/minio-to-kafka.py for tasks to queue
[2026-08-31T07:01:39.474+0000] {logging_mixin.py:188} INFO - [2026-08-31T07:01:39.474+0000] {dagbag.py:545} INFO - Filling up the DagBag from /opt/airflow/dags/minio-to-kafka.py
[2026-08-31T07:01:40.744+0000] {processor.py:840} INFO - DAG(s) 'spotify_minio_to_snowflake_bronze' retrieved from /opt/airflow/dags/minio-to-kafka.py
[2026-08-31T07:01:40.800+0000] {logging_mixin.py:188} INFO - [2026-08-31T07:01:40.800+0000] {dag.py:3089} INFO - Sync 1 DAGs
[2026-08-31T07:01:40.827+0000] {logging_mixin.py:188} INFO - [2026-08-31T07:01:40.827+0000] {dag.py:3947} INFO - Setting next_dagrun for spotify_minio_to_snowflake_bronze to 2026-08-31 07:00:00+00:00, run_after=2026-08-31 08:00:00+00:00
[2026-08-31T07:01:40.853+0000] {processor.py:183} INFO - Processing /opt/airflow/dags/minio-to-kafka.py took 1.396 seconds
[2026-08-31T07:02:11.162+0000] {processor.py:161} INFO - Started process (PID=3714) to work on /opt/airflow/dags/minio-to-kafka.py
[2026-08-31T07:02:11.165+0000] {processor.py:830} INFO - Processing file /opt/airflow/dags/minio-to-kafka.py for tasks to queue
[2026-08-31T07:02:11.170+0000] {logging_mixin.py:188} INFO - [2026-08-31T07:02:11.169+0000] {dagbag.py:545} INFO - Filling up the DagBag from /opt/airflow/dags/minio-to-kafka.py
[2026-08-31T07:02:12.185+0000] {processor.py:840} INFO - DAG(s) 'spotify_minio_to_snowflake_bronze' retrieved from /opt/airflow/dags/minio-to-kafka.py
[2026-08-31T07:02:12.227+0000] {logging_mixin.py:188} INFO - [2026-08-31T07:02:12.227+0000] {dag.py:3089} INFO - Sync 1 DAGs
[2026-08-31T07:02:12.262+0000] {logging_mixin.py:188} INFO - [2026-08-31T07:02:12.261+0000] {dag.py:3947} INFO - Setting next_dagrun for spotify_minio_to_snowflake_bronze to 2026-08-31 07:00:00+00:00, run_after=2026-08-31 08:00:00+00:00
[2026-08-31T07:02:12.300+0000] {processor.py:183} INFO - Processing /opt/airflow/dags/minio-to-kafka.py took 1.146 seconds
[2026-08-31T07:02:42.529+0000] {processor.py:161} INFO - Started process (PID=3717) to work on /opt/airflow/dags/minio-to-kafka.py
[2026-08-31T07:02:42.539+0000] {processor.py:830} INFO - Processing file /opt/airflow/dags/minio-to-kafka.py for tasks to queue
[2026-08-31T07:02:42.543+0000] {logging_mixin.py:188} INFO - [2026-08-31T07:02:42.543+0000] {dagbag.py:545} INFO - Filling up the DagBag from /opt/airflow/dags/minio-to-kafka.py
[2026-08-31T07:02:44.247+0000] {processor.py:840} INFO - DAG(s) 'spotify_minio_to_snowflake_bronze' retrieved from /opt/airflow/dags/minio-to-kafka.py
[2026-08-31T07:02:44.306+0000] {logging_mixin.py:188} INFO - [2026-08-31T07:02:44.305+0000] {dag.py:3089} INFO - Sync 1 DAGs
[2026-08-31T07:02:44.344+0000] {logging_mixin.py:188} INFO - [2026-08-31T07:02:44.343+0000] {dag.py:3947} INFO - Setting next_dagrun for spotify_minio_to_snowflake_bronze to 2026-08-31 07:00:00+00:00, run_after=2026-08-31 08:00:00+00:00
[2026-08-31T07:02:44.389+0000] {processor.py:183} INFO - Processing /opt/airflow/dags/minio-to-kafka.py took 1.878 seconds
[2026-08-31T07:03:14.804+0000] {processor.py:161} INFO - Started process (PID=3720) to work on /opt/airflow/dags/minio-to-kafka.py
[2026-08-31T07:03:14.809+0000] {processor.py:830} INFO - Processing file /opt/airflow/dags/minio-to-kafka.py for tasks to queue
[2026-08-31T07:03:14.820+0000] {logging_mixin.py:188} INFO - [2026-08-31T07:03:14.819+0000] {dagbag.py:545} INFO - Filling up the DagBag from /opt/airflow/dags/minio-to-kafka.py
[2026-08-31T07:03:16.136+0000] {processor.py:840} INFO - DAG(s) 'spotify_minio_to_snowflake_bronze' retrieved from /opt/airflow/dags/minio-to-kafka.py
[2026-08-31T07:03:16.182+0000] {logging_mixin.py:188} INFO - [2026-08-31T07:03:16.181+0000] {dag.py:3089} INFO - Sync 1 DAGs
[2026-08-31T07:03:16.222+0000] {logging_mixin.py:188} INFO - [2026-08-31T07:03:16.222+0000] {dag.py:3947} INFO - Setting next_dagrun for spotify_minio_to_snowflake_bronze to 2026-08-31 07:00:00+00:00, run_after=2026-08-31 08:00:00+00:00
[2026-08-31T07:03:16.267+0000] {processor.py:183} INFO - Processing /opt/airflow/dags/minio-to-kafka.py took 1.470 seconds
[2026-08-31T07:03:46.627+0000] {processor.py:161} INFO - Started process (PID=3723) to work on /opt/airflow/dags/minio-to-kafka.py
[2026-08-31T07:03:46.630+0000] {processor.py:830} INFO - Processing file /opt/airflow/dags/minio-to-kafka.py for tasks to queue
[2026-08-31T07:03:46.635+0000] {logging_mixin.py:188} INFO - [2026-08-31T07:03:46.634+0000] {dagbag.py:545} INFO - Filling up the DagBag from /opt/airflow/dags/minio-to-kafka.py
[2026-08-31T07:03:48.119+0000] {processor.py:840} INFO - DAG(s) 'spotify_minio_to_snowflake_bronze' retrieved from /opt/airflow/dags/minio-to-kafka.py
[2026-08-31T07:03:48.159+0000] {logging_mixin.py:188} INFO - [2026-08-31T07:03:48.158+0000] {dag.py:3089} INFO - Sync 1 DAGs
[2026-08-31T07:03:48.189+0000] {logging_mixin.py:188} INFO - [2026-08-31T07:03:48.189+0000] {dag.py:3947} INFO - Setting next_dagrun for spotify_minio_to_snowflake_bronze to 2026-08-31 07:00:00+00:00, run_after=2026-08-31 08:00:00+00:00
[2026-08-31T07:03:48.229+0000] {processor.py:183} INFO - Processing /opt/airflow/dags/minio-to-kafka.py took 1.617 seconds
[2026-08-31T07:04:18.559+0000] {processor.py:161} INFO - Started process (PID=3726) to work on /opt/airflow/dags/minio-to-kafka.py
[2026-08-31T07:04:18.561+0000] {processor.py:830} INFO - Processing file /opt/airflow/dags/minio-to-kafka.py for tasks to queue
[2026-08-31T07:04:18.564+0000] {logging_mixin.py:188} INFO - [2026-08-31T07:04:18.563+0000] {dagbag.py:545} INFO - Filling up the DagBag from /opt/airflow/dags/minio-to-kafka.py
[2026-08-31T07:04:19.547+0000] {processor.py:840} INFO - DAG(s) 'spotify_minio_to_snowflake_bronze' retrieved from /opt/airflow/dags/minio-to-kafka.py
[2026-08-31T07:04:19.579+0000] {logging_mixin.py:188} INFO - [2026-08-31T07:04:19.579+0000] {dag.py:3089} INFO - Sync 1 DAGs
[2026-08-31T07:04:19.605+0000] {logging_mixin.py:188} INFO - [2026-08-31T07:04:19.605+0000] {dag.py:3947} INFO - Setting next_dagrun for spotify_minio_to_snowflake_bronze to 2026-08-31 07:00:00+00:00, run_after=2026-08-31 08:00:00+00:00
[2026-08-31T07:04:19.636+0000] {processor.py:183} INFO - Processing /opt/airflow/dags/minio-to-kafka.py took 1.086 seconds
[2026-08-31T07:04:50.031+0000] {processor.py:161} INFO - Started process (PID=3729) to work on /opt/airflow/dags/minio-to-kafka.py
[2026-08-31T07:04:50.052+0000] {processor.py:830} INFO - Processing file /opt/airflow/dags/minio-to-kafka.py for tasks to queue
[2026-08-31T07:04:50.089+0000] {logging_mixin.py:188} INFO - [2026-08-31T07:04:50.087+0000] {dagbag.py:545} INFO - Filling up the DagBag from /opt/airflow/dags/minio-to-kafka.py
[2026-08-31T07:04:52.054+0000] {processor.py:840} INFO - DAG(s) 'spotify_minio_to_snowflake_bronze' retrieved from /opt/airflow/dags/minio-to-kafka.py
[2026-08-31T07:04:52.116+0000] {logging_mixin.py:188} INFO - [2026-08-31T07:04:52.116+0000] {dag.py:3089} INFO - Sync 1 DAGs
[2026-08-31T07:04:52.184+0000] {logging_mixin.py:188} INFO - [2026-08-31T07:04:52.184+0000] {dag.py:3947} INFO - Setting next_dagrun for spotify_minio_to_snowflake_bronze to 2026-08-31 07:00:00+00:00, run_after=2026-08-31 08:00:00+00:00
[2026-08-31T07:04:52.237+0000] {processor.py:183} INFO - Processing /opt/airflow/dags/minio-to-kafka.py took 2.244 seconds
[2026-08-31T07:05:22.564+0000] {processor.py:161} INFO - Started process (PID=3732) to work on /opt/airflow/dags/minio-to-kafka.py
[2026-08-31T07:05:22.566+0000] {processor.py:830} INFO - Processing file /opt/airflow/dags/minio-to-kafka.py for tasks to queue
[2026-08-31T07:05:22.570+0000] {logging_mixin.py:188} INFO - [2026-08-31T07:05:22.569+0000] {dagbag.py:545} INFO - Filling up the DagBag from /opt/airflow/dags/minio-to-kafka.py
[2026-08-31T07:05:23.657+0000] {processor.py:840} INFO - DAG(s) 'spotify_minio_to_snowflake_bronze' retrieved from /opt/airflow/dags/minio-to-kafka.py
[2026-08-31T07:05:23.694+0000] {logging_mixin.py:188} INFO - [2026-08-31T07:05:23.694+0000] {dag.py:3089} INFO - Sync 1 DAGs
[2026-08-31T07:05:23.720+0000] {logging_mixin.py:188} INFO - [2026-08-31T07:05:23.720+0000] {dag.py:3947} INFO - Setting next_dagrun for spotify_minio_to_snowflake_bronze to 2026-08-31 07:00:00+00:00, run_after=2026-08-31 08:00:00+00:00
[2026-08-31T07:05:23.748+0000] {processor.py:183} INFO - Processing /opt/airflow/dags/minio-to-kafka.py took 1.193 seconds
[2026-08-31T07:05:53.889+0000] {processor.py:161} INFO - Started process (PID=3735) to work on /opt/airflow/dags/minio-to-kafka.py
[2026-08-31T07:05:53.892+0000] {processor.py:830} INFO - Processing file /opt/airflow/dags/minio-to-kafka.py for tasks to queue
[2026-08-31T07:05:53.895+0000] {logging_mixin.py:188} INFO - [2026-08-31T07:05:53.895+0000] {dagbag.py:545} INFO - Filling up the DagBag from /opt/airflow/dags/minio-to-kafka.py
[2026-08-31T07:05:54.988+0000] {processor.py:840} INFO - DAG(s) 'spotify_minio_to_snowflake_bronze' retrieved from /opt/airflow/dags/minio-to-kafka.py
[2026-08-31T07:05:55.027+0000] {logging_mixin.py:188} INFO - [2026-08-31T07:05:55.026+0000] {dag.py:3089} INFO - Sync 1 DAGs
[2026-08-31T07:05:55.060+0000] {logging_mixin.py:188} INFO - [2026-08-31T07:05:55.059+0000] {dag.py:3947} INFO - Setting next_dagrun for spotify_minio_to_snowflake_bronze to 2026-08-31 07:00:00+00:00, run_after=2026-08-31 08:00:00+00:00
[2026-08-31T07:05:55.090+0000] {processor.py:183} INFO - Processing /opt/airflow/dags/minio-to-kafka.py took 1.210 seconds
[2026-08-31T07:06:25.477+0000] {processor.py:161} INFO - Started process (PID=3738) to work on /opt/airflow/dags/minio-to-kafka.py
[2026-08-31T07:06:25.479+0000] {processor.py:830} INFO - Processing file /opt/airflow/dags/minio-to-kafka.py for tasks to queue
[2026-08-31T07:06:25.482+0000] {logging_mixin.py:188} INFO - [2026-08-31T07:06:25.482+0000] {dagbag.py:545} INFO - Filling up the DagBag from /opt/airflow/dags/minio-to-kafka.py
[2026-08-31T07:06:27.148+0000] {processor.py:840} INFO - DAG(s) 'spotify_minio_to_snowflake_bronze' retrieved from /opt/airflow/dags/minio-to-kafka.py
[2026-08-31T07:06:27.198+0000] {logging_mixin.py:188} INFO - [2026-08-31T07:06:27.197+0000] {dag.py:3089} INFO - Sync 1 DAGs
[2026-08-31T07:06:27.233+0000] {logging_mixin.py:188} INFO - [2026-08-31T07:06:27.233+0000] {dag.py:3947} INFO - Setting next_dagrun for spotify_minio_to_snowflake_bronze to 2026-08-31 07:00:00+00:00, run_after=2026-08-31 08:00:00+00:00
[2026-08-31T07:06:27.278+0000] {processor.py:183} INFO - Processing /opt/airflow/dags/minio-to-kafka.py took 1.816 seconds
[2026-08-31T07:06:57.703+0000] {processor.py:161} INFO - Started process (PID=3741) to work on /opt/airflow/dags/minio-to-kafka.py
[2026-08-31T07:06:57.706+0000] {processor.py:830} INFO - Processing file /opt/airflow/dags/minio-to-kafka.py for tasks to queue
[2026-08-31T07:06:57.709+0000] {logging_mixin.py:188} INFO - [2026-08-31T07:06:57.709+0000] {dagbag.py:545} INFO - Filling up the DagBag from /opt/airflow/dags/minio-to-kafka.py
[2026-08-31T07:06:59.012+0000] {processor.py:840} INFO - DAG(s) 'spotify_minio_to_snowflake_bronze' retrieved from /opt/airflow/dags/minio-to-kafka.py
[2026-08-31T07:06:59.060+0000] {logging_mixin.py:188} INFO - [2026-08-31T07:06:59.059+0000] {dag.py:3089} INFO - Sync 1 DAGs
[2026-08-31T07:06:59.103+0000] {logging_mixin.py:188} INFO - [2026-08-31T07:06:59.103+0000] {dag.py:3947} INFO - Setting next_dagrun for spotify_minio_to_snowflake_bronze to 2026-08-31 07:00:00+00:00, run_after=2026-08-31 08:00:00+00:00
[2026-08-31T07:06:59.134+0000] {processor.py:183} INFO - Processing /opt/airflow/dags/minio-to-kafka.py took 1.444 seconds
[2026-08-31T07:07:29.558+0000] {processor.py:161} INFO - Started process (PID=3744) to work on /opt/airflow/dags/minio-to-kafka.py
[2026-08-31T07:07:29.560+0000] {processor.py:830} INFO - Processing file /opt/airflow/dags/minio-to-kafka.py for tasks to queue
[2026-08-31T07:07:29.565+0000] {logging_mixin.py:188} INFO - [2026-08-31T07:07:29.564+0000] {dagbag.py:545} INFO - Filling up the DagBag from /opt/airflow/dags/minio-to-kafka.py
[2026-08-31T07:07:31.507+0000] {processor.py:840} INFO - DAG(s) 'spotify_minio_to_snowflake_bronze' retrieved from /opt/airflow/dags/minio-to-kafka.py
[2026-08-31T07:07:31.558+0000] {logging_mixin.py:188} INFO - [2026-08-31T07:07:31.558+0000] {dag.py:3089} INFO - Sync 1 DAGs
[2026-08-31T07:07:31.592+0000] {logging_mixin.py:188} INFO - [2026-08-31T07:07:31.592+0000] {dag.py:3947} INFO - Setting next_dagrun for spotify_minio_to_snowflake_bronze to 2026-08-31 07:00:00+00:00, run_after=2026-08-31 08:00:00+00:00
[2026-08-31T07:07:31.626+0000] {processor.py:183} INFO - Processing /opt/airflow/dags/minio-to-kafka.py took 2.079 seconds
[2026-08-31T07:08:01.972+0000] {processor.py:161} INFO - Started process (PID=3747) to work on /opt/airflow/dags/minio-to-kafka.py
[2026-08-31T07:08:01.977+0000] {processor.py:830} INFO - Processing file /opt/airflow/dags/minio-to-kafka.py for tasks to queue
[2026-08-31T07:08:01.990+0000] {logging_mixin.py:188} INFO - [2026-08-31T07:08:01.989+0000] {dagbag.py:545} INFO - Filling up the DagBag from /opt/airflow/dags/minio-to-kafka.py
[2026-08-31T07:08:03.149+0000] {processor.py:840} INFO - DAG(s) 'spotify_minio_to_snowflake_bronze' retrieved from /opt/airflow/dags/minio-to-kafka.py
[2026-08-31T07:08:03.185+0000] {logging_mixin.py:188} INFO - [2026-08-31T07:08:03.185+0000] {dag.py:3089} INFO - Sync 1 DAGs
[2026-08-31T07:08:03.214+0000] {logging_mixin.py:188} INFO - [2026-08-31T07:08:03.214+0000] {dag.py:3947} INFO - Setting next_dagrun for spotify_minio_to_snowflake_bronze to 2026-08-31 07:00:00+00:00, run_after=2026-08-31 08:00:00+00:00
[2026-08-31T07:08:03.241+0000] {processor.py:183} INFO - Processing /opt/airflow/dags/minio-to-kafka.py took 1.307 seconds
[2026-08-31T07:08:33.641+0000] {processor.py:161} INFO - Started process (PID=3750) to work on /opt/airflow/dags/minio-to-kafka.py
[2026-08-31T07:08:33.649+0000] {processor.py:830} INFO - Processing file /opt/airflow/dags/minio-to-kafka.py for tasks to queue
[2026-08-31T07:08:33.658+0000] {logging_mixin.py:188} INFO - [2026-08-31T07:08:33.658+0000] {dagbag.py:545} INFO - Filling up the DagBag from /opt/airflow/dags/minio-to-kafka.py
[2026-08-31T07:08:35.400+0000] {processor.py:840} INFO - DAG(s) 'spotify_minio_to_snowflake_bronze' retrieved from /opt/airflow/dags/minio-to-kafka.py
[2026-08-31T07:08:35.468+0000] {logging_mixin.py:188} INFO - [2026-08-31T07:08:35.468+0000] {dag.py:3089} INFO - Sync 1 DAGs
[2026-08-31T07:08:35.507+0000] {logging_mixin.py:188} INFO - [2026-08-31T07:08:35.507+0000] {dag.py:3947} INFO - Setting next_dagrun for spotify_minio_to_snowflake_bronze to 2026-08-31 07:00:00+00:00, run_after=2026-08-31 08:00:00+00:00
[2026-08-31T07:08:35.539+0000] {processor.py:183} INFO - Processing /opt/airflow/dags/minio-to-kafka.py took 1.937 seconds
[2026-08-31T07:09:06.195+0000] {processor.py:161} INFO - Started process (PID=3753) to work on /opt/airflow/dags/minio-to-kafka.py
[2026-08-31T07:09:06.201+0000] {processor.py:830} INFO - Processing file /opt/airflow/dags/minio-to-kafka.py for tasks to queue
[2026-08-31T07:09:06.209+0000] {logging_mixin.py:188} INFO - [2026-08-31T07:09:06.208+0000] {dagbag.py:545} INFO - Filling up the DagBag from /opt/airflow/dags/minio-to-kafka.py
[2026-08-31T07:09:11.642+0000] {processor.py:840} INFO - DAG(s) 'spotify_minio_to_snowflake_bronze' retrieved from /opt/airflow/dags/minio-to-kafka.py
[2026-08-31T07:09:12.026+0000] {logging_mixin.py:188} INFO - [2026-08-31T07:09:12.024+0000] {dag.py:3089} INFO - Sync 1 DAGs
[2026-08-31T07:09:12.167+0000] {logging_mixin.py:188} INFO - [2026-08-31T07:09:12.166+0000] {dag.py:3947} INFO - Setting next_dagrun for spotify_minio_to_snowflake_bronze to 2026-08-31 07:00:00+00:00, run_after=2026-08-31 08:00:00+00:00
[2026-08-31T07:09:12.267+0000] {processor.py:183} INFO - Processing /opt/airflow/dags/minio-to-kafka.py took 6.250 seconds
[2026-08-31T07:09:42.732+0000] {processor.py:161} INFO - Started process (PID=3756) to work on /opt/airflow/dags/minio-to-kafka.py
[2026-08-31T07:09:42.736+0000] {processor.py:830} INFO - Processing file /opt/airflow/dags/minio-to-kafka.py for tasks to queue
[2026-08-31T07:09:42.745+0000] {logging_mixin.py:188} INFO - [2026-08-31T07:09:42.743+0000] {dagbag.py:545} INFO - Filling up the DagBag from /opt/airflow/dags/minio-to-kafka.py
[2026-08-31T07:09:45.353+0000] {processor.py:840} INFO - DAG(s) 'spotify_minio_to_snowflake_bronze' retrieved from /opt/airflow/dags/minio-to-kafka.py
[2026-08-31T07:09:45.422+0000] {logging_mixin.py:188} INFO - [2026-08-31T07:09:45.421+0000] {dag.py:3089} INFO - Sync 1 DAGs
[2026-08-31T07:09:45.456+0000] {logging_mixin.py:188} INFO - [2026-08-31T07:09:45.456+0000] {dag.py:3947} INFO - Setting next_dagrun for spotify_minio_to_snowflake_bronze to 2026-08-31 07:00:00+00:00, run_after=2026-08-31 08:00:00+00:00
[2026-08-31T07:09:45.487+0000] {processor.py:183} INFO - Processing /opt/airflow/dags/minio-to-kafka.py took 2.784 seconds
[2026-08-31T07:10:15.699+0000] {processor.py:161} INFO - Started process (PID=3759) to work on /opt/airflow/dags/minio-to-kafka.py
[2026-08-31T07:10:15.701+0000] {processor.py:830} INFO - Processing file /opt/airflow/dags/minio-to-kafka.py for tasks to queue
[2026-08-31T07:10:15.706+0000] {logging_mixin.py:188} INFO - [2026-08-31T07:10:15.705+0000] {dagbag.py:545} INFO - Filling up the DagBag from /opt/airflow/dags/minio-to-kafka.py
[2026-08-31T07:10:17.280+0000] {processor.py:840} INFO - DAG(s) 'spotify_minio_to_snowflake_bronze' retrieved from /opt/airflow/dags/minio-to-kafka.py
[2026-08-31T07:10:17.371+0000] {logging_mixin.py:188} INFO - [2026-08-31T07:10:17.370+0000] {dag.py:3089} INFO - Sync 1 DAGs
[2026-08-31T07:10:17.434+0000] {logging_mixin.py:188} INFO - [2026-08-31T07:10:17.434+0000] {dag.py:3947} INFO - Setting next_dagrun for spotify_minio_to_snowflake_bronze to 2026-08-31 07:00:00+00:00, run_after=2026-08-31 08:00:00+00:00
[2026-08-31T07:10:17.483+0000] {processor.py:183} INFO - Processing /opt/airflow/dags/minio-to-kafka.py took 1.794 seconds
[2026-08-31T07:10:47.826+0000] {processor.py:161} INFO - Started process (PID=3762) to work on /opt/airflow/dags/minio-to-kafka.py
[2026-08-31T07:10:47.828+0000] {processor.py:830} INFO - Processing file /opt/airflow/dags/minio-to-kafka.py for tasks to queue
[2026-08-31T07:10:47.836+0000] {logging_mixin.py:188} INFO - [2026-08-31T07:10:47.835+0000] {dagbag.py:545} INFO - Filling up the DagBag from /opt/airflow/dags/minio-to-kafka.py
[2026-08-31T07:10:49.441+0000] {processor.py:840} INFO - DAG(s) 'spotify_minio_to_snowflake_bronze' retrieved from /opt/airflow/dags/minio-to-kafka.py
[2026-08-31T07:10:49.498+0000] {logging_mixin.py:188} INFO - [2026-08-31T07:10:49.498+0000] {dag.py:3089} INFO - Sync 1 DAGs
[2026-08-31T07:10:49.533+0000] {logging_mixin.py:188} INFO - [2026-08-31T07:10:49.532+0000] {dag.py:3947} INFO - Setting next_dagrun for spotify_minio_to_snowflake_bronze to 2026-08-31 07:00:00+00:00, run_after=2026-08-31 08:00:00+00:00
[2026-08-31T07:10:49.565+0000] {processor.py:183} INFO - Processing /opt/airflow/dags/minio-to-kafka.py took 1.751 seconds
[2026-08-31T07:11:19.895+0000] {processor.py:161} INFO - Started process (PID=3765) to work on /opt/airflow/dags/minio-to-kafka.py
[2026-08-31T07:11:19.898+0000] {processor.py:830} INFO - Processing file /opt/airflow/dags/minio-to-kafka.py for tasks to queue
[2026-08-31T07:11:19.901+0000] {logging_mixin.py:188} INFO - [2026-08-31T07:11:19.901+0000] {dagbag.py:545} INFO - Filling up the DagBag from /opt/airflow/dags/minio-to-kafka.py
[2026-08-31T07:11:21.890+0000] {processor.py:840} INFO - DAG(s) 'spotify_minio_to_snowflake_bronze' retrieved from /opt/airflow/dags/minio-to-kafka.py
[2026-08-31T07:11:21.933+0000] {logging_mixin.py:188} INFO - [2026-08-31T07:11:21.933+0000] {dag.py:3089} INFO - Sync 1 DAGs
[2026-08-31T07:11:21.968+0000] {logging_mixin.py:188} INFO - [2026-08-31T07:11:21.968+0000] {dag.py:3947} INFO - Setting next_dagrun for spotify_minio_to_snowflake_bronze to 2026-08-31 07:00:00+00:00, run_after=2026-08-31 08:00:00+00:00
[2026-08-31T07:11:22.002+0000] {processor.py:183} INFO - Processing /opt/airflow/dags/minio-to-kafka.py took 2.118 seconds
[2026-08-31T07:11:52.239+0000] {processor.py:161} INFO - Started process (PID=3768) to work on /opt/airflow/dags/minio-to-kafka.py
[2026-08-31T07:11:52.242+0000] {processor.py:830} INFO - Processing file /opt/airflow/dags/minio-to-kafka.py for tasks to queue
[2026-08-31T07:11:52.247+0000] {logging_mixin.py:188} INFO - [2026-08-31T07:11:52.246+0000] {dagbag.py:545} INFO - Filling up the DagBag from /opt/airflow/dags/minio-to-kafka.py
[2026-08-31T07:11:54.501+0000] {processor.py:840} INFO - DAG(s) 'spotify_minio_to_snowflake_bronze' retrieved from /opt/airflow/dags/minio-to-kafka.py
[2026-08-31T07:11:54.627+0000] {logging_mixin.py:188} INFO - [2026-08-31T07:11:54.627+0000] {dag.py:3089} INFO - Sync 1 DAGs
[2026-08-31T07:11:54.687+0000] {logging_mixin.py:188} INFO - [2026-08-31T07:11:54.687+0000] {dag.py:3947} INFO - Setting next_dagrun for spotify_minio_to_snowflake_bronze to 2026-08-31 07:00:00+00:00, run_after=2026-08-31 08:00:00+00:00
[2026-08-31T07:11:54.728+0000] {processor.py:183} INFO - Processing /opt/airflow/dags/minio-to-kafka.py took 2.502 seconds
[2026-08-31T07:12:25.084+0000] {processor.py:161} INFO - Started process (PID=3771) to work on /opt/airflow/dags/minio-to-kafka.py
[2026-08-31T07:12:25.087+0000] {processor.py:830} INFO - Processing file /opt/airflow/dags/minio-to-kafka.py for tasks to queue
[2026-08-31T07:12:25.091+0000] {logging_mixin.py:188} INFO - [2026-08-31T07:12:25.091+0000] {dagbag.py:545} INFO - Filling up the DagBag from /opt/airflow/dags/minio-to-kafka.py
[2026-08-31T07:12:26.188+0000] {processor.py:840} INFO - DAG(s) 'spotify_minio_to_snowflake_bronze' retrieved from /opt/airflow/dags/minio-to-kafka.py
[2026-08-31T07:12:26.229+0000] {logging_mixin.py:188} INFO - [2026-08-31T07:12:26.229+0000] {dag.py:3089} INFO - Sync 1 DAGs
[2026-08-31T07:12:26.261+0000] {logging_mixin.py:188} INFO - [2026-08-31T07:12:26.261+0000] {dag.py:3947} INFO - Setting next_dagrun for spotify_minio_to_snowflake_bronze to 2026-08-31 07:00:00+00:00, run_after=2026-08-31 08:00:00+00:00
[2026-08-31T07:12:26.290+0000] {processor.py:183} INFO - Processing /opt/airflow/dags/minio-to-kafka.py took 1.215 seconds
[2026-08-31T07:12:56.466+0000] {processor.py:161} INFO - Started process (PID=3774) to work on /opt/airflow/dags/minio-to-kafka.py
[2026-08-31T07:12:56.471+0000] {processor.py:830} INFO - Processing file /opt/airflow/dags/minio-to-kafka.py for tasks to queue
[2026-08-31T07:12:56.479+0000] {logging_mixin.py:188} INFO - [2026-08-31T07:12:56.478+0000] {dagbag.py:545} INFO - Filling up the DagBag from /opt/airflow/dags/minio-to-kafka.py
[2026-08-31T07:12:59.210+0000] {processor.py:840} INFO - DAG(s) 'spotify_minio_to_snowflake_bronze' retrieved from /opt/airflow/dags/minio-to-kafka.py
[2026-08-31T07:12:59.310+0000] {logging_mixin.py:188} INFO - [2026-08-31T07:12:59.309+0000] {dag.py:3089} INFO - Sync 1 DAGs
[2026-08-31T07:12:59.458+0000] {logging_mixin.py:188} INFO - [2026-08-31T07:12:59.457+0000] {dag.py:3947} INFO - Setting next_dagrun for spotify_minio_to_snowflake_bronze to 2026-08-31 07:00:00+00:00, run_after=2026-08-31 08:00:00+00:00
[2026-08-31T07:12:59.527+0000] {processor.py:183} INFO - Processing /opt/airflow/dags/minio-to-kafka.py took 3.108 seconds
[2026-08-31T07:13:29.882+0000] {processor.py:161} INFO - Started process (PID=3777) to work on /opt/airflow/dags/minio-to-kafka.py
[2026-08-31T07:13:29.893+0000] {processor.py:830} INFO - Processing file /opt/airflow/dags/minio-to-kafka.py for tasks to queue
[2026-08-31T07:13:29.914+0000] {logging_mixin.py:188} INFO - [2026-08-31T07:13:29.910+0000] {dagbag.py:545} INFO - Filling up the DagBag from /opt/airflow/dags/minio-to-kafka.py
[2026-08-31T07:13:32.099+0000] {processor.py:840} INFO - DAG(s) 'spotify_minio_to_snowflake_bronze' retrieved from /opt/airflow/dags/minio-to-kafka.py
[2026-08-31T07:13:32.174+0000] {logging_mixin.py:188} INFO - [2026-08-31T07:13:32.173+0000] {dag.py:3089} INFO - Sync 1 DAGs
[2026-08-31T07:13:32.224+0000] {logging_mixin.py:188} INFO - [2026-08-31T07:13:32.223+0000] {dag.py:3947} INFO - Setting next_dagrun for spotify_minio_to_snowflake_bronze to 2026-08-31 07:00:00+00:00, run_after=2026-08-31 08:00:00+00:00
[2026-08-31T07:13:32.261+0000] {processor.py:183} INFO - Processing /opt/airflow/dags/minio-to-kafka.py took 2.452 seconds
[2026-08-31T07:14:02.814+0000] {processor.py:161} INFO - Started process (PID=3780) to work on /opt/airflow/dags/minio-to-kafka.py
[2026-08-31T07:14:02.820+0000] {processor.py:830} INFO - Processing file /opt/airflow/dags/minio-to-kafka.py for tasks to queue
[2026-08-31T07:14:02.824+0000] {logging_mixin.py:188} INFO - [2026-08-31T07:14:02.824+0000] {dagbag.py:545} INFO - Filling up the DagBag from /opt/airflow/dags/minio-to-kafka.py
[2026-08-31T07:14:04.737+0000] {processor.py:840} INFO - DAG(s) 'spotify_minio_to_snowflake_bronze' retrieved from /opt/airflow/dags/minio-to-kafka.py
[2026-08-31T07:14:04.839+0000] {logging_mixin.py:188} INFO - [2026-08-31T07:14:04.839+0000] {dag.py:3089} INFO - Sync 1 DAGs
[2026-08-31T07:14:04.900+0000] {logging_mixin.py:188} INFO - [2026-08-31T07:14:04.900+0000] {dag.py:3947} INFO - Setting next_dagrun for spotify_minio_to_snowflake_bronze to 2026-08-31 07:00:00+00:00, run_after=2026-08-31 08:00:00+00:00
[2026-08-31T07:14:04.933+0000] {processor.py:183} INFO - Processing /opt/airflow/dags/minio-to-kafka.py took 2.131 seconds
[2026-08-31T07:14:35.303+0000] {processor.py:161} INFO - Started process (PID=3783) to work on /opt/airflow/dags/minio-to-kafka.py
[2026-08-31T07:14:35.305+0000] {processor.py:830} INFO - Processing file /opt/airflow/dags/minio-to-kafka.py for tasks to queue
[2026-08-31T07:14:35.311+0000] {logging_mixin.py:188} INFO - [2026-08-31T07:14:35.310+0000] {dagbag.py:545} INFO - Filling up the DagBag from /opt/airflow/dags/minio-to-kafka.py
[2026-08-31T07:14:37.362+0000] {processor.py:840} INFO - DAG(s) 'spotify_minio_to_snowflake_bronze' retrieved from /opt/airflow/dags/minio-to-kafka.py
[2026-08-31T07:14:37.432+0000] {logging_mixin.py:188} INFO - [2026-08-31T07:14:37.432+0000] {dag.py:3089} INFO - Sync 1 DAGs
[2026-08-31T07:14:37.484+0000] {logging_mixin.py:188} INFO - [2026-08-31T07:14:37.483+0000] {dag.py:3947} INFO - Setting next_dagrun for spotify_minio_to_snowflake_bronze to 2026-08-31 07:00:00+00:00, run_after=2026-08-31 08:00:00+00:00
[2026-08-31T07:14:37.538+0000] {processor.py:183} INFO - Processing /opt/airflow/dags/minio-to-kafka.py took 2.302 seconds
[2026-08-31T07:15:08.007+0000] {processor.py:161} INFO - Started process (PID=3786) to work on /opt/airflow/dags/minio-to-kafka.py
[2026-08-31T07:15:08.011+0000] {processor.py:830} INFO - Processing file /opt/airflow/dags/minio-to-kafka.py for tasks to queue
[2026-08-31T07:15:08.021+0000] {logging_mixin.py:188} INFO - [2026-08-31T07:15:08.019+0000] {dagbag.py:545} INFO - Filling up the DagBag from /opt/airflow/dags/minio-to-kafka.py
[2026-08-31T07:15:09.888+0000] {processor.py:840} INFO - DAG(s) 'spotify_minio_to_snowflake_bronze' retrieved from /opt/airflow/dags/minio-to-kafka.py
[2026-08-31T07:15:09.935+0000] {logging_mixin.py:188} INFO - [2026-08-31T07:15:09.935+0000] {dag.py:3089} INFO - Sync 1 DAGs
[2026-08-31T07:15:09.968+0000] {logging_mixin.py:188} INFO - [2026-08-31T07:15:09.968+0000] {dag.py:3947} INFO - Setting next_dagrun for spotify_minio_to_snowflake_bronze to 2026-08-31 07:00:00+00:00, run_after=2026-08-31 08:00:00+00:00
[2026-08-31T07:15:10.001+0000] {processor.py:183} INFO - Processing /opt/airflow/dags/minio-to-kafka.py took 2.041 seconds
[2026-08-31T07:15:40.418+0000] {processor.py:161} INFO - Started process (PID=3789) to work on /opt/airflow/dags/minio-to-kafka.py
[2026-08-31T07:15:40.422+0000] {processor.py:830} INFO - Processing file /opt/airflow/dags/minio-to-kafka.py for tasks to queue
[2026-08-31T07:15:40.445+0000] {logging_mixin.py:188} INFO - [2026-08-31T07:15:40.440+0000] {dagbag.py:545} INFO - Filling up the DagBag from /opt/airflow/dags/minio-to-kafka.py
[2026-08-31T07:15:42.515+0000] {processor.py:840} INFO - DAG(s) 'spotify_minio_to_snowflake_bronze' retrieved from /opt/airflow/dags/minio-to-kafka.py
[2026-08-31T07:15:42.569+0000] {logging_mixin.py:188} INFO - [2026-08-31T07:15:42.568+0000] {dag.py:3089} INFO - Sync 1 DAGs
[2026-08-31T07:15:42.623+0000] {logging_mixin.py:188} INFO - [2026-08-31T07:15:42.622+0000] {dag.py:3947} INFO - Setting next_dagrun for spotify_minio_to_snowflake_bronze to 2026-08-31 07:00:00+00:00, run_after=2026-08-31 08:00:00+00:00
[2026-08-31T07:15:42.665+0000] {processor.py:183} INFO - Processing /opt/airflow/dags/minio-to-kafka.py took 2.258 seconds
[2026-08-31T07:16:13.148+0000] {processor.py:161} INFO - Started process (PID=3792) to work on /opt/airflow/dags/minio-to-kafka.py
[2026-08-31T07:16:13.150+0000] {processor.py:830} INFO - Processing file /opt/airflow/dags/minio-to-kafka.py for tasks to queue
[2026-08-31T07:16:13.156+0000] {logging_mixin.py:188} INFO - [2026-08-31T07:16:13.155+0000] {dagbag.py:545} INFO - Filling up the DagBag from /opt/airflow/dags/minio-to-kafka.py
[2026-08-31T07:16:14.408+0000] {processor.py:840} INFO - DAG(s) 'spotify_minio_to_snowflake_bronze' retrieved from /opt/airflow/dags/minio-to-kafka.py
[2026-08-31T07:16:14.467+0000] {logging_mixin.py:188} INFO - [2026-08-31T07:16:14.466+0000] {dag.py:3089} INFO - Sync 1 DAGs
[2026-08-31T07:16:14.513+0000] {logging_mixin.py:188} INFO - [2026-08-31T07:16:14.513+0000] {dag.py:3947} INFO - Setting next_dagrun for spotify_minio_to_snowflake_bronze to 2026-08-31 07:00:00+00:00, run_after=2026-08-31 08:00:00+00:00
[2026-08-31T07:16:14.548+0000] {processor.py:183} INFO - Processing /opt/airflow/dags/minio-to-kafka.py took 1.426 seconds
[2026-08-31T07:16:45.037+0000] {processor.py:161} INFO - Started process (PID=3795) to work on /opt/airflow/dags/minio-to-kafka.py
[2026-08-31T07:16:45.044+0000] {processor.py:830} INFO - Processing file /opt/airflow/dags/minio-to-kafka.py for tasks to queue
[2026-08-31T07:16:45.052+0000] {logging_mixin.py:188} INFO - [2026-08-31T07:16:45.052+0000] {dagbag.py:545} INFO - Filling up the DagBag from /opt/airflow/dags/minio-to-kafka.py
[2026-08-31T07:16:47.170+0000] {processor.py:840} INFO - DAG(s) 'spotify_minio_to_snowflake_bronze' retrieved from /opt/airflow/dags/minio-to-kafka.py
[2026-08-31T07:16:47.291+0000] {logging_mixin.py:188} INFO - [2026-08-31T07:16:47.289+0000] {dag.py:3089} INFO - Sync 1 DAGs
[2026-08-31T07:16:47.348+0000] {logging_mixin.py:188} INFO - [2026-08-31T07:16:47.348+0000] {dag.py:3947} INFO - Setting next_dagrun for spotify_minio_to_snowflake_bronze to 2026-08-31 07:00:00+00:00, run_after=2026-08-31 08:00:00+00:00
[2026-08-31T07:16:47.389+0000] {processor.py:183} INFO - Processing /opt/airflow/dags/minio-to-kafka.py took 2.459 seconds
[2026-08-31T07:17:17.753+0000] {processor.py:161} INFO - Started process (PID=3798) to work on /opt/airflow/dags/minio-to-kafka.py
[2026-08-31T07:17:17.759+0000] {processor.py:830} INFO - Processing file /opt/airflow/dags/minio-to-kafka.py for tasks to queue
[2026-08-31T07:17:17.764+0000] {logging_mixin.py:188} INFO - [2026-08-31T07:17:17.763+0000] {dagbag.py:545} INFO - Filling up the DagBag from /opt/airflow/dags/minio-to-kafka.py
[2026-08-31T07:17:19.310+0000] {processor.py:840} INFO - DAG(s) 'spotify_minio_to_snowflake_bronze' retrieved from /opt/airflow/dags/minio-to-kafka.py
[2026-08-31T07:17:19.362+0000] {logging_mixin.py:188} INFO - [2026-08-31T07:17:19.361+0000] {dag.py:3089} INFO - Sync 1 DAGs
[2026-08-31T07:17:19.397+0000] {logging_mixin.py:188} INFO - [2026-08-31T07:17:19.397+0000] {dag.py:3947} INFO - Setting next_dagrun for spotify_minio_to_snowflake_bronze to 2026-08-31 07:00:00+00:00, run_after=2026-08-31 08:00:00+00:00
[2026-08-31T07:17:19.428+0000] {processor.py:183} INFO - Processing /opt/airflow/dags/minio-to-kafka.py took 1.727 seconds
[2026-08-31T07:17:49.717+0000] {processor.py:161} INFO - Started process (PID=3801) to work on /opt/airflow/dags/minio-to-kafka.py
[2026-08-31T07:17:49.756+0000] {processor.py:830} INFO - Processing file /opt/airflow/dags/minio-to-kafka.py for tasks to queue
[2026-08-31T07:17:49.846+0000] {logging_mixin.py:188} INFO - [2026-08-31T07:17:49.835+0000] {dagbag.py:545} INFO - Filling up the DagBag from /opt/airflow/dags/minio-to-kafka.py
[2026-08-31T07:17:51.588+0000] {processor.py:840} INFO - DAG(s) 'spotify_minio_to_snowflake_bronze' retrieved from /opt/airflow/dags/minio-to-kafka.py
[2026-08-31T07:17:51.632+0000] {logging_mixin.py:188} INFO - [2026-08-31T07:17:51.631+0000] {dag.py:3089} INFO - Sync 1 DAGs
[2026-08-31T07:17:51.660+0000] {logging_mixin.py:188} INFO - [2026-08-31T07:17:51.659+0000] {dag.py:3947} INFO - Setting next_dagrun for spotify_minio_to_snowflake_bronze to 2026-08-31 07:00:00+00:00, run_after=2026-08-31 08:00:00+00:00
[2026-08-31T07:17:51.684+0000] {processor.py:183} INFO - Processing /opt/airflow/dags/minio-to-kafka.py took 2.187 seconds
[2026-08-31T07:18:21.808+0000] {processor.py:161} INFO - Started process (PID=3804) to work on /opt/airflow/dags/minio-to-kafka.py
[2026-08-31T07:18:21.810+0000] {processor.py:830} INFO - Processing file /opt/airflow/dags/minio-to-kafka.py for tasks to queue
[2026-08-31T07:18:21.813+0000] {logging_mixin.py:188} INFO - [2026-08-31T07:18:21.813+0000] {dagbag.py:545} INFO - Filling up the DagBag from /opt/airflow/dags/minio-to-kafka.py
[2026-08-31T07:18:22.887+0000] {processor.py:840} INFO - DAG(s) 'spotify_minio_to_snowflake_bronze' retrieved from /opt/airflow/dags/minio-to-kafka.py
[2026-08-31T07:18:22.928+0000] {logging_mixin.py:188} INFO - [2026-08-31T07:18:22.928+0000] {dag.py:3089} INFO - Sync 1 DAGs
[2026-08-31T07:18:22.956+0000] {logging_mixin.py:188} INFO - [2026-08-31T07:18:22.956+0000] {dag.py:3947} INFO - Setting next_dagrun for spotify_minio_to_snowflake_bronze to 2026-08-31 07:00:00+00:00, run_after=2026-08-31 08:00:00+00:00
[2026-08-31T07:18:22.982+0000] {processor.py:183} INFO - Processing /opt/airflow/dags/minio-to-kafka.py took 1.181 seconds
[2026-08-31T07:18:53.246+0000] {processor.py:161} INFO - Started process (PID=3807) to work on /opt/airflow/dags/minio-to-kafka.py
[2026-08-31T07:18:53.249+0000] {processor.py:830} INFO - Processing file /opt/airflow/dags/minio-to-kafka.py for tasks to queue
[2026-08-31T07:18:53.252+0000] {logging_mixin.py:188} INFO - [2026-08-31T07:18:53.252+0000] {dagbag.py:545} INFO - Filling up the DagBag from /opt/airflow/dags/minio-to-kafka.py
[2026-08-31T07:18:54.465+0000] {processor.py:840} INFO - DAG(s) 'spotify_minio_to_snowflake_bronze' retrieved from /opt/airflow/dags/minio-to-kafka.py
[2026-08-31T07:18:54.506+0000] {logging_mixin.py:188} INFO - [2026-08-31T07:18:54.505+0000] {dag.py:3089} INFO - Sync 1 DAGs
[2026-08-31T07:18:54.539+0000] {logging_mixin.py:188} INFO - [2026-08-31T07:18:54.539+0000] {dag.py:3947} INFO - Setting next_dagrun for spotify_minio_to_snowflake_bronze to 2026-08-31 07:00:00+00:00, run_after=2026-08-31 08:00:00+00:00
[2026-08-31T07:18:54.567+0000] {processor.py:183} INFO - Processing /opt/airflow/dags/minio-to-kafka.py took 1.329 seconds
[2026-08-31T07:19:25.091+0000] {processor.py:161} INFO - Started process (PID=3810) to work on /opt/airflow/dags/minio-to-kafka.py
[2026-08-31T07:19:25.097+0000] {processor.py:830} INFO - Processing file /opt/airflow/dags/minio-to-kafka.py for tasks to queue
[2026-08-31T07:19:25.105+0000] {logging_mixin.py:188} INFO - [2026-08-31T07:19:25.104+0000] {dagbag.py:545} INFO - Filling up the DagBag from /opt/airflow/dags/minio-to-kafka.py
[2026-08-31T07:19:26.803+0000] {processor.py:840} INFO - DAG(s) 'spotify_minio_to_snowflake_bronze' retrieved from /opt/airflow/dags/minio-to-kafka.py
[2026-08-31T07:19:26.849+0000] {logging_mixin.py:188} INFO - [2026-08-31T07:19:26.848+0000] {dag.py:3089} INFO - Sync 1 DAGs
[2026-08-31T07:19:26.883+0000] {logging_mixin.py:188} INFO - [2026-08-31T07:19:26.883+0000] {dag.py:3947} INFO - Setting next_dagrun for spotify_minio_to_snowflake_bronze to 2026-08-31 07:00:00+00:00, run_after=2026-08-31 08:00:00+00:00
[2026-08-31T07:19:26.912+0000] {processor.py:183} INFO - Processing /opt/airflow/dags/minio-to-kafka.py took 1.938 seconds
[2026-08-31T07:19:57.303+0000] {processor.py:161} INFO - Started process (PID=3813) to work on /opt/airflow/dags/minio-to-kafka.py
[2026-08-31T07:19:57.305+0000] {processor.py:830} INFO - Processing file /opt/airflow/dags/minio-to-kafka.py for tasks to queue
[2026-08-31T07:19:57.311+0000] {logging_mixin.py:188} INFO - [2026-08-31T07:19:57.309+0000] {dagbag.py:545} INFO - Filling up the DagBag from /opt/airflow/dags/minio-to-kafka.py
[2026-08-31T07:19:58.766+0000] {processor.py:840} INFO - DAG(s) 'spotify_minio_to_snowflake_bronze' retrieved from /opt/airflow/dags/minio-to-kafka.py
[2026-08-31T07:19:58.823+0000] {logging_mixin.py:188} INFO - [2026-08-31T07:19:58.822+0000] {dag.py:3089} INFO - Sync 1 DAGs
[2026-08-31T07:19:58.863+0000] {logging_mixin.py:188} INFO - [2026-08-31T07:19:58.863+0000] {dag.py:3947} INFO - Setting next_dagrun for spotify_minio_to_snowflake_bronze to 2026-08-31 07:00:00+00:00, run_after=2026-08-31 08:00:00+00:00
[2026-08-31T07:19:58.894+0000] {processor.py:183} INFO - Processing /opt/airflow/dags/minio-to-kafka.py took 1.606 seconds
[2026-08-31T07:20:29.282+0000] {processor.py:161} INFO - Started process (PID=3816) to work on /opt/airflow/dags/minio-to-kafka.py
[2026-08-31T07:20:29.286+0000] {processor.py:830} INFO - Processing file /opt/airflow/dags/minio-to-kafka.py for tasks to queue
[2026-08-31T07:20:29.301+0000] {logging_mixin.py:188} INFO - [2026-08-31T07:20:29.298+0000] {dagbag.py:545} INFO - Filling up the DagBag from /opt/airflow/dags/minio-to-kafka.py
[2026-08-31T07:20:31.366+0000] {processor.py:840} INFO - DAG(s) 'spotify_minio_to_snowflake_bronze' retrieved from /opt/airflow/dags/minio-to-kafka.py
[2026-08-31T07:20:31.435+0000] {logging_mixin.py:188} INFO - [2026-08-31T07:20:31.434+0000] {dag.py:3089} INFO - Sync 1 DAGs
[2026-08-31T07:20:31.475+0000] {logging_mixin.py:188} INFO - [2026-08-31T07:20:31.475+0000] {dag.py:3947} INFO - Setting next_dagrun for spotify_minio_to_snowflake_bronze to 2026-08-31 07:00:00+00:00, run_after=2026-08-31 08:00:00+00:00
[2026-08-31T07:20:31.510+0000] {processor.py:183} INFO - Processing /opt/airflow/dags/minio-to-kafka.py took 2.263 seconds
[2026-08-31T07:21:01.665+0000] {processor.py:161} INFO - Started process (PID=3819) to work on /opt/airflow/dags/minio-to-kafka.py
[2026-08-31T07:21:01.667+0000] {processor.py:830} INFO - Processing file /opt/airflow/dags/minio-to-kafka.py for tasks to queue
[2026-08-31T07:21:01.672+0000] {logging_mixin.py:188} INFO - [2026-08-31T07:21:01.671+0000] {dagbag.py:545} INFO - Filling up the DagBag from /opt/airflow/dags/minio-to-kafka.py
[2026-08-31T07:21:02.916+0000] {processor.py:840} INFO - DAG(s) 'spotify_minio_to_snowflake_bronze' retrieved from /opt/airflow/dags/minio-to-kafka.py
[2026-08-31T07:21:03.002+0000] {logging_mixin.py:188} INFO - [2026-08-31T07:21:03.001+0000] {dag.py:3089} INFO - Sync 1 DAGs
[2026-08-31T07:21:03.063+0000] {logging_mixin.py:188} INFO - [2026-08-31T07:21:03.062+0000] {dag.py:3947} INFO - Setting next_dagrun for spotify_minio_to_snowflake_bronze to 2026-08-31 07:00:00+00:00, run_after=2026-08-31 08:00:00+00:00
[2026-08-31T07:21:03.115+0000] {processor.py:183} INFO - Processing /opt/airflow/dags/minio-to-kafka.py took 1.461 seconds
[2026-08-31T07:21:33.504+0000] {processor.py:161} INFO - Started process (PID=3822) to work on /opt/airflow/dags/minio-to-kafka.py
[2026-08-31T07:21:33.506+0000] {processor.py:830} INFO - Processing file /opt/airflow/dags/minio-to-kafka.py for tasks to queue
[2026-08-31T07:21:33.510+0000] {logging_mixin.py:188} INFO - [2026-08-31T07:21:33.510+0000] {dagbag.py:545} INFO - Filling up the DagBag from /opt/airflow/dags/minio-to-kafka.py
[2026-08-31T07:21:34.748+0000] {processor.py:840} INFO - DAG(s) 'spotify_minio_to_snowflake_bronze' retrieved from /opt/airflow/dags/minio-to-kafka.py
[2026-08-31T07:21:34.795+0000] {logging_mixin.py:188} INFO - [2026-08-31T07:21:34.795+0000] {dag.py:3089} INFO - Sync 1 DAGs
[2026-08-31T07:21:34.832+0000] {logging_mixin.py:188} INFO - [2026-08-31T07:21:34.831+0000] {dag.py:3947} INFO - Setting next_dagrun for spotify_minio_to_snowflake_bronze to 2026-08-31 07:00:00+00:00, run_after=2026-08-31 08:00:00+00:00
[2026-08-31T07:21:34.876+0000] {processor.py:183} INFO - Processing /opt/airflow/dags/minio-to-kafka.py took 1.381 seconds
[2026-08-31T07:22:05.437+0000] {processor.py:161} INFO - Started process (PID=3825) to work on /opt/airflow/dags/minio-to-kafka.py
[2026-08-31T07:22:05.440+0000] {processor.py:830} INFO - Processing file /opt/airflow/dags/minio-to-kafka.py for tasks to queue
[2026-08-31T07:22:05.458+0000] {logging_mixin.py:188} INFO - [2026-08-31T07:22:05.457+0000] {dagbag.py:545} INFO - Filling up the DagBag from /opt/airflow/dags/minio-to-kafka.py
[2026-08-31T07:22:06.992+0000] {processor.py:840} INFO - DAG(s) 'spotify_minio_to_snowflake_bronze' retrieved from /opt/airflow/dags/minio-to-kafka.py
[2026-08-31T07:22:07.034+0000] {logging_mixin.py:188} INFO - [2026-08-31T07:22:07.033+0000] {dag.py:3089} INFO - Sync 1 DAGs
[2026-08-31T07:22:07.064+0000] {logging_mixin.py:188} INFO - [2026-08-31T07:22:07.064+0000] {dag.py:3947} INFO - Setting next_dagrun for spotify_minio_to_snowflake_bronze to 2026-08-31 07:00:00+00:00, run_after=2026-08-31 08:00:00+00:00
[2026-08-31T07:22:07.093+0000] {processor.py:183} INFO - Processing /opt/airflow/dags/minio-to-kafka.py took 1.711 seconds
[2026-08-31T07:22:37.431+0000] {processor.py:161} INFO - Started process (PID=3828) to work on /opt/airflow/dags/minio-to-kafka.py
[2026-08-31T07:22:37.435+0000] {processor.py:830} INFO - Processing file /opt/airflow/dags/minio-to-kafka.py for tasks to queue
[2026-08-31T07:22:37.438+0000] {logging_mixin.py:188} INFO - [2026-08-31T07:22:37.438+0000] {dagbag.py:545} INFO - Filling up the DagBag from /opt/airflow/dags/minio-to-kafka.py
[2026-08-31T07:22:38.532+0000] {processor.py:840} INFO - DAG(s) 'spotify_minio_to_snowflake_bronze' retrieved from /opt/airflow/dags/minio-to-kafka.py
[2026-08-31T07:22:38.570+0000] {logging_mixin.py:188} INFO - [2026-08-31T07:22:38.569+0000] {dag.py:3089} INFO - Sync 1 DAGs
[2026-08-31T07:22:38.597+0000] {logging_mixin.py:188} INFO - [2026-08-31T07:22:38.597+0000] {dag.py:3947} INFO - Setting next_dagrun for spotify_minio_to_snowflake_bronze to 2026-08-31 07:00:00+00:00, run_after=2026-08-31 08:00:00+00:00
[2026-08-31T07:22:38.624+0000] {processor.py:183} INFO - Processing /opt/airflow/dags/minio-to-kafka.py took 1.201 seconds
[2026-08-31T07:23:12.583+0000] {processor.py:161} INFO - Started process (PID=3831) to work on /opt/airflow/dags/minio-to-kafka.py
[2026-08-31T07:23:12.873+0000] {processor.py:830} INFO - Processing file /opt/airflow/dags/minio-to-kafka.py for tasks to queue
[2026-08-31T07:23:13.419+0000] {logging_mixin.py:188} INFO - [2026-08-31T07:23:13.417+0000] {dagbag.py:545} INFO - Filling up the DagBag from /opt/airflow/dags/minio-to-kafka.py
[2026-08-31T07:23:22.126+0000] {processor.py:840} INFO - DAG(s) 'spotify_minio_to_snowflake_bronze' retrieved from /opt/airflow/dags/minio-to-kafka.py
[2026-08-31T07:23:22.204+0000] {logging_mixin.py:188} INFO - [2026-08-31T07:23:22.203+0000] {dag.py:3089} INFO - Sync 1 DAGs
[2026-08-31T07:23:22.247+0000] {logging_mixin.py:188} INFO - [2026-08-31T07:23:22.246+0000] {dag.py:3947} INFO - Setting next_dagrun for spotify_minio_to_snowflake_bronze to 2026-08-31 07:00:00+00:00, run_after=2026-08-31 08:00:00+00:00
[2026-08-31T07:23:22.281+0000] {processor.py:183} INFO - Processing /opt/airflow/dags/minio-to-kafka.py took 9.718 seconds
[2026-08-31T07:23:52.744+0000] {processor.py:161} INFO - Started process (PID=3834) to work on /opt/airflow/dags/minio-to-kafka.py
[2026-08-31T07:23:52.746+0000] {processor.py:830} INFO - Processing file /opt/airflow/dags/minio-to-kafka.py for tasks to queue
[2026-08-31T07:23:52.750+0000] {logging_mixin.py:188} INFO - [2026-08-31T07:23:52.750+0000] {dagbag.py:545} INFO - Filling up the DagBag from /opt/airflow/dags/minio-to-kafka.py
[2026-08-31T07:23:54.130+0000] {processor.py:840} INFO - DAG(s) 'spotify_minio_to_snowflake_bronze' retrieved from /opt/airflow/dags/minio-to-kafka.py
[2026-08-31T07:23:54.170+0000] {logging_mixin.py:188} INFO - [2026-08-31T07:23:54.169+0000] {dag.py:3089} INFO - Sync 1 DAGs
[2026-08-31T07:23:54.195+0000] {logging_mixin.py:188} INFO - [2026-08-31T07:23:54.195+0000] {dag.py:3947} INFO - Setting next_dagrun for spotify_minio_to_snowflake_bronze to 2026-08-31 07:00:00+00:00, run_after=2026-08-31 08:00:00+00:00
[2026-08-31T07:23:54.224+0000] {processor.py:183} INFO - Processing /opt/airflow/dags/minio-to-kafka.py took 1.487 seconds
[2026-08-31T07:24:25.213+0000] {processor.py:161} INFO - Started process (PID=3837) to work on /opt/airflow/dags/minio-to-kafka.py
[2026-08-31T07:24:25.215+0000] {processor.py:830} INFO - Processing file /opt/airflow/dags/minio-to-kafka.py for tasks to queue
[2026-08-31T07:24:25.219+0000] {logging_mixin.py:188} INFO - [2026-08-31T07:24:25.218+0000] {dagbag.py:545} INFO - Filling up the DagBag from /opt/airflow/dags/minio-to-kafka.py
[2026-08-31T07:24:28.886+0000] {processor.py:840} INFO - DAG(s) 'spotify_minio_to_snowflake_bronze' retrieved from /opt/airflow/dags/minio-to-kafka.py
[2026-08-31T07:24:28.918+0000] {logging_mixin.py:188} INFO - [2026-08-31T07:24:28.918+0000] {dag.py:3089} INFO - Sync 1 DAGs
[2026-08-31T07:24:28.946+0000] {logging_mixin.py:188} INFO - [2026-08-31T07:24:28.946+0000] {dag.py:3947} INFO - Setting next_dagrun for spotify_minio_to_snowflake_bronze to 2026-08-31 07:00:00+00:00, run_after=2026-08-31 08:00:00+00:00
[2026-08-31T07:24:28.969+0000] {processor.py:183} INFO - Processing /opt/airflow/dags/minio-to-kafka.py took 3.769 seconds
[2026-08-31T07:24:59.355+0000] {processor.py:161} INFO - Started process (PID=3840) to work on /opt/airflow/dags/minio-to-kafka.py
[2026-08-31T07:24:59.359+0000] {processor.py:830} INFO - Processing file /opt/airflow/dags/minio-to-kafka.py for tasks to queue
[2026-08-31T07:24:59.364+0000] {logging_mixin.py:188} INFO - [2026-08-31T07:24:59.363+0000] {dagbag.py:545} INFO - Filling up the DagBag from /opt/airflow/dags/minio-to-kafka.py
[2026-08-31T07:25:00.734+0000] {processor.py:840} INFO - DAG(s) 'spotify_minio_to_snowflake_bronze' retrieved from /opt/airflow/dags/minio-to-kafka.py
[2026-08-31T07:25:00.814+0000] {logging_mixin.py:188} INFO - [2026-08-31T07:25:00.814+0000] {dag.py:3089} INFO - Sync 1 DAGs
[2026-08-31T07:25:00.889+0000] {logging_mixin.py:188} INFO - [2026-08-31T07:25:00.889+0000] {dag.py:3947} INFO - Setting next_dagrun for spotify_minio_to_snowflake_bronze to 2026-08-31 07:00:00+00:00, run_after=2026-08-31 08:00:00+00:00
[2026-08-31T07:25:00.937+0000] {processor.py:183} INFO - Processing /opt/airflow/dags/minio-to-kafka.py took 1.594 seconds
[2026-08-31T07:25:31.283+0000] {processor.py:161} INFO - Started process (PID=3843) to work on /opt/airflow/dags/minio-to-kafka.py
[2026-08-31T07:25:31.285+0000] {processor.py:830} INFO - Processing file /opt/airflow/dags/minio-to-kafka.py for tasks to queue
[2026-08-31T07:25:31.290+0000] {logging_mixin.py:188} INFO - [2026-08-31T07:25:31.289+0000] {dagbag.py:545} INFO - Filling up the DagBag from /opt/airflow/dags/minio-to-kafka.py
[2026-08-31T07:25:32.339+0000] {processor.py:840} INFO - DAG(s) 'spotify_minio_to_snowflake_bronze' retrieved from /opt/airflow/dags/minio-to-kafka.py
[2026-08-31T07:25:32.375+0000] {logging_mixin.py:188} INFO - [2026-08-31T07:25:32.374+0000] {dag.py:3089} INFO - Sync 1 DAGs
[2026-08-31T07:25:32.399+0000] {logging_mixin.py:188} INFO - [2026-08-31T07:25:32.399+0000] {dag.py:3947} INFO - Setting next_dagrun for spotify_minio_to_snowflake_bronze to 2026-08-31 07:00:00+00:00, run_after=2026-08-31 08:00:00+00:00
[2026-08-31T07:25:32.426+0000] {processor.py:183} INFO - Processing /opt/airflow/dags/minio-to-kafka.py took 1.151 seconds
[2026-08-31T07:26:02.599+0000] {processor.py:161} INFO - Started process (PID=3846) to work on /opt/airflow/dags/minio-to-kafka.py
[2026-08-31T07:26:02.601+0000] {processor.py:830} INFO - Processing file /opt/airflow/dags/minio-to-kafka.py for tasks to queue
[2026-08-31T07:26:02.606+0000] {logging_mixin.py:188} INFO - [2026-08-31T07:26:02.604+0000] {dagbag.py:545} INFO - Filling up the DagBag from /opt/airflow/dags/minio-to-kafka.py
[2026-08-31T07:26:03.880+0000] {processor.py:840} INFO - DAG(s) 'spotify_minio_to_snowflake_bronze' retrieved from /opt/airflow/dags/minio-to-kafka.py
[2026-08-31T07:26:03.924+0000] {logging_mixin.py:188} INFO - [2026-08-31T07:26:03.924+0000] {dag.py:3089} INFO - Sync 1 DAGs
[2026-08-31T07:26:03.964+0000] {logging_mixin.py:188} INFO - [2026-08-31T07:26:03.964+0000] {dag.py:3947} INFO - Setting next_dagrun for spotify_minio_to_snowflake_bronze to 2026-08-31 07:00:00+00:00, run_after=2026-08-31 08:00:00+00:00
[2026-08-31T07:26:04.001+0000] {processor.py:183} INFO - Processing /opt/airflow/dags/minio-to-kafka.py took 1.421 seconds
[2026-08-31T07:26:34.091+0000] {processor.py:161} INFO - Started process (PID=3849) to work on /opt/airflow/dags/minio-to-kafka.py
[2026-08-31T07:26:34.094+0000] {processor.py:830} INFO - Processing file /opt/airflow/dags/minio-to-kafka.py for tasks to queue
[2026-08-31T07:26:34.098+0000] {logging_mixin.py:188} INFO - [2026-08-31T07:26:34.098+0000] {dagbag.py:545} INFO - Filling up the DagBag from /opt/airflow/dags/minio-to-kafka.py
[2026-08-31T07:26:35.361+0000] {processor.py:840} INFO - DAG(s) 'spotify_minio_to_snowflake_bronze' retrieved from /opt/airflow/dags/minio-to-kafka.py
[2026-08-31T07:26:35.395+0000] {logging_mixin.py:188} INFO - [2026-08-31T07:26:35.395+0000] {dag.py:3089} INFO - Sync 1 DAGs
[2026-08-31T07:26:35.425+0000] {logging_mixin.py:188} INFO - [2026-08-31T07:26:35.424+0000] {dag.py:3947} INFO - Setting next_dagrun for spotify_minio_to_snowflake_bronze to 2026-08-31 07:00:00+00:00, run_after=2026-08-31 08:00:00+00:00
[2026-08-31T07:26:35.449+0000] {processor.py:183} INFO - Processing /opt/airflow/dags/minio-to-kafka.py took 1.368 seconds
[2026-08-31T07:27:05.598+0000] {processor.py:161} INFO - Started process (PID=3852) to work on /opt/airflow/dags/minio-to-kafka.py
[2026-08-31T07:27:05.601+0000] {processor.py:830} INFO - Processing file /opt/airflow/dags/minio-to-kafka.py for tasks to queue
[2026-08-31T07:27:05.606+0000] {logging_mixin.py:188} INFO - [2026-08-31T07:27:05.605+0000] {dagbag.py:545} INFO - Filling up the DagBag from /opt/airflow/dags/minio-to-kafka.py
[2026-08-31T07:27:07.481+0000] {processor.py:840} INFO - DAG(s) 'spotify_minio_to_snowflake_bronze' retrieved from /opt/airflow/dags/minio-to-kafka.py
[2026-08-31T07:27:07.568+0000] {logging_mixin.py:188} INFO - [2026-08-31T07:27:07.567+0000] {dag.py:3089} INFO - Sync 1 DAGs
[2026-08-31T07:27:07.632+0000] {logging_mixin.py:188} INFO - [2026-08-31T07:27:07.632+0000] {dag.py:3947} INFO - Setting next_dagrun for spotify_minio_to_snowflake_bronze to 2026-08-31 07:00:00+00:00, run_after=2026-08-31 08:00:00+00:00
[2026-08-31T07:27:07.675+0000] {processor.py:183} INFO - Processing /opt/airflow/dags/minio-to-kafka.py took 2.110 seconds
[2026-08-31T07:27:37.998+0000] {processor.py:161} INFO - Started process (PID=3855) to work on /opt/airflow/dags/minio-to-kafka.py
[2026-08-31T07:27:38.001+0000] {processor.py:830} INFO - Processing file /opt/airflow/dags/minio-to-kafka.py for tasks to queue
[2026-08-31T07:27:38.004+0000] {logging_mixin.py:188} INFO - [2026-08-31T07:27:38.004+0000] {dagbag.py:545} INFO - Filling up the DagBag from /opt/airflow/dags/minio-to-kafka.py
[2026-08-31T07:27:39.260+0000] {processor.py:840} INFO - DAG(s) 'spotify_minio_to_snowflake_bronze' retrieved from /opt/airflow/dags/minio-to-kafka.py
[2026-08-31T07:27:39.299+0000] {logging_mixin.py:188} INFO - [2026-08-31T07:27:39.298+0000] {dag.py:3089} INFO - Sync 1 DAGs
[2026-08-31T07:27:39.328+0000] {logging_mixin.py:188} INFO - [2026-08-31T07:27:39.328+0000] {dag.py:3947} INFO - Setting next_dagrun for spotify_minio_to_snowflake_bronze to 2026-08-31 07:00:00+00:00, run_after=2026-08-31 08:00:00+00:00
[2026-08-31T07:27:39.354+0000] {processor.py:183} INFO - Processing /opt/airflow/dags/minio-to-kafka.py took 1.374 seconds
[2026-08-31T07:28:09.684+0000] {processor.py:161} INFO - Started process (PID=3858) to work on /opt/airflow/dags/minio-to-kafka.py
[2026-08-31T07:28:09.686+0000] {processor.py:830} INFO - Processing file /opt/airflow/dags/minio-to-kafka.py for tasks to queue
[2026-08-31T07:28:09.691+0000] {logging_mixin.py:188} INFO - [2026-08-31T07:28:09.690+0000] {dagbag.py:545} INFO - Filling up the DagBag from /opt/airflow/dags/minio-to-kafka.py
[2026-08-31T07:28:11.081+0000] {processor.py:840} INFO - DAG(s) 'spotify_minio_to_snowflake_bronze' retrieved from /opt/airflow/dags/minio-to-kafka.py
[2026-08-31T07:28:11.126+0000] {logging_mixin.py:188} INFO - [2026-08-31T07:28:11.126+0000] {dag.py:3089} INFO - Sync 1 DAGs
[2026-08-31T07:28:11.160+0000] {logging_mixin.py:188} INFO - [2026-08-31T07:28:11.160+0000] {dag.py:3947} INFO - Setting next_dagrun for spotify_minio_to_snowflake_bronze to 2026-08-31 07:00:00+00:00, run_after=2026-08-31 08:00:00+00:00
[2026-08-31T07:28:11.196+0000] {processor.py:183} INFO - Processing /opt/airflow/dags/minio-to-kafka.py took 1.522 seconds
[2026-08-31T07:28:41.541+0000] {processor.py:161} INFO - Started process (PID=3861) to work on /opt/airflow/dags/minio-to-kafka.py
[2026-08-31T07:28:41.543+0000] {processor.py:830} INFO - Processing file /opt/airflow/dags/minio-to-kafka.py for tasks to queue
[2026-08-31T07:28:41.546+0000] {logging_mixin.py:188} INFO - [2026-08-31T07:28:41.546+0000] {dagbag.py:545} INFO - Filling up the DagBag from /opt/airflow/dags/minio-to-kafka.py
[2026-08-31T07:28:42.908+0000] {processor.py:840} INFO - DAG(s) 'spotify_minio_to_snowflake_bronze' retrieved from /opt/airflow/dags/minio-to-kafka.py
[2026-08-31T07:28:42.947+0000] {logging_mixin.py:188} INFO - [2026-08-31T07:28:42.947+0000] {dag.py:3089} INFO - Sync 1 DAGs
[2026-08-31T07:28:42.980+0000] {logging_mixin.py:188} INFO - [2026-08-31T07:28:42.980+0000] {dag.py:3947} INFO - Setting next_dagrun for spotify_minio_to_snowflake_bronze to 2026-08-31 07:00:00+00:00, run_after=2026-08-31 08:00:00+00:00
[2026-08-31T07:28:43.007+0000] {processor.py:183} INFO - Processing /opt/airflow/dags/minio-to-kafka.py took 1.477 seconds
[2026-08-31T07:29:13.284+0000] {processor.py:161} INFO - Started process (PID=3864) to work on /opt/airflow/dags/minio-to-kafka.py
[2026-08-31T07:29:13.286+0000] {processor.py:830} INFO - Processing file /opt/airflow/dags/minio-to-kafka.py for tasks to queue
[2026-08-31T07:29:13.289+0000] {logging_mixin.py:188} INFO - [2026-08-31T07:29:13.288+0000] {dagbag.py:545} INFO - Filling up the DagBag from /opt/airflow/dags/minio-to-kafka.py
[2026-08-31T07:29:14.337+0000] {processor.py:840} INFO - DAG(s) 'spotify_minio_to_snowflake_bronze' retrieved from /opt/airflow/dags/minio-to-kafka.py
[2026-08-31T07:29:14.382+0000] {logging_mixin.py:188} INFO - [2026-08-31T07:29:14.381+0000] {dag.py:3089} INFO - Sync 1 DAGs
[2026-08-31T07:29:14.420+0000] {logging_mixin.py:188} INFO - [2026-08-31T07:29:14.420+0000] {dag.py:3947} INFO - Setting next_dagrun for spotify_minio_to_snowflake_bronze to 2026-08-31 07:00:00+00:00, run_after=2026-08-31 08:00:00+00:00
[2026-08-31T07:29:14.453+0000] {processor.py:183} INFO - Processing /opt/airflow/dags/minio-to-kafka.py took 1.180 seconds
[2026-08-31T07:29:44.669+0000] {processor.py:161} INFO - Started process (PID=3867) to work on /opt/airflow/dags/minio-to-kafka.py
[2026-08-31T07:29:44.671+0000] {processor.py:830} INFO - Processing file /opt/airflow/dags/minio-to-kafka.py for tasks to queue
[2026-08-31T07:29:44.675+0000] {logging_mixin.py:188} INFO - [2026-08-31T07:29:44.675+0000] {dagbag.py:545} INFO - Filling up the DagBag from /opt/airflow/dags/minio-to-kafka.py
[2026-08-31T07:29:45.758+0000] {processor.py:840} INFO - DAG(s) 'spotify_minio_to_snowflake_bronze' retrieved from /opt/airflow/dags/minio-to-kafka.py
[2026-08-31T07:29:45.804+0000] {logging_mixin.py:188} INFO - [2026-08-31T07:29:45.803+0000] {dag.py:3089} INFO - Sync 1 DAGs
[2026-08-31T07:29:45.838+0000] {logging_mixin.py:188} INFO - [2026-08-31T07:29:45.838+0000] {dag.py:3947} INFO - Setting next_dagrun for spotify_minio_to_snowflake_bronze to 2026-08-31 07:00:00+00:00, run_after=2026-08-31 08:00:00+00:00
[2026-08-31T07:29:45.890+0000] {processor.py:183} INFO - Processing /opt/airflow/dags/minio-to-kafka.py took 1.233 seconds
[2026-08-31T07:30:16.072+0000] {processor.py:161} INFO - Started process (PID=3870) to work on /opt/airflow/dags/minio-to-kafka.py
[2026-08-31T07:30:16.074+0000] {processor.py:830} INFO - Processing file /opt/airflow/dags/minio-to-kafka.py for tasks to queue
[2026-08-31T07:30:16.080+0000] {logging_mixin.py:188} INFO - [2026-08-31T07:30:16.079+0000] {dagbag.py:545} INFO - Filling up the DagBag from /opt/airflow/dags/minio-to-kafka.py
[2026-08-31T07:30:17.135+0000] {processor.py:840} INFO - DAG(s) 'spotify_minio_to_snowflake_bronze' retrieved from /opt/airflow/dags/minio-to-kafka.py
[2026-08-31T07:30:17.175+0000] {logging_mixin.py:188} INFO - [2026-08-31T07:30:17.175+0000] {dag.py:3089} INFO - Sync 1 DAGs
[2026-08-31T07:30:17.207+0000] {logging_mixin.py:188} INFO - [2026-08-31T07:30:17.207+0000] {dag.py:3947} INFO - Setting next_dagrun for spotify_minio_to_snowflake_bronze to 2026-08-31 07:00:00+00:00, run_after=2026-08-31 08:00:00+00:00
[2026-08-31T07:30:17.252+0000] {processor.py:183} INFO - Processing /opt/airflow/dags/minio-to-kafka.py took 1.195 seconds
[2026-08-31T07:30:47.551+0000] {processor.py:161} INFO - Started process (PID=3873) to work on /opt/airflow/dags/minio-to-kafka.py
[2026-08-31T07:30:47.553+0000] {processor.py:830} INFO - Processing file /opt/airflow/dags/minio-to-kafka.py for tasks to queue
[2026-08-31T07:30:47.557+0000] {logging_mixin.py:188} INFO - [2026-08-31T07:30:47.556+0000] {dagbag.py:545} INFO - Filling up the DagBag from /opt/airflow/dags/minio-to-kafka.py
[2026-08-31T07:30:48.578+0000] {processor.py:840} INFO - DAG(s) 'spotify_minio_to_snowflake_bronze' retrieved from /opt/airflow/dags/minio-to-kafka.py
[2026-08-31T07:30:48.616+0000] {logging_mixin.py:188} INFO - [2026-08-31T07:30:48.615+0000] {dag.py:3089} INFO - Sync 1 DAGs
[2026-08-31T07:30:48.645+0000] {logging_mixin.py:188} INFO - [2026-08-31T07:30:48.644+0000] {dag.py:3947} INFO - Setting next_dagrun for spotify_minio_to_snowflake_bronze to 2026-08-31 07:00:00+00:00, run_after=2026-08-31 08:00:00+00:00
[2026-08-31T07:30:48.667+0000] {processor.py:183} INFO - Processing /opt/airflow/dags/minio-to-kafka.py took 1.123 seconds
[2026-08-31T07:31:18.857+0000] {processor.py:161} INFO - Started process (PID=3876) to work on /opt/airflow/dags/minio-to-kafka.py
[2026-08-31T07:31:18.860+0000] {processor.py:830} INFO - Processing file /opt/airflow/dags/minio-to-kafka.py for tasks to queue
[2026-08-31T07:31:18.865+0000] {logging_mixin.py:188} INFO - [2026-08-31T07:31:18.864+0000] {dagbag.py:545} INFO - Filling up the DagBag from /opt/airflow/dags/minio-to-kafka.py
[2026-08-31T07:31:19.993+0000] {processor.py:840} INFO - DAG(s) 'spotify_minio_to_snowflake_bronze' retrieved from /opt/airflow/dags/minio-to-kafka.py
[2026-08-31T07:31:20.060+0000] {logging_mixin.py:188} INFO - [2026-08-31T07:31:20.056+0000] {dag.py:3089} INFO - Sync 1 DAGs
[2026-08-31T07:31:20.106+0000] {logging_mixin.py:188} INFO - [2026-08-31T07:31:20.105+0000] {dag.py:3947} INFO - Setting next_dagrun for spotify_minio_to_snowflake_bronze to 2026-08-31 07:00:00+00:00, run_after=2026-08-31 08:00:00+00:00
[2026-08-31T07:31:20.138+0000] {processor.py:183} INFO - Processing /opt/airflow/dags/minio-to-kafka.py took 1.292 seconds
[2026-08-31T07:31:50.410+0000] {processor.py:161} INFO - Started process (PID=3879) to work on /opt/airflow/dags/minio-to-kafka.py
[2026-08-31T07:31:50.414+0000] {processor.py:830} INFO - Processing file /opt/airflow/dags/minio-to-kafka.py for tasks to queue
[2026-08-31T07:31:50.422+0000] {logging_mixin.py:188} INFO - [2026-08-31T07:31:50.421+0000] {dagbag.py:545} INFO - Filling up the DagBag from /opt/airflow/dags/minio-to-kafka.py
[2026-08-31T07:31:52.145+0000] {processor.py:840} INFO - DAG(s) 'spotify_minio_to_snowflake_bronze' retrieved from /opt/airflow/dags/minio-to-kafka.py
[2026-08-31T07:31:52.203+0000] {logging_mixin.py:188} INFO - [2026-08-31T07:31:52.202+0000] {dag.py:3089} INFO - Sync 1 DAGs
[2026-08-31T07:31:52.250+0000] {logging_mixin.py:188} INFO - [2026-08-31T07:31:52.250+0000] {dag.py:3947} INFO - Setting next_dagrun for spotify_minio_to_snowflake_bronze to 2026-08-31 07:00:00+00:00, run_after=2026-08-31 08:00:00+00:00
[2026-08-31T07:31:52.289+0000] {processor.py:183} INFO - Processing /opt/airflow/dags/minio-to-kafka.py took 1.901 seconds
[2026-08-31T07:32:22.678+0000] {processor.py:161} INFO - Started process (PID=3882) to work on /opt/airflow/dags/minio-to-kafka.py
[2026-08-31T07:32:22.680+0000] {processor.py:830} INFO - Processing file /opt/airflow/dags/minio-to-kafka.py for tasks to queue
[2026-08-31T07:32:22.683+0000] {logging_mixin.py:188} INFO - [2026-08-31T07:32:22.682+0000] {dagbag.py:545} INFO - Filling up the DagBag from /opt/airflow/dags/minio-to-kafka.py
[2026-08-31T07:32:23.686+0000] {processor.py:840} INFO - DAG(s) 'spotify_minio_to_snowflake_bronze' retrieved from /opt/airflow/dags/minio-to-kafka.py
[2026-08-31T07:32:23.727+0000] {logging_mixin.py:188} INFO - [2026-08-31T07:32:23.727+0000] {dag.py:3089} INFO - Sync 1 DAGs
[2026-08-31T07:32:23.753+0000] {logging_mixin.py:188} INFO - [2026-08-31T07:32:23.753+0000] {dag.py:3947} INFO - Setting next_dagrun for spotify_minio_to_snowflake_bronze to 2026-08-31 07:00:00+00:00, run_after=2026-08-31 08:00:00+00:00
[2026-08-31T07:32:23.782+0000] {processor.py:183} INFO - Processing /opt/airflow/dags/minio-to-kafka.py took 1.114 seconds
[2026-08-31T07:32:54.012+0000] {processor.py:161} INFO - Started process (PID=3885) to work on /opt/airflow/dags/minio-to-kafka.py
[2026-08-31T07:32:54.014+0000] {processor.py:830} INFO - Processing file /opt/airflow/dags/minio-to-kafka.py for tasks to queue
[2026-08-31T07:32:54.018+0000] {logging_mixin.py:188} INFO - [2026-08-31T07:32:54.017+0000] {dagbag.py:545} INFO - Filling up the DagBag from /opt/airflow/dags/minio-to-kafka.py
[2026-08-31T07:32:55.099+0000] {processor.py:840} INFO - DAG(s) 'spotify_minio_to_snowflake_bronze' retrieved from /opt/airflow/dags/minio-to-kafka.py
[2026-08-31T07:32:55.155+0000] {logging_mixin.py:188} INFO - [2026-08-31T07:32:55.154+0000] {dag.py:3089} INFO - Sync 1 DAGs
[2026-08-31T07:32:55.187+0000] {logging_mixin.py:188} INFO - [2026-08-31T07:32:55.186+0000] {dag.py:3947} INFO - Setting next_dagrun for spotify_minio_to_snowflake_bronze to 2026-08-31 07:00:00+00:00, run_after=2026-08-31 08:00:00+00:00
[2026-08-31T07:32:55.222+0000] {processor.py:183} INFO - Processing /opt/airflow/dags/minio-to-kafka.py took 1.218 seconds
[2026-08-31T07:33:25.490+0000] {processor.py:161} INFO - Started process (PID=3888) to work on /opt/airflow/dags/minio-to-kafka.py
[2026-08-31T07:33:25.492+0000] {processor.py:830} INFO - Processing file /opt/airflow/dags/minio-to-kafka.py for tasks to queue
[2026-08-31T07:33:25.495+0000] {logging_mixin.py:188} INFO - [2026-08-31T07:33:25.495+0000] {dagbag.py:545} INFO - Filling up the DagBag from /opt/airflow/dags/minio-to-kafka.py
[2026-08-31T07:33:26.677+0000] {processor.py:840} INFO - DAG(s) 'spotify_minio_to_snowflake_bronze' retrieved from /opt/airflow/dags/minio-to-kafka.py
[2026-08-31T07:33:26.729+0000] {logging_mixin.py:188} INFO - [2026-08-31T07:33:26.728+0000] {dag.py:3089} INFO - Sync 1 DAGs
[2026-08-31T07:33:26.764+0000] {logging_mixin.py:188} INFO - [2026-08-31T07:33:26.763+0000] {dag.py:3947} INFO - Setting next_dagrun for spotify_minio_to_snowflake_bronze to 2026-08-31 07:00:00+00:00, run_after=2026-08-31 08:00:00+00:00
[2026-08-31T07:33:26.793+0000] {processor.py:183} INFO - Processing /opt/airflow/dags/minio-to-kafka.py took 1.312 seconds
[2026-08-31T07:33:57.145+0000] {processor.py:161} INFO - Started process (PID=3891) to work on /opt/airflow/dags/minio-to-kafka.py
[2026-08-31T07:33:57.148+0000] {processor.py:830} INFO - Processing file /opt/airflow/dags/minio-to-kafka.py for tasks to queue
[2026-08-31T07:33:57.153+0000] {logging_mixin.py:188} INFO - [2026-08-31T07:33:57.152+0000] {dagbag.py:545} INFO - Filling up the DagBag from /opt/airflow/dags/minio-to-kafka.py
[2026-08-31T07:33:58.595+0000] {processor.py:840} INFO - DAG(s) 'spotify_minio_to_snowflake_bronze' retrieved from /opt/airflow/dags/minio-to-kafka.py
[2026-08-31T07:33:58.632+0000] {logging_mixin.py:188} INFO - [2026-08-31T07:33:58.632+0000] {dag.py:3089} INFO - Sync 1 DAGs
[2026-08-31T07:33:58.660+0000] {logging_mixin.py:188} INFO - [2026-08-31T07:33:58.660+0000] {dag.py:3947} INFO - Setting next_dagrun for spotify_minio_to_snowflake_bronze to 2026-08-31 07:00:00+00:00, run_after=2026-08-31 08:00:00+00:00
[2026-08-31T07:33:58.691+0000] {processor.py:183} INFO - Processing /opt/airflow/dags/minio-to-kafka.py took 1.561 seconds
[2026-08-31T07:34:29.020+0000] {processor.py:161} INFO - Started process (PID=3894) to work on /opt/airflow/dags/minio-to-kafka.py
[2026-08-31T07:34:29.022+0000] {processor.py:830} INFO - Processing file /opt/airflow/dags/minio-to-kafka.py for tasks to queue
[2026-08-31T07:34:29.025+0000] {logging_mixin.py:188} INFO - [2026-08-31T07:34:29.025+0000] {dagbag.py:545} INFO - Filling up the DagBag from /opt/airflow/dags/minio-to-kafka.py
[2026-08-31T07:34:30.178+0000] {processor.py:840} INFO - DAG(s) 'spotify_minio_to_snowflake_bronze' retrieved from /opt/airflow/dags/minio-to-kafka.py
[2026-08-31T07:34:30.211+0000] {logging_mixin.py:188} INFO - [2026-08-31T07:34:30.210+0000] {dag.py:3089} INFO - Sync 1 DAGs
[2026-08-31T07:34:30.242+0000] {logging_mixin.py:188} INFO - [2026-08-31T07:34:30.242+0000] {dag.py:3947} INFO - Setting next_dagrun for spotify_minio_to_snowflake_bronze to 2026-08-31 07:00:00+00:00, run_after=2026-08-31 08:00:00+00:00
[2026-08-31T07:34:30.268+0000] {processor.py:183} INFO - Processing /opt/airflow/dags/minio-to-kafka.py took 1.257 seconds
[2026-08-31T07:35:00.595+0000] {processor.py:161} INFO - Started process (PID=3897) to work on /opt/airflow/dags/minio-to-kafka.py
[2026-08-31T07:35:00.597+0000] {processor.py:830} INFO - Processing file /opt/airflow/dags/minio-to-kafka.py for tasks to queue
[2026-08-31T07:35:00.600+0000] {logging_mixin.py:188} INFO - [2026-08-31T07:35:00.600+0000] {dagbag.py:545} INFO - Filling up the DagBag from /opt/airflow/dags/minio-to-kafka.py
[2026-08-31T07:35:01.583+0000] {processor.py:840} INFO - DAG(s) 'spotify_minio_to_snowflake_bronze' retrieved from /opt/airflow/dags/minio-to-kafka.py
[2026-08-31T07:35:01.620+0000] {logging_mixin.py:188} INFO - [2026-08-31T07:35:01.620+0000] {dag.py:3089} INFO - Sync 1 DAGs
[2026-08-31T07:35:01.650+0000] {logging_mixin.py:188} INFO - [2026-08-31T07:35:01.650+0000] {dag.py:3947} INFO - Setting next_dagrun for spotify_minio_to_snowflake_bronze to 2026-08-31 07:00:00+00:00, run_after=2026-08-31 08:00:00+00:00
[2026-08-31T07:35:01.677+0000] {processor.py:183} INFO - Processing /opt/airflow/dags/minio-to-kafka.py took 1.090 seconds
[2026-08-31T07:35:31.981+0000] {processor.py:161} INFO - Started process (PID=3900) to work on /opt/airflow/dags/minio-to-kafka.py
[2026-08-31T07:35:31.983+0000] {processor.py:830} INFO - Processing file /opt/airflow/dags/minio-to-kafka.py for tasks to queue
[2026-08-31T07:35:31.987+0000] {logging_mixin.py:188} INFO - [2026-08-31T07:35:31.986+0000] {dagbag.py:545} INFO - Filling up the DagBag from /opt/airflow/dags/minio-to-kafka.py
[2026-08-31T07:35:33.028+0000] {processor.py:840} INFO - DAG(s) 'spotify_minio_to_snowflake_bronze' retrieved from /opt/airflow/dags/minio-to-kafka.py
[2026-08-31T07:35:33.065+0000] {logging_mixin.py:188} INFO - [2026-08-31T07:35:33.064+0000] {dag.py:3089} INFO - Sync 1 DAGs
[2026-08-31T07:35:33.094+0000] {logging_mixin.py:188} INFO - [2026-08-31T07:35:33.094+0000] {dag.py:3947} INFO - Setting next_dagrun for spotify_minio_to_snowflake_bronze to 2026-08-31 07:00:00+00:00, run_after=2026-08-31 08:00:00+00:00
[2026-08-31T07:35:33.121+0000] {processor.py:183} INFO - Processing /opt/airflow/dags/minio-to-kafka.py took 1.151 seconds
[2026-08-31T07:36:03.451+0000] {processor.py:161} INFO - Started process (PID=3903) to work on /opt/airflow/dags/minio-to-kafka.py
[2026-08-31T07:36:03.454+0000] {processor.py:830} INFO - Processing file /opt/airflow/dags/minio-to-kafka.py for tasks to queue
[2026-08-31T07:36:03.460+0000] {logging_mixin.py:188} INFO - [2026-08-31T07:36:03.458+0000] {dagbag.py:545} INFO - Filling up the DagBag from /opt/airflow/dags/minio-to-kafka.py
[2026-08-31T07:36:04.560+0000] {processor.py:840} INFO - DAG(s) 'spotify_minio_to_snowflake_bronze' retrieved from /opt/airflow/dags/minio-to-kafka.py
[2026-08-31T07:36:04.603+0000] {logging_mixin.py:188} INFO - [2026-08-31T07:36:04.603+0000] {dag.py:3089} INFO - Sync 1 DAGs
[2026-08-31T07:36:04.631+0000] {logging_mixin.py:188} INFO - [2026-08-31T07:36:04.630+0000] {dag.py:3947} INFO - Setting next_dagrun for spotify_minio_to_snowflake_bronze to 2026-08-31 07:00:00+00:00, run_after=2026-08-31 08:00:00+00:00
[2026-08-31T07:36:04.661+0000] {processor.py:183} INFO - Processing /opt/airflow/dags/minio-to-kafka.py took 1.225 seconds
[2026-08-31T07:36:34.756+0000] {processor.py:161} INFO - Started process (PID=3906) to work on /opt/airflow/dags/minio-to-kafka.py
[2026-08-31T07:36:34.759+0000] {processor.py:830} INFO - Processing file /opt/airflow/dags/minio-to-kafka.py for tasks to queue
[2026-08-31T07:36:34.763+0000] {logging_mixin.py:188} INFO - [2026-08-31T07:36:34.762+0000] {dagbag.py:545} INFO - Filling up the DagBag from /opt/airflow/dags/minio-to-kafka.py
[2026-08-31T07:36:35.752+0000] {processor.py:840} INFO - DAG(s) 'spotify_minio_to_snowflake_bronze' retrieved from /opt/airflow/dags/minio-to-kafka.py
[2026-08-31T07:36:35.797+0000] {logging_mixin.py:188} INFO - [2026-08-31T07:36:35.796+0000] {dag.py:3089} INFO - Sync 1 DAGs
[2026-08-31T07:36:35.827+0000] {logging_mixin.py:188} INFO - [2026-08-31T07:36:35.827+0000] {dag.py:3947} INFO - Setting next_dagrun for spotify_minio_to_snowflake_bronze to 2026-08-31 07:00:00+00:00, run_after=2026-08-31 08:00:00+00:00
[2026-08-31T07:36:35.854+0000] {processor.py:183} INFO - Processing /opt/airflow/dags/minio-to-kafka.py took 1.108 seconds
[2026-08-31T07:37:06.074+0000] {processor.py:161} INFO - Started process (PID=3909) to work on /opt/airflow/dags/minio-to-kafka.py
[2026-08-31T07:37:06.076+0000] {processor.py:830} INFO - Processing file /opt/airflow/dags/minio-to-kafka.py for tasks to queue
[2026-08-31T07:37:06.080+0000] {logging_mixin.py:188} INFO - [2026-08-31T07:37:06.080+0000] {dagbag.py:545} INFO - Filling up the DagBag from /opt/airflow/dags/minio-to-kafka.py
[2026-08-31T07:37:07.428+0000] {processor.py:840} INFO - DAG(s) 'spotify_minio_to_snowflake_bronze' retrieved from /opt/airflow/dags/minio-to-kafka.py
[2026-08-31T07:37:07.512+0000] {logging_mixin.py:188} INFO - [2026-08-31T07:37:07.511+0000] {dag.py:3089} INFO - Sync 1 DAGs
[2026-08-31T07:37:07.569+0000] {logging_mixin.py:188} INFO - [2026-08-31T07:37:07.568+0000] {dag.py:3947} INFO - Setting next_dagrun for spotify_minio_to_snowflake_bronze to 2026-08-31 07:00:00+00:00, run_after=2026-08-31 08:00:00+00:00
[2026-08-31T07:37:07.631+0000] {processor.py:183} INFO - Processing /opt/airflow/dags/minio-to-kafka.py took 1.568 seconds
[2026-08-31T07:37:38.124+0000] {processor.py:161} INFO - Started process (PID=3912) to work on /opt/airflow/dags/minio-to-kafka.py
[2026-08-31T07:37:38.132+0000] {processor.py:830} INFO - Processing file /opt/airflow/dags/minio-to-kafka.py for tasks to queue
[2026-08-31T07:37:38.148+0000] {logging_mixin.py:188} INFO - [2026-08-31T07:37:38.147+0000] {dagbag.py:545} INFO - Filling up the DagBag from /opt/airflow/dags/minio-to-kafka.py
[2026-08-31T07:37:39.365+0000] {processor.py:840} INFO - DAG(s) 'spotify_minio_to_snowflake_bronze' retrieved from /opt/airflow/dags/minio-to-kafka.py
[2026-08-31T07:37:39.406+0000] {logging_mixin.py:188} INFO - [2026-08-31T07:37:39.406+0000] {dag.py:3089} INFO - Sync 1 DAGs
[2026-08-31T07:37:39.438+0000] {logging_mixin.py:188} INFO - [2026-08-31T07:37:39.437+0000] {dag.py:3947} INFO - Setting next_dagrun for spotify_minio_to_snowflake_bronze to 2026-08-31 07:00:00+00:00, run_after=2026-08-31 08:00:00+00:00
[2026-08-31T07:37:39.465+0000] {processor.py:183} INFO - Processing /opt/airflow/dags/minio-to-kafka.py took 1.399 seconds
[2026-08-31T07:38:09.787+0000] {processor.py:161} INFO - Started process (PID=3915) to work on /opt/airflow/dags/minio-to-kafka.py
[2026-08-31T07:38:09.791+0000] {processor.py:830} INFO - Processing file /opt/airflow/dags/minio-to-kafka.py for tasks to queue
[2026-08-31T07:38:09.796+0000] {logging_mixin.py:188} INFO - [2026-08-31T07:38:09.795+0000] {dagbag.py:545} INFO - Filling up the DagBag from /opt/airflow/dags/minio-to-kafka.py
[2026-08-31T07:38:11.053+0000] {processor.py:840} INFO - DAG(s) 'spotify_minio_to_snowflake_bronze' retrieved from /opt/airflow/dags/minio-to-kafka.py
[2026-08-31T07:38:11.091+0000] {logging_mixin.py:188} INFO - [2026-08-31T07:38:11.091+0000] {dag.py:3089} INFO - Sync 1 DAGs
[2026-08-31T07:38:11.118+0000] {logging_mixin.py:188} INFO - [2026-08-31T07:38:11.118+0000] {dag.py:3947} INFO - Setting next_dagrun for spotify_minio_to_snowflake_bronze to 2026-08-31 07:00:00+00:00, run_after=2026-08-31 08:00:00+00:00
[2026-08-31T07:38:11.147+0000] {processor.py:183} INFO - Processing /opt/airflow/dags/minio-to-kafka.py took 1.372 seconds
[2026-08-31T07:38:41.489+0000] {processor.py:161} INFO - Started process (PID=3918) to work on /opt/airflow/dags/minio-to-kafka.py
[2026-08-31T07:38:41.491+0000] {processor.py:830} INFO - Processing file /opt/airflow/dags/minio-to-kafka.py for tasks to queue
[2026-08-31T07:38:41.494+0000] {logging_mixin.py:188} INFO - [2026-08-31T07:38:41.493+0000] {dagbag.py:545} INFO - Filling up the DagBag from /opt/airflow/dags/minio-to-kafka.py
[2026-08-31T07:38:42.496+0000] {processor.py:840} INFO - DAG(s) 'spotify_minio_to_snowflake_bronze' retrieved from /opt/airflow/dags/minio-to-kafka.py
[2026-08-31T07:38:42.530+0000] {logging_mixin.py:188} INFO - [2026-08-31T07:38:42.529+0000] {dag.py:3089} INFO - Sync 1 DAGs
[2026-08-31T07:38:42.561+0000] {logging_mixin.py:188} INFO - [2026-08-31T07:38:42.561+0000] {dag.py:3947} INFO - Setting next_dagrun for spotify_minio_to_snowflake_bronze to 2026-08-31 07:00:00+00:00, run_after=2026-08-31 08:00:00+00:00
[2026-08-31T07:38:42.591+0000] {processor.py:183} INFO - Processing /opt/airflow/dags/minio-to-kafka.py took 1.110 seconds
[2026-08-31T07:39:12.818+0000] {processor.py:161} INFO - Started process (PID=3921) to work on /opt/airflow/dags/minio-to-kafka.py
[2026-08-31T07:39:12.820+0000] {processor.py:830} INFO - Processing file /opt/airflow/dags/minio-to-kafka.py for tasks to queue
[2026-08-31T07:39:12.824+0000] {logging_mixin.py:188} INFO - [2026-08-31T07:39:12.824+0000] {dagbag.py:545} INFO - Filling up the DagBag from /opt/airflow/dags/minio-to-kafka.py
[2026-08-31T07:39:13.994+0000] {processor.py:840} INFO - DAG(s) 'spotify_minio_to_snowflake_bronze' retrieved from /opt/airflow/dags/minio-to-kafka.py
[2026-08-31T07:39:14.031+0000] {logging_mixin.py:188} INFO - [2026-08-31T07:39:14.030+0000] {dag.py:3089} INFO - Sync 1 DAGs
[2026-08-31T07:39:14.059+0000] {logging_mixin.py:188} INFO - [2026-08-31T07:39:14.058+0000] {dag.py:3947} INFO - Setting next_dagrun for spotify_minio_to_snowflake_bronze to 2026-08-31 07:00:00+00:00, run_after=2026-08-31 08:00:00+00:00
[2026-08-31T07:39:14.084+0000] {processor.py:183} INFO - Processing /opt/airflow/dags/minio-to-kafka.py took 1.276 seconds
[2026-08-31T07:39:44.270+0000] {processor.py:161} INFO - Started process (PID=3924) to work on /opt/airflow/dags/minio-to-kafka.py
[2026-08-31T07:39:44.271+0000] {processor.py:830} INFO - Processing file /opt/airflow/dags/minio-to-kafka.py for tasks to queue
[2026-08-31T07:39:44.275+0000] {logging_mixin.py:188} INFO - [2026-08-31T07:39:44.274+0000] {dagbag.py:545} INFO - Filling up the DagBag from /opt/airflow/dags/minio-to-kafka.py
[2026-08-31T07:39:45.418+0000] {processor.py:840} INFO - DAG(s) 'spotify_minio_to_snowflake_bronze' retrieved from /opt/airflow/dags/minio-to-kafka.py
[2026-08-31T07:39:45.460+0000] {logging_mixin.py:188} INFO - [2026-08-31T07:39:45.460+0000] {dag.py:3089} INFO - Sync 1 DAGs
[2026-08-31T07:39:45.490+0000] {logging_mixin.py:188} INFO - [2026-08-31T07:39:45.490+0000] {dag.py:3947} INFO - Setting next_dagrun for spotify_minio_to_snowflake_bronze to 2026-08-31 07:00:00+00:00, run_after=2026-08-31 08:00:00+00:00
[2026-08-31T07:39:45.518+0000] {processor.py:183} INFO - Processing /opt/airflow/dags/minio-to-kafka.py took 1.257 seconds
[2026-08-31T07:40:15.741+0000] {processor.py:161} INFO - Started process (PID=3927) to work on /opt/airflow/dags/minio-to-kafka.py
[2026-08-31T07:40:15.746+0000] {processor.py:830} INFO - Processing file /opt/airflow/dags/minio-to-kafka.py for tasks to queue
[2026-08-31T07:40:15.752+0000] {logging_mixin.py:188} INFO - [2026-08-31T07:40:15.751+0000] {dagbag.py:545} INFO - Filling up the DagBag from /opt/airflow/dags/minio-to-kafka.py
[2026-08-31T07:40:17.180+0000] {processor.py:840} INFO - DAG(s) 'spotify_minio_to_snowflake_bronze' retrieved from /opt/airflow/dags/minio-to-kafka.py
[2026-08-31T07:40:17.218+0000] {logging_mixin.py:188} INFO - [2026-08-31T07:40:17.217+0000] {dag.py:3089} INFO - Sync 1 DAGs
[2026-08-31T07:40:17.244+0000] {logging_mixin.py:188} INFO - [2026-08-31T07:40:17.244+0000] {dag.py:3947} INFO - Setting next_dagrun for spotify_minio_to_snowflake_bronze to 2026-08-31 07:00:00+00:00, run_after=2026-08-31 08:00:00+00:00
[2026-08-31T07:40:17.269+0000] {processor.py:183} INFO - Processing /opt/airflow/dags/minio-to-kafka.py took 1.539 seconds
[2026-08-31T07:40:47.627+0000] {processor.py:161} INFO - Started process (PID=3930) to work on /opt/airflow/dags/minio-to-kafka.py
[2026-08-31T07:40:47.632+0000] {processor.py:830} INFO - Processing file /opt/airflow/dags/minio-to-kafka.py for tasks to queue
[2026-08-31T07:40:47.641+0000] {logging_mixin.py:188} INFO - [2026-08-31T07:40:47.639+0000] {dagbag.py:545} INFO - Filling up the DagBag from /opt/airflow/dags/minio-to-kafka.py
[2026-08-31T07:40:48.821+0000] {processor.py:840} INFO - DAG(s) 'spotify_minio_to_snowflake_bronze' retrieved from /opt/airflow/dags/minio-to-kafka.py
[2026-08-31T07:40:48.859+0000] {logging_mixin.py:188} INFO - [2026-08-31T07:40:48.858+0000] {dag.py:3089} INFO - Sync 1 DAGs
[2026-08-31T07:40:48.888+0000] {logging_mixin.py:188} INFO - [2026-08-31T07:40:48.888+0000] {dag.py:3947} INFO - Setting next_dagrun for spotify_minio_to_snowflake_bronze to 2026-08-31 07:00:00+00:00, run_after=2026-08-31 08:00:00+00:00
[2026-08-31T07:40:48.919+0000] {processor.py:183} INFO - Processing /opt/airflow/dags/minio-to-kafka.py took 1.305 seconds
[2026-08-31T07:41:19.015+0000] {processor.py:161} INFO - Started process (PID=3933) to work on /opt/airflow/dags/minio-to-kafka.py
[2026-08-31T07:41:19.020+0000] {processor.py:830} INFO - Processing file /opt/airflow/dags/minio-to-kafka.py for tasks to queue
[2026-08-31T07:41:19.031+0000] {logging_mixin.py:188} INFO - [2026-08-31T07:41:19.030+0000] {dagbag.py:545} INFO - Filling up the DagBag from /opt/airflow/dags/minio-to-kafka.py
[2026-08-31T07:41:20.529+0000] {processor.py:840} INFO - DAG(s) 'spotify_minio_to_snowflake_bronze' retrieved from /opt/airflow/dags/minio-to-kafka.py
[2026-08-31T07:41:20.579+0000] {logging_mixin.py:188} INFO - [2026-08-31T07:41:20.578+0000] {dag.py:3089} INFO - Sync 1 DAGs
[2026-08-31T07:41:20.612+0000] {logging_mixin.py:188} INFO - [2026-08-31T07:41:20.612+0000] {dag.py:3947} INFO - Setting next_dagrun for spotify_minio_to_snowflake_bronze to 2026-08-31 07:00:00+00:00, run_after=2026-08-31 08:00:00+00:00
[2026-08-31T07:41:20.640+0000] {processor.py:183} INFO - Processing /opt/airflow/dags/minio-to-kafka.py took 1.639 seconds
[2026-08-31T07:41:51.012+0000] {processor.py:161} INFO - Started process (PID=3936) to work on /opt/airflow/dags/minio-to-kafka.py
[2026-08-31T07:41:51.015+0000] {processor.py:830} INFO - Processing file /opt/airflow/dags/minio-to-kafka.py for tasks to queue
[2026-08-31T07:41:51.019+0000] {logging_mixin.py:188} INFO - [2026-08-31T07:41:51.019+0000] {dagbag.py:545} INFO - Filling up the DagBag from /opt/airflow/dags/minio-to-kafka.py
[2026-08-31T07:41:52.175+0000] {processor.py:840} INFO - DAG(s) 'spotify_minio_to_snowflake_bronze' retrieved from /opt/airflow/dags/minio-to-kafka.py
[2026-08-31T07:41:52.211+0000] {logging_mixin.py:188} INFO - [2026-08-31T07:41:52.210+0000] {dag.py:3089} INFO - Sync 1 DAGs
[2026-08-31T07:41:52.237+0000] {logging_mixin.py:188} INFO - [2026-08-31T07:41:52.237+0000] {dag.py:3947} INFO - Setting next_dagrun for spotify_minio_to_snowflake_bronze to 2026-08-31 07:00:00+00:00, run_after=2026-08-31 08:00:00+00:00
[2026-08-31T07:41:52.266+0000] {processor.py:183} INFO - Processing /opt/airflow/dags/minio-to-kafka.py took 1.275 seconds
[2026-08-31T07:42:22.599+0000] {processor.py:161} INFO - Started process (PID=3939) to work on /opt/airflow/dags/minio-to-kafka.py
[2026-08-31T07:42:22.604+0000] {processor.py:830} INFO - Processing file /opt/airflow/dags/minio-to-kafka.py for tasks to queue
[2026-08-31T07:42:22.613+0000] {logging_mixin.py:188} INFO - [2026-08-31T07:42:22.611+0000] {dagbag.py:545} INFO - Filling up the DagBag from /opt/airflow/dags/minio-to-kafka.py
[2026-08-31T07:42:24.745+0000] {processor.py:840} INFO - DAG(s) 'spotify_minio_to_snowflake_bronze' retrieved from /opt/airflow/dags/minio-to-kafka.py
[2026-08-31T07:42:24.796+0000] {logging_mixin.py:188} INFO - [2026-08-31T07:42:24.796+0000] {dag.py:3089} INFO - Sync 1 DAGs
[2026-08-31T07:42:24.822+0000] {logging_mixin.py:188} INFO - [2026-08-31T07:42:24.822+0000] {dag.py:3947} INFO - Setting next_dagrun for spotify_minio_to_snowflake_bronze to 2026-08-31 07:00:00+00:00, run_after=2026-08-31 08:00:00+00:00
[2026-08-31T07:42:24.851+0000] {processor.py:183} INFO - Processing /opt/airflow/dags/minio-to-kafka.py took 2.270 seconds
[2026-08-31T07:42:55.361+0000] {processor.py:161} INFO - Started process (PID=3942) to work on /opt/airflow/dags/minio-to-kafka.py
[2026-08-31T07:42:55.380+0000] {processor.py:830} INFO - Processing file /opt/airflow/dags/minio-to-kafka.py for tasks to queue
[2026-08-31T07:42:55.415+0000] {logging_mixin.py:188} INFO - [2026-08-31T07:42:55.411+0000] {dagbag.py:545} INFO - Filling up the DagBag from /opt/airflow/dags/minio-to-kafka.py
[2026-08-31T07:42:57.058+0000] {processor.py:840} INFO - DAG(s) 'spotify_minio_to_snowflake_bronze' retrieved from /opt/airflow/dags/minio-to-kafka.py
[2026-08-31T07:42:57.115+0000] {logging_mixin.py:188} INFO - [2026-08-31T07:42:57.115+0000] {dag.py:3089} INFO - Sync 1 DAGs
[2026-08-31T07:42:57.157+0000] {logging_mixin.py:188} INFO - [2026-08-31T07:42:57.157+0000] {dag.py:3947} INFO - Setting next_dagrun for spotify_minio_to_snowflake_bronze to 2026-08-31 07:00:00+00:00, run_after=2026-08-31 08:00:00+00:00
[2026-08-31T07:42:57.190+0000] {processor.py:183} INFO - Processing /opt/airflow/dags/minio-to-kafka.py took 1.948 seconds
[2026-08-31T07:43:29.231+0000] {processor.py:161} INFO - Started process (PID=3945) to work on /opt/airflow/dags/minio-to-kafka.py
[2026-08-31T07:43:29.233+0000] {processor.py:830} INFO - Processing file /opt/airflow/dags/minio-to-kafka.py for tasks to queue
[2026-08-31T07:43:29.238+0000] {logging_mixin.py:188} INFO - [2026-08-31T07:43:29.237+0000] {dagbag.py:545} INFO - Filling up the DagBag from /opt/airflow/dags/minio-to-kafka.py
[2026-08-31T07:43:31.939+0000] {processor.py:840} INFO - DAG(s) 'spotify_minio_to_snowflake_bronze' retrieved from /opt/airflow/dags/minio-to-kafka.py
[2026-08-31T07:43:31.986+0000] {logging_mixin.py:188} INFO - [2026-08-31T07:43:31.985+0000] {dag.py:3089} INFO - Sync 1 DAGs
[2026-08-31T07:43:32.028+0000] {logging_mixin.py:188} INFO - [2026-08-31T07:43:32.028+0000] {dag.py:3947} INFO - Setting next_dagrun for spotify_minio_to_snowflake_bronze to 2026-08-31 07:00:00+00:00, run_after=2026-08-31 08:00:00+00:00
[2026-08-31T07:43:32.057+0000] {processor.py:183} INFO - Processing /opt/airflow/dags/minio-to-kafka.py took 2.838 seconds
[2026-08-31T07:44:02.466+0000] {processor.py:161} INFO - Started process (PID=3948) to work on /opt/airflow/dags/minio-to-kafka.py
[2026-08-31T07:44:02.472+0000] {processor.py:830} INFO - Processing file /opt/airflow/dags/minio-to-kafka.py for tasks to queue
[2026-08-31T07:44:02.487+0000] {logging_mixin.py:188} INFO - [2026-08-31T07:44:02.486+0000] {dagbag.py:545} INFO - Filling up the DagBag from /opt/airflow/dags/minio-to-kafka.py
[2026-08-31T07:44:03.736+0000] {processor.py:840} INFO - DAG(s) 'spotify_minio_to_snowflake_bronze' retrieved from /opt/airflow/dags/minio-to-kafka.py
[2026-08-31T07:44:03.784+0000] {logging_mixin.py:188} INFO - [2026-08-31T07:44:03.783+0000] {dag.py:3089} INFO - Sync 1 DAGs
[2026-08-31T07:44:03.828+0000] {logging_mixin.py:188} INFO - [2026-08-31T07:44:03.828+0000] {dag.py:3947} INFO - Setting next_dagrun for spotify_minio_to_snowflake_bronze to 2026-08-31 07:00:00+00:00, run_after=2026-08-31 08:00:00+00:00
[2026-08-31T07:44:03.860+0000] {processor.py:183} INFO - Processing /opt/airflow/dags/minio-to-kafka.py took 1.442 seconds
[2026-08-31T07:44:34.209+0000] {processor.py:161} INFO - Started process (PID=3951) to work on /opt/airflow/dags/minio-to-kafka.py
[2026-08-31T07:44:34.211+0000] {processor.py:830} INFO - Processing file /opt/airflow/dags/minio-to-kafka.py for tasks to queue
[2026-08-31T07:44:34.216+0000] {logging_mixin.py:188} INFO - [2026-08-31T07:44:34.215+0000] {dagbag.py:545} INFO - Filling up the DagBag from /opt/airflow/dags/minio-to-kafka.py
[2026-08-31T07:44:35.170+0000] {processor.py:840} INFO - DAG(s) 'spotify_minio_to_snowflake_bronze' retrieved from /opt/airflow/dags/minio-to-kafka.py
[2026-08-31T07:44:35.204+0000] {logging_mixin.py:188} INFO - [2026-08-31T07:44:35.204+0000] {dag.py:3089} INFO - Sync 1 DAGs
[2026-08-31T07:44:35.229+0000] {logging_mixin.py:188} INFO - [2026-08-31T07:44:35.229+0000] {dag.py:3947} INFO - Setting next_dagrun for spotify_minio_to_snowflake_bronze to 2026-08-31 07:00:00+00:00, run_after=2026-08-31 08:00:00+00:00
[2026-08-31T07:44:35.254+0000] {processor.py:183} INFO - Processing /opt/airflow/dags/minio-to-kafka.py took 1.057 seconds
[2026-08-31T07:45:05.573+0000] {processor.py:161} INFO - Started process (PID=3954) to work on /opt/airflow/dags/minio-to-kafka.py
[2026-08-31T07:45:05.575+0000] {processor.py:830} INFO - Processing file /opt/airflow/dags/minio-to-kafka.py for tasks to queue
[2026-08-31T07:45:05.578+0000] {logging_mixin.py:188} INFO - [2026-08-31T07:45:05.578+0000] {dagbag.py:545} INFO - Filling up the DagBag from /opt/airflow/dags/minio-to-kafka.py
[2026-08-31T07:45:07.110+0000] {processor.py:840} INFO - DAG(s) 'spotify_minio_to_snowflake_bronze' retrieved from /opt/airflow/dags/minio-to-kafka.py
[2026-08-31T07:45:07.172+0000] {logging_mixin.py:188} INFO - [2026-08-31T07:45:07.171+0000] {dag.py:3089} INFO - Sync 1 DAGs
[2026-08-31T07:45:07.211+0000] {logging_mixin.py:188} INFO - [2026-08-31T07:45:07.211+0000] {dag.py:3947} INFO - Setting next_dagrun for spotify_minio_to_snowflake_bronze to 2026-08-31 07:00:00+00:00, run_after=2026-08-31 08:00:00+00:00
[2026-08-31T07:45:07.249+0000] {processor.py:183} INFO - Processing /opt/airflow/dags/minio-to-kafka.py took 1.689 seconds
[2026-08-31T07:45:37.664+0000] {processor.py:161} INFO - Started process (PID=3957) to work on /opt/airflow/dags/minio-to-kafka.py
[2026-08-31T07:45:37.666+0000] {processor.py:830} INFO - Processing file /opt/airflow/dags/minio-to-kafka.py for tasks to queue
[2026-08-31T07:45:37.673+0000] {logging_mixin.py:188} INFO - [2026-08-31T07:45:37.672+0000] {dagbag.py:545} INFO - Filling up the DagBag from /opt/airflow/dags/minio-to-kafka.py
[2026-08-31T07:45:39.011+0000] {processor.py:840} INFO - DAG(s) 'spotify_minio_to_snowflake_bronze' retrieved from /opt/airflow/dags/minio-to-kafka.py
[2026-08-31T07:45:39.060+0000] {logging_mixin.py:188} INFO - [2026-08-31T07:45:39.060+0000] {dag.py:3089} INFO - Sync 1 DAGs
[2026-08-31T07:45:39.101+0000] {logging_mixin.py:188} INFO - [2026-08-31T07:45:39.101+0000] {dag.py:3947} INFO - Setting next_dagrun for spotify_minio_to_snowflake_bronze to 2026-08-31 07:00:00+00:00, run_after=2026-08-31 08:00:00+00:00
[2026-08-31T07:45:39.132+0000] {processor.py:183} INFO - Processing /opt/airflow/dags/minio-to-kafka.py took 1.491 seconds
[2026-08-31T07:46:09.309+0000] {processor.py:161} INFO - Started process (PID=3960) to work on /opt/airflow/dags/minio-to-kafka.py
[2026-08-31T07:46:09.311+0000] {processor.py:830} INFO - Processing file /opt/airflow/dags/minio-to-kafka.py for tasks to queue
[2026-08-31T07:46:09.314+0000] {logging_mixin.py:188} INFO - [2026-08-31T07:46:09.314+0000] {dagbag.py:545} INFO - Filling up the DagBag from /opt/airflow/dags/minio-to-kafka.py
[2026-08-31T07:46:10.495+0000] {processor.py:840} INFO - DAG(s) 'spotify_minio_to_snowflake_bronze' retrieved from /opt/airflow/dags/minio-to-kafka.py
[2026-08-31T07:46:10.537+0000] {logging_mixin.py:188} INFO - [2026-08-31T07:46:10.537+0000] {dag.py:3089} INFO - Sync 1 DAGs
[2026-08-31T07:46:10.567+0000] {logging_mixin.py:188} INFO - [2026-08-31T07:46:10.566+0000] {dag.py:3947} INFO - Setting next_dagrun for spotify_minio_to_snowflake_bronze to 2026-08-31 07:00:00+00:00, run_after=2026-08-31 08:00:00+00:00
[2026-08-31T07:46:10.591+0000] {processor.py:183} INFO - Processing /opt/airflow/dags/minio-to-kafka.py took 1.291 seconds
[2026-08-31T07:46:40.782+0000] {processor.py:161} INFO - Started process (PID=3963) to work on /opt/airflow/dags/minio-to-kafka.py
[2026-08-31T07:46:40.784+0000] {processor.py:830} INFO - Processing file /opt/airflow/dags/minio-to-kafka.py for tasks to queue
[2026-08-31T07:46:40.787+0000] {logging_mixin.py:188} INFO - [2026-08-31T07:46:40.787+0000] {dagbag.py:545} INFO - Filling up the DagBag from /opt/airflow/dags/minio-to-kafka.py
[2026-08-31T07:46:41.818+0000] {processor.py:840} INFO - DAG(s) 'spotify_minio_to_snowflake_bronze' retrieved from /opt/airflow/dags/minio-to-kafka.py
[2026-08-31T07:46:41.852+0000] {logging_mixin.py:188} INFO - [2026-08-31T07:46:41.851+0000] {dag.py:3089} INFO - Sync 1 DAGs
[2026-08-31T07:46:41.879+0000] {logging_mixin.py:188} INFO - [2026-08-31T07:46:41.879+0000] {dag.py:3947} INFO - Setting next_dagrun for spotify_minio_to_snowflake_bronze to 2026-08-31 07:00:00+00:00, run_after=2026-08-31 08:00:00+00:00
[2026-08-31T07:46:41.905+0000] {processor.py:183} INFO - Processing /opt/airflow/dags/minio-to-kafka.py took 1.133 seconds
[2026-08-31T07:47:12.197+0000] {processor.py:161} INFO - Started process (PID=3966) to work on /opt/airflow/dags/minio-to-kafka.py
[2026-08-31T07:47:12.199+0000] {processor.py:830} INFO - Processing file /opt/airflow/dags/minio-to-kafka.py for tasks to queue
[2026-08-31T07:47:12.202+0000] {logging_mixin.py:188} INFO - [2026-08-31T07:47:12.201+0000] {dagbag.py:545} INFO - Filling up the DagBag from /opt/airflow/dags/minio-to-kafka.py
[2026-08-31T07:47:13.207+0000] {processor.py:840} INFO - DAG(s) 'spotify_minio_to_snowflake_bronze' retrieved from /opt/airflow/dags/minio-to-kafka.py
[2026-08-31T07:47:13.238+0000] {logging_mixin.py:188} INFO - [2026-08-31T07:47:13.238+0000] {dag.py:3089} INFO - Sync 1 DAGs
[2026-08-31T07:47:13.266+0000] {logging_mixin.py:188} INFO - [2026-08-31T07:47:13.266+0000] {dag.py:3947} INFO - Setting next_dagrun for spotify_minio_to_snowflake_bronze to 2026-08-31 07:00:00+00:00, run_after=2026-08-31 08:00:00+00:00
[2026-08-31T07:47:13.293+0000] {processor.py:183} INFO - Processing /opt/airflow/dags/minio-to-kafka.py took 1.104 seconds
[2026-08-31T07:47:43.623+0000] {processor.py:161} INFO - Started process (PID=3969) to work on /opt/airflow/dags/minio-to-kafka.py
[2026-08-31T07:47:43.631+0000] {processor.py:830} INFO - Processing file /opt/airflow/dags/minio-to-kafka.py for tasks to queue
[2026-08-31T07:47:43.649+0000] {logging_mixin.py:188} INFO - [2026-08-31T07:47:43.646+0000] {dagbag.py:545} INFO - Filling up the DagBag from /opt/airflow/dags/minio-to-kafka.py
[2026-08-31T07:47:44.956+0000] {processor.py:840} INFO - DAG(s) 'spotify_minio_to_snowflake_bronze' retrieved from /opt/airflow/dags/minio-to-kafka.py
[2026-08-31T07:47:44.993+0000] {logging_mixin.py:188} INFO - [2026-08-31T07:47:44.993+0000] {dag.py:3089} INFO - Sync 1 DAGs
[2026-08-31T07:47:45.029+0000] {logging_mixin.py:188} INFO - [2026-08-31T07:47:45.029+0000] {dag.py:3947} INFO - Setting next_dagrun for spotify_minio_to_snowflake_bronze to 2026-08-31 07:00:00+00:00, run_after=2026-08-31 08:00:00+00:00
[2026-08-31T07:47:45.056+0000] {processor.py:183} INFO - Processing /opt/airflow/dags/minio-to-kafka.py took 1.492 seconds
[2026-08-31T07:48:15.451+0000] {processor.py:161} INFO - Started process (PID=3972) to work on /opt/airflow/dags/minio-to-kafka.py
[2026-08-31T07:48:15.454+0000] {processor.py:830} INFO - Processing file /opt/airflow/dags/minio-to-kafka.py for tasks to queue
[2026-08-31T07:48:15.466+0000] {logging_mixin.py:188} INFO - [2026-08-31T07:48:15.465+0000] {dagbag.py:545} INFO - Filling up the DagBag from /opt/airflow/dags/minio-to-kafka.py
[2026-08-31T07:48:16.696+0000] {processor.py:840} INFO - DAG(s) 'spotify_minio_to_snowflake_bronze' retrieved from /opt/airflow/dags/minio-to-kafka.py
[2026-08-31T07:48:16.749+0000] {logging_mixin.py:188} INFO - [2026-08-31T07:48:16.748+0000] {dag.py:3089} INFO - Sync 1 DAGs
[2026-08-31T07:48:16.790+0000] {logging_mixin.py:188} INFO - [2026-08-31T07:48:16.790+0000] {dag.py:3947} INFO - Setting next_dagrun for spotify_minio_to_snowflake_bronze to 2026-08-31 07:00:00+00:00, run_after=2026-08-31 08:00:00+00:00
[2026-08-31T07:48:16.820+0000] {processor.py:183} INFO - Processing /opt/airflow/dags/minio-to-kafka.py took 1.390 seconds
[2026-08-31T07:48:47.220+0000] {processor.py:161} INFO - Started process (PID=3975) to work on /opt/airflow/dags/minio-to-kafka.py
[2026-08-31T07:48:47.223+0000] {processor.py:830} INFO - Processing file /opt/airflow/dags/minio-to-kafka.py for tasks to queue
[2026-08-31T07:48:47.228+0000] {logging_mixin.py:188} INFO - [2026-08-31T07:48:47.227+0000] {dagbag.py:545} INFO - Filling up the DagBag from /opt/airflow/dags/minio-to-kafka.py
[2026-08-31T07:48:48.881+0000] {processor.py:840} INFO - DAG(s) 'spotify_minio_to_snowflake_bronze' retrieved from /opt/airflow/dags/minio-to-kafka.py
[2026-08-31T07:48:48.930+0000] {logging_mixin.py:188} INFO - [2026-08-31T07:48:48.930+0000] {dag.py:3089} INFO - Sync 1 DAGs
[2026-08-31T07:48:48.967+0000] {logging_mixin.py:188} INFO - [2026-08-31T07:48:48.966+0000] {dag.py:3947} INFO - Setting next_dagrun for spotify_minio_to_snowflake_bronze to 2026-08-31 07:00:00+00:00, run_after=2026-08-31 08:00:00+00:00
[2026-08-31T07:48:49.012+0000] {processor.py:183} INFO - Processing /opt/airflow/dags/minio-to-kafka.py took 1.802 seconds
[2026-08-31T07:49:19.359+0000] {processor.py:161} INFO - Started process (PID=3978) to work on /opt/airflow/dags/minio-to-kafka.py
[2026-08-31T07:49:19.361+0000] {processor.py:830} INFO - Processing file /opt/airflow/dags/minio-to-kafka.py for tasks to queue
[2026-08-31T07:49:19.364+0000] {logging_mixin.py:188} INFO - [2026-08-31T07:49:19.364+0000] {dagbag.py:545} INFO - Filling up the DagBag from /opt/airflow/dags/minio-to-kafka.py
[2026-08-31T07:49:20.422+0000] {processor.py:840} INFO - DAG(s) 'spotify_minio_to_snowflake_bronze' retrieved from /opt/airflow/dags/minio-to-kafka.py
[2026-08-31T07:49:20.461+0000] {logging_mixin.py:188} INFO - [2026-08-31T07:49:20.460+0000] {dag.py:3089} INFO - Sync 1 DAGs
[2026-08-31T07:49:20.490+0000] {logging_mixin.py:188} INFO - [2026-08-31T07:49:20.489+0000] {dag.py:3947} INFO - Setting next_dagrun for spotify_minio_to_snowflake_bronze to 2026-08-31 07:00:00+00:00, run_after=2026-08-31 08:00:00+00:00
[2026-08-31T07:49:20.516+0000] {processor.py:183} INFO - Processing /opt/airflow/dags/minio-to-kafka.py took 1.165 seconds
[2026-08-31T07:49:50.676+0000] {processor.py:161} INFO - Started process (PID=3981) to work on /opt/airflow/dags/minio-to-kafka.py
[2026-08-31T07:49:50.680+0000] {processor.py:830} INFO - Processing file /opt/airflow/dags/minio-to-kafka.py for tasks to queue
[2026-08-31T07:49:50.686+0000] {logging_mixin.py:188} INFO - [2026-08-31T07:49:50.685+0000] {dagbag.py:545} INFO - Filling up the DagBag from /opt/airflow/dags/minio-to-kafka.py
[2026-08-31T07:49:52.038+0000] {processor.py:840} INFO - DAG(s) 'spotify_minio_to_snowflake_bronze' retrieved from /opt/airflow/dags/minio-to-kafka.py
[2026-08-31T07:49:52.074+0000] {logging_mixin.py:188} INFO - [2026-08-31T07:49:52.074+0000] {dag.py:3089} INFO - Sync 1 DAGs
[2026-08-31T07:49:52.103+0000] {logging_mixin.py:188} INFO - [2026-08-31T07:49:52.102+0000] {dag.py:3947} INFO - Setting next_dagrun for spotify_minio_to_snowflake_bronze to 2026-08-31 07:00:00+00:00, run_after=2026-08-31 08:00:00+00:00
[2026-08-31T07:49:52.127+0000] {processor.py:183} INFO - Processing /opt/airflow/dags/minio-to-kafka.py took 1.466 seconds
[2026-08-31T07:50:22.479+0000] {processor.py:161} INFO - Started process (PID=3984) to work on /opt/airflow/dags/minio-to-kafka.py
[2026-08-31T07:50:22.484+0000] {processor.py:830} INFO - Processing file /opt/airflow/dags/minio-to-kafka.py for tasks to queue
[2026-08-31T07:50:22.493+0000] {logging_mixin.py:188} INFO - [2026-08-31T07:50:22.492+0000] {dagbag.py:545} INFO - Filling up the DagBag from /opt/airflow/dags/minio-to-kafka.py
[2026-08-31T07:50:23.642+0000] {processor.py:840} INFO - DAG(s) 'spotify_minio_to_snowflake_bronze' retrieved from /opt/airflow/dags/minio-to-kafka.py
[2026-08-31T07:50:23.686+0000] {logging_mixin.py:188} INFO - [2026-08-31T07:50:23.685+0000] {dag.py:3089} INFO - Sync 1 DAGs
[2026-08-31T07:50:23.718+0000] {logging_mixin.py:188} INFO - [2026-08-31T07:50:23.718+0000] {dag.py:3947} INFO - Setting next_dagrun for spotify_minio_to_snowflake_bronze to 2026-08-31 07:00:00+00:00, run_after=2026-08-31 08:00:00+00:00
[2026-08-31T07:50:23.750+0000] {processor.py:183} INFO - Processing /opt/airflow/dags/minio-to-kafka.py took 1.303 seconds
[2026-08-31T07:50:54.145+0000] {processor.py:161} INFO - Started process (PID=3987) to work on /opt/airflow/dags/minio-to-kafka.py
[2026-08-31T07:50:54.156+0000] {processor.py:830} INFO - Processing file /opt/airflow/dags/minio-to-kafka.py for tasks to queue
[2026-08-31T07:50:54.176+0000] {logging_mixin.py:188} INFO - [2026-08-31T07:50:54.173+0000] {dagbag.py:545} INFO - Filling up the DagBag from /opt/airflow/dags/minio-to-kafka.py
[2026-08-31T07:50:55.787+0000] {processor.py:840} INFO - DAG(s) 'spotify_minio_to_snowflake_bronze' retrieved from /opt/airflow/dags/minio-to-kafka.py
[2026-08-31T07:50:55.868+0000] {logging_mixin.py:188} INFO - [2026-08-31T07:50:55.867+0000] {dag.py:3089} INFO - Sync 1 DAGs
[2026-08-31T07:50:55.919+0000] {logging_mixin.py:188} INFO - [2026-08-31T07:50:55.918+0000] {dag.py:3947} INFO - Setting next_dagrun for spotify_minio_to_snowflake_bronze to 2026-08-31 07:00:00+00:00, run_after=2026-08-31 08:00:00+00:00
[2026-08-31T07:50:55.950+0000] {processor.py:183} INFO - Processing /opt/airflow/dags/minio-to-kafka.py took 1.876 seconds
[2026-08-31T07:51:26.291+0000] {processor.py:161} INFO - Started process (PID=3990) to work on /opt/airflow/dags/minio-to-kafka.py
[2026-08-31T07:51:26.304+0000] {processor.py:830} INFO - Processing file /opt/airflow/dags/minio-to-kafka.py for tasks to queue
[2026-08-31T07:51:26.315+0000] {logging_mixin.py:188} INFO - [2026-08-31T07:51:26.314+0000] {dagbag.py:545} INFO - Filling up the DagBag from /opt/airflow/dags/minio-to-kafka.py
[2026-08-31T07:51:31.243+0000] {processor.py:840} INFO - DAG(s) 'spotify_minio_to_snowflake_bronze' retrieved from /opt/airflow/dags/minio-to-kafka.py
[2026-08-31T07:51:31.395+0000] {logging_mixin.py:188} INFO - [2026-08-31T07:51:31.393+0000] {dag.py:3089} INFO - Sync 1 DAGs
[2026-08-31T07:51:31.463+0000] {logging_mixin.py:188} INFO - [2026-08-31T07:51:31.463+0000] {dag.py:3947} INFO - Setting next_dagrun for spotify_minio_to_snowflake_bronze to 2026-08-31 07:00:00+00:00, run_after=2026-08-31 08:00:00+00:00
[2026-08-31T07:51:31.500+0000] {processor.py:183} INFO - Processing /opt/airflow/dags/minio-to-kafka.py took 5.240 seconds
[2026-08-31T07:52:02.023+0000] {processor.py:161} INFO - Started process (PID=3993) to work on /opt/airflow/dags/minio-to-kafka.py
[2026-08-31T07:52:02.033+0000] {processor.py:830} INFO - Processing file /opt/airflow/dags/minio-to-kafka.py for tasks to queue
[2026-08-31T07:52:02.053+0000] {logging_mixin.py:188} INFO - [2026-08-31T07:52:02.052+0000] {dagbag.py:545} INFO - Filling up the DagBag from /opt/airflow/dags/minio-to-kafka.py
[2026-08-31T07:52:04.021+0000] {processor.py:840} INFO - DAG(s) 'spotify_minio_to_snowflake_bronze' retrieved from /opt/airflow/dags/minio-to-kafka.py
[2026-08-31T07:52:04.120+0000] {logging_mixin.py:188} INFO - [2026-08-31T07:52:04.119+0000] {dag.py:3089} INFO - Sync 1 DAGs
[2026-08-31T07:52:04.181+0000] {logging_mixin.py:188} INFO - [2026-08-31T07:52:04.181+0000] {dag.py:3947} INFO - Setting next_dagrun for spotify_minio_to_snowflake_bronze to 2026-08-31 07:00:00+00:00, run_after=2026-08-31 08:00:00+00:00
[2026-08-31T07:52:04.226+0000] {processor.py:183} INFO - Processing /opt/airflow/dags/minio-to-kafka.py took 2.272 seconds
[2026-08-31T07:52:34.597+0000] {processor.py:161} INFO - Started process (PID=3996) to work on /opt/airflow/dags/minio-to-kafka.py
[2026-08-31T07:52:34.600+0000] {processor.py:830} INFO - Processing file /opt/airflow/dags/minio-to-kafka.py for tasks to queue
[2026-08-31T07:52:34.603+0000] {logging_mixin.py:188} INFO - [2026-08-31T07:52:34.603+0000] {dagbag.py:545} INFO - Filling up the DagBag from /opt/airflow/dags/minio-to-kafka.py
[2026-08-31T07:52:35.879+0000] {processor.py:840} INFO - DAG(s) 'spotify_minio_to_snowflake_bronze' retrieved from /opt/airflow/dags/minio-to-kafka.py
[2026-08-31T07:52:35.925+0000] {logging_mixin.py:188} INFO - [2026-08-31T07:52:35.924+0000] {dag.py:3089} INFO - Sync 1 DAGs
[2026-08-31T07:52:35.969+0000] {logging_mixin.py:188} INFO - [2026-08-31T07:52:35.969+0000] {dag.py:3947} INFO - Setting next_dagrun for spotify_minio_to_snowflake_bronze to 2026-08-31 07:00:00+00:00, run_after=2026-08-31 08:00:00+00:00
[2026-08-31T07:52:36.018+0000] {processor.py:183} INFO - Processing /opt/airflow/dags/minio-to-kafka.py took 1.432 seconds
[2026-08-31T07:53:06.285+0000] {processor.py:161} INFO - Started process (PID=3999) to work on /opt/airflow/dags/minio-to-kafka.py
[2026-08-31T07:53:06.290+0000] {processor.py:830} INFO - Processing file /opt/airflow/dags/minio-to-kafka.py for tasks to queue
[2026-08-31T07:53:06.305+0000] {logging_mixin.py:188} INFO - [2026-08-31T07:53:06.303+0000] {dagbag.py:545} INFO - Filling up the DagBag from /opt/airflow/dags/minio-to-kafka.py
[2026-08-31T07:53:07.441+0000] {processor.py:840} INFO - DAG(s) 'spotify_minio_to_snowflake_bronze' retrieved from /opt/airflow/dags/minio-to-kafka.py
[2026-08-31T07:53:07.525+0000] {logging_mixin.py:188} INFO - [2026-08-31T07:53:07.524+0000] {dag.py:3089} INFO - Sync 1 DAGs
[2026-08-31T07:53:07.580+0000] {logging_mixin.py:188} INFO - [2026-08-31T07:53:07.580+0000] {dag.py:3947} INFO - Setting next_dagrun for spotify_minio_to_snowflake_bronze to 2026-08-31 07:00:00+00:00, run_after=2026-08-31 08:00:00+00:00
[2026-08-31T07:53:07.634+0000] {processor.py:183} INFO - Processing /opt/airflow/dags/minio-to-kafka.py took 1.382 seconds
[2026-08-31T07:53:38.075+0000] {processor.py:161} INFO - Started process (PID=4002) to work on /opt/airflow/dags/minio-to-kafka.py
[2026-08-31T07:53:38.083+0000] {processor.py:830} INFO - Processing file /opt/airflow/dags/minio-to-kafka.py for tasks to queue
[2026-08-31T07:53:38.099+0000] {logging_mixin.py:188} INFO - [2026-08-31T07:53:38.097+0000] {dagbag.py:545} INFO - Filling up the DagBag from /opt/airflow/dags/minio-to-kafka.py
[2026-08-31T07:53:39.278+0000] {processor.py:840} INFO - DAG(s) 'spotify_minio_to_snowflake_bronze' retrieved from /opt/airflow/dags/minio-to-kafka.py
[2026-08-31T07:53:39.321+0000] {logging_mixin.py:188} INFO - [2026-08-31T07:53:39.320+0000] {dag.py:3089} INFO - Sync 1 DAGs
[2026-08-31T07:53:39.361+0000] {logging_mixin.py:188} INFO - [2026-08-31T07:53:39.361+0000] {dag.py:3947} INFO - Setting next_dagrun for spotify_minio_to_snowflake_bronze to 2026-08-31 07:00:00+00:00, run_after=2026-08-31 08:00:00+00:00
[2026-08-31T07:53:39.386+0000] {processor.py:183} INFO - Processing /opt/airflow/dags/minio-to-kafka.py took 1.363 seconds
[2026-08-31T07:54:09.767+0000] {processor.py:161} INFO - Started process (PID=4005) to work on /opt/airflow/dags/minio-to-kafka.py
[2026-08-31T07:54:09.769+0000] {processor.py:830} INFO - Processing file /opt/airflow/dags/minio-to-kafka.py for tasks to queue
[2026-08-31T07:54:09.774+0000] {logging_mixin.py:188} INFO - [2026-08-31T07:54:09.774+0000] {dagbag.py:545} INFO - Filling up the DagBag from /opt/airflow/dags/minio-to-kafka.py
[2026-08-31T07:54:10.837+0000] {processor.py:840} INFO - DAG(s) 'spotify_minio_to_snowflake_bronze' retrieved from /opt/airflow/dags/minio-to-kafka.py
[2026-08-31T07:54:10.884+0000] {logging_mixin.py:188} INFO - [2026-08-31T07:54:10.884+0000] {dag.py:3089} INFO - Sync 1 DAGs
[2026-08-31T07:54:10.927+0000] {logging_mixin.py:188} INFO - [2026-08-31T07:54:10.927+0000] {dag.py:3947} INFO - Setting next_dagrun for spotify_minio_to_snowflake_bronze to 2026-08-31 07:00:00+00:00, run_after=2026-08-31 08:00:00+00:00
[2026-08-31T07:54:10.958+0000] {processor.py:183} INFO - Processing /opt/airflow/dags/minio-to-kafka.py took 1.205 seconds
[2026-08-31T07:54:41.354+0000] {processor.py:161} INFO - Started process (PID=4008) to work on /opt/airflow/dags/minio-to-kafka.py
[2026-08-31T07:54:41.360+0000] {processor.py:830} INFO - Processing file /opt/airflow/dags/minio-to-kafka.py for tasks to queue
[2026-08-31T07:54:41.364+0000] {logging_mixin.py:188} INFO - [2026-08-31T07:54:41.363+0000] {dagbag.py:545} INFO - Filling up the DagBag from /opt/airflow/dags/minio-to-kafka.py
[2026-08-31T07:54:42.559+0000] {processor.py:840} INFO - DAG(s) 'spotify_minio_to_snowflake_bronze' retrieved from /opt/airflow/dags/minio-to-kafka.py
[2026-08-31T07:54:42.600+0000] {logging_mixin.py:188} INFO - [2026-08-31T07:54:42.600+0000] {dag.py:3089} INFO - Sync 1 DAGs
[2026-08-31T07:54:42.632+0000] {logging_mixin.py:188} INFO - [2026-08-31T07:54:42.632+0000] {dag.py:3947} INFO - Setting next_dagrun for spotify_minio_to_snowflake_bronze to 2026-08-31 07:00:00+00:00, run_after=2026-08-31 08:00:00+00:00
[2026-08-31T07:54:42.660+0000] {processor.py:183} INFO - Processing /opt/airflow/dags/minio-to-kafka.py took 1.340 seconds
[2026-08-31T07:55:12.979+0000] {processor.py:161} INFO - Started process (PID=4011) to work on /opt/airflow/dags/minio-to-kafka.py
[2026-08-31T07:55:12.981+0000] {processor.py:830} INFO - Processing file /opt/airflow/dags/minio-to-kafka.py for tasks to queue
[2026-08-31T07:55:12.985+0000] {logging_mixin.py:188} INFO - [2026-08-31T07:55:12.985+0000] {dagbag.py:545} INFO - Filling up the DagBag from /opt/airflow/dags/minio-to-kafka.py
[2026-08-31T07:55:13.914+0000] {processor.py:840} INFO - DAG(s) 'spotify_minio_to_snowflake_bronze' retrieved from /opt/airflow/dags/minio-to-kafka.py
[2026-08-31T07:55:13.949+0000] {logging_mixin.py:188} INFO - [2026-08-31T07:55:13.948+0000] {dag.py:3089} INFO - Sync 1 DAGs
[2026-08-31T07:55:13.976+0000] {logging_mixin.py:188} INFO - [2026-08-31T07:55:13.975+0000] {dag.py:3947} INFO - Setting next_dagrun for spotify_minio_to_snowflake_bronze to 2026-08-31 07:00:00+00:00, run_after=2026-08-31 08:00:00+00:00
[2026-08-31T07:55:14.001+0000] {processor.py:183} INFO - Processing /opt/airflow/dags/minio-to-kafka.py took 1.031 seconds
[2026-08-31T07:55:44.295+0000] {processor.py:161} INFO - Started process (PID=4014) to work on /opt/airflow/dags/minio-to-kafka.py
[2026-08-31T07:55:44.297+0000] {processor.py:830} INFO - Processing file /opt/airflow/dags/minio-to-kafka.py for tasks to queue
[2026-08-31T07:55:44.302+0000] {logging_mixin.py:188} INFO - [2026-08-31T07:55:44.302+0000] {dagbag.py:545} INFO - Filling up the DagBag from /opt/airflow/dags/minio-to-kafka.py
[2026-08-31T07:55:45.415+0000] {processor.py:840} INFO - DAG(s) 'spotify_minio_to_snowflake_bronze' retrieved from /opt/airflow/dags/minio-to-kafka.py
[2026-08-31T07:55:45.453+0000] {logging_mixin.py:188} INFO - [2026-08-31T07:55:45.453+0000] {dag.py:3089} INFO - Sync 1 DAGs
[2026-08-31T07:55:45.481+0000] {logging_mixin.py:188} INFO - [2026-08-31T07:55:45.481+0000] {dag.py:3947} INFO - Setting next_dagrun for spotify_minio_to_snowflake_bronze to 2026-08-31 07:00:00+00:00, run_after=2026-08-31 08:00:00+00:00
[2026-08-31T07:55:45.510+0000] {processor.py:183} INFO - Processing /opt/airflow/dags/minio-to-kafka.py took 1.223 seconds
[2026-08-31T07:56:15.715+0000] {processor.py:161} INFO - Started process (PID=4017) to work on /opt/airflow/dags/minio-to-kafka.py
[2026-08-31T07:56:15.718+0000] {processor.py:830} INFO - Processing file /opt/airflow/dags/minio-to-kafka.py for tasks to queue
[2026-08-31T07:56:15.721+0000] {logging_mixin.py:188} INFO - [2026-08-31T07:56:15.721+0000] {dagbag.py:545} INFO - Filling up the DagBag from /opt/airflow/dags/minio-to-kafka.py
[2026-08-31T07:56:16.637+0000] {processor.py:840} INFO - DAG(s) 'spotify_minio_to_snowflake_bronze' retrieved from /opt/airflow/dags/minio-to-kafka.py
[2026-08-31T07:56:16.670+0000] {logging_mixin.py:188} INFO - [2026-08-31T07:56:16.670+0000] {dag.py:3089} INFO - Sync 1 DAGs
[2026-08-31T07:56:16.697+0000] {logging_mixin.py:188} INFO - [2026-08-31T07:56:16.697+0000] {dag.py:3947} INFO - Setting next_dagrun for spotify_minio_to_snowflake_bronze to 2026-08-31 07:00:00+00:00, run_after=2026-08-31 08:00:00+00:00
[2026-08-31T07:56:16.723+0000] {processor.py:183} INFO - Processing /opt/airflow/dags/minio-to-kafka.py took 1.016 seconds
[2026-08-31T07:56:47.039+0000] {processor.py:161} INFO - Started process (PID=4020) to work on /opt/airflow/dags/minio-to-kafka.py
[2026-08-31T07:56:47.041+0000] {processor.py:830} INFO - Processing file /opt/airflow/dags/minio-to-kafka.py for tasks to queue
[2026-08-31T07:56:47.045+0000] {logging_mixin.py:188} INFO - [2026-08-31T07:56:47.045+0000] {dagbag.py:545} INFO - Filling up the DagBag from /opt/airflow/dags/minio-to-kafka.py
[2026-08-31T07:56:48.224+0000] {processor.py:840} INFO - DAG(s) 'spotify_minio_to_snowflake_bronze' retrieved from /opt/airflow/dags/minio-to-kafka.py
[2026-08-31T07:56:48.257+0000] {logging_mixin.py:188} INFO - [2026-08-31T07:56:48.256+0000] {dag.py:3089} INFO - Sync 1 DAGs
[2026-08-31T07:56:48.289+0000] {logging_mixin.py:188} INFO - [2026-08-31T07:56:48.288+0000] {dag.py:3947} INFO - Setting next_dagrun for spotify_minio_to_snowflake_bronze to 2026-08-31 07:00:00+00:00, run_after=2026-08-31 08:00:00+00:00
[2026-08-31T07:56:48.314+0000] {processor.py:183} INFO - Processing /opt/airflow/dags/minio-to-kafka.py took 1.286 seconds
[2026-08-31T07:57:18.677+0000] {processor.py:161} INFO - Started process (PID=4023) to work on /opt/airflow/dags/minio-to-kafka.py
[2026-08-31T07:57:18.679+0000] {processor.py:830} INFO - Processing file /opt/airflow/dags/minio-to-kafka.py for tasks to queue
[2026-08-31T07:57:18.683+0000] {logging_mixin.py:188} INFO - [2026-08-31T07:57:18.682+0000] {dagbag.py:545} INFO - Filling up the DagBag from /opt/airflow/dags/minio-to-kafka.py
[2026-08-31T07:57:19.636+0000] {processor.py:840} INFO - DAG(s) 'spotify_minio_to_snowflake_bronze' retrieved from /opt/airflow/dags/minio-to-kafka.py
[2026-08-31T07:57:19.669+0000] {logging_mixin.py:188} INFO - [2026-08-31T07:57:19.668+0000] {dag.py:3089} INFO - Sync 1 DAGs
[2026-08-31T07:57:19.694+0000] {logging_mixin.py:188} INFO - [2026-08-31T07:57:19.694+0000] {dag.py:3947} INFO - Setting next_dagrun for spotify_minio_to_snowflake_bronze to 2026-08-31 07:00:00+00:00, run_after=2026-08-31 08:00:00+00:00
[2026-08-31T07:57:19.718+0000] {processor.py:183} INFO - Processing /opt/airflow/dags/minio-to-kafka.py took 1.050 seconds
[2026-08-31T07:57:50.006+0000] {processor.py:161} INFO - Started process (PID=4026) to work on /opt/airflow/dags/minio-to-kafka.py
[2026-08-31T07:57:50.009+0000] {processor.py:830} INFO - Processing file /opt/airflow/dags/minio-to-kafka.py for tasks to queue
[2026-08-31T07:57:50.013+0000] {logging_mixin.py:188} INFO - [2026-08-31T07:57:50.013+0000] {dagbag.py:545} INFO - Filling up the DagBag from /opt/airflow/dags/minio-to-kafka.py
[2026-08-31T07:57:51.005+0000] {processor.py:840} INFO - DAG(s) 'spotify_minio_to_snowflake_bronze' retrieved from /opt/airflow/dags/minio-to-kafka.py
[2026-08-31T07:57:51.039+0000] {logging_mixin.py:188} INFO - [2026-08-31T07:57:51.039+0000] {dag.py:3089} INFO - Sync 1 DAGs
[2026-08-31T07:57:51.067+0000] {logging_mixin.py:188} INFO - [2026-08-31T07:57:51.067+0000] {dag.py:3947} INFO - Setting next_dagrun for spotify_minio_to_snowflake_bronze to 2026-08-31 07:00:00+00:00, run_after=2026-08-31 08:00:00+00:00
[2026-08-31T07:57:51.092+0000] {processor.py:183} INFO - Processing /opt/airflow/dags/minio-to-kafka.py took 1.094 seconds
[2026-08-31T07:58:21.320+0000] {processor.py:161} INFO - Started process (PID=4029) to work on /opt/airflow/dags/minio-to-kafka.py
[2026-08-31T07:58:21.322+0000] {processor.py:830} INFO - Processing file /opt/airflow/dags/minio-to-kafka.py for tasks to queue
[2026-08-31T07:58:21.329+0000] {logging_mixin.py:188} INFO - [2026-08-31T07:58:21.328+0000] {dagbag.py:545} INFO - Filling up the DagBag from /opt/airflow/dags/minio-to-kafka.py
[2026-08-31T07:58:23.003+0000] {processor.py:840} INFO - DAG(s) 'spotify_minio_to_snowflake_bronze' retrieved from /opt/airflow/dags/minio-to-kafka.py
[2026-08-31T07:58:23.045+0000] {logging_mixin.py:188} INFO - [2026-08-31T07:58:23.045+0000] {dag.py:3089} INFO - Sync 1 DAGs
[2026-08-31T07:58:23.075+0000] {logging_mixin.py:188} INFO - [2026-08-31T07:58:23.074+0000] {dag.py:3947} INFO - Setting next_dagrun for spotify_minio_to_snowflake_bronze to 2026-08-31 07:00:00+00:00, run_after=2026-08-31 08:00:00+00:00
[2026-08-31T07:58:23.102+0000] {processor.py:183} INFO - Processing /opt/airflow/dags/minio-to-kafka.py took 1.794 seconds
[2026-08-31T07:58:53.935+0000] {processor.py:161} INFO - Started process (PID=4032) to work on /opt/airflow/dags/minio-to-kafka.py
[2026-08-31T07:58:53.939+0000] {processor.py:830} INFO - Processing file /opt/airflow/dags/minio-to-kafka.py for tasks to queue
[2026-08-31T07:58:53.948+0000] {logging_mixin.py:188} INFO - [2026-08-31T07:58:53.947+0000] {dagbag.py:545} INFO - Filling up the DagBag from /opt/airflow/dags/minio-to-kafka.py
[2026-08-31T07:59:01.347+0000] {processor.py:840} INFO - DAG(s) 'spotify_minio_to_snowflake_bronze' retrieved from /opt/airflow/dags/minio-to-kafka.py
[2026-08-31T07:59:01.732+0000] {logging_mixin.py:188} INFO - [2026-08-31T07:59:01.731+0000] {dag.py:3089} INFO - Sync 1 DAGs
[2026-08-31T07:59:01.956+0000] {logging_mixin.py:188} INFO - [2026-08-31T07:59:01.955+0000] {dag.py:3947} INFO - Setting next_dagrun for spotify_minio_to_snowflake_bronze to 2026-08-31 07:00:00+00:00, run_after=2026-08-31 08:00:00+00:00
[2026-08-31T07:59:02.094+0000] {processor.py:183} INFO - Processing /opt/airflow/dags/minio-to-kafka.py took 8.190 seconds
[2026-08-31T07:59:32.473+0000] {processor.py:161} INFO - Started process (PID=4035) to work on /opt/airflow/dags/minio-to-kafka.py
[2026-08-31T07:59:32.476+0000] {processor.py:830} INFO - Processing file /opt/airflow/dags/minio-to-kafka.py for tasks to queue
[2026-08-31T07:59:32.481+0000] {logging_mixin.py:188} INFO - [2026-08-31T07:59:32.480+0000] {dagbag.py:545} INFO - Filling up the DagBag from /opt/airflow/dags/minio-to-kafka.py
[2026-08-31T07:59:34.353+0000] {processor.py:840} INFO - DAG(s) 'spotify_minio_to_snowflake_bronze' retrieved from /opt/airflow/dags/minio-to-kafka.py
[2026-08-31T07:59:34.426+0000] {logging_mixin.py:188} INFO - [2026-08-31T07:59:34.426+0000] {dag.py:3089} INFO - Sync 1 DAGs
[2026-08-31T07:59:34.480+0000] {logging_mixin.py:188} INFO - [2026-08-31T07:59:34.480+0000] {dag.py:3947} INFO - Setting next_dagrun for spotify_minio_to_snowflake_bronze to 2026-08-31 07:00:00+00:00, run_after=2026-08-31 08:00:00+00:00
[2026-08-31T07:59:34.524+0000] {processor.py:183} INFO - Processing /opt/airflow/dags/minio-to-kafka.py took 2.065 seconds
[2026-08-31T08:00:13.628+0000] {processor.py:161} INFO - Started process (PID=4039) to work on /opt/airflow/dags/minio-to-kafka.py
[2026-08-31T08:00:13.637+0000] {processor.py:830} INFO - Processing file /opt/airflow/dags/minio-to-kafka.py for tasks to queue
[2026-08-31T08:00:13.654+0000] {logging_mixin.py:188} INFO - [2026-08-31T08:00:13.647+0000] {dagbag.py:545} INFO - Filling up the DagBag from /opt/airflow/dags/minio-to-kafka.py
[2026-08-31T09:36:02.337+0000] {logging_mixin.py:188} INFO - [2026-08-31T09:36:02.320+0000] {timeout.py:68} ERROR - Process timed out, PID: 4039
[2026-08-31T09:36:02.348+0000] {logging_mixin.py:188} WARNING - Exception ignored in: <function WeakKeyDictionary.__init__.<locals>.remove at 0x7af9b9ea27a0>
[2026-08-31T09:36:02.353+0000] {logging_mixin.py:188} WARNING - Traceback (most recent call last):
[2026-08-31T09:36:02.356+0000] {logging_mixin.py:188} WARNING -   File "/usr/local/lib/python3.12/weakref.py", line 369, in remove
[2026-08-31T09:36:02.367+0000] {logging_mixin.py:188} WARNING -     def remove(k, selfref=ref(self)):
[2026-08-31T09:36:02.371+0000] {logging_mixin.py:188} WARNING -   File "/home/airflow/.local/lib/python3.12/site-packages/airflow/utils/timeout.py", line 69, in handle_timeout
[2026-08-31T09:36:02.376+0000] {logging_mixin.py:188} WARNING -     raise AirflowTaskTimeout(self.error_message)
[2026-08-31T09:36:02.381+0000] {logging_mixin.py:188} WARNING - airflow.exceptions.AirflowTaskTimeout: DagBag import timeout for /opt/airflow/dags/minio-to-kafka.py after 30.0s.
Please take a look at these docs to improve your DAG import time:
* https://airflow.apache.org/docs/apache-airflow/2.9.3/best-practices.html#top-level-python-code
* https://airflow.apache.org/docs/apache-airflow/2.9.3/best-practices.html#reducing-dag-complexity, PID: 4039
[2026-08-31T09:36:06.703+0000] {processor.py:840} INFO - DAG(s) 'spotify_minio_to_snowflake_bronze' retrieved from /opt/airflow/dags/minio-to-kafka.py
[2026-08-31T09:36:07.362+0000] {logging_mixin.py:188} INFO - [2026-08-31T09:36:07.361+0000] {dag.py:3089} INFO - Sync 1 DAGs
[2026-08-31T09:36:07.532+0000] {logging_mixin.py:188} INFO - [2026-08-31T09:36:07.531+0000] {dag.py:3947} INFO - Setting next_dagrun for spotify_minio_to_snowflake_bronze to 2026-08-31 08:00:00+00:00, run_after=2026-08-31 09:00:00+00:00
[2026-08-31T09:36:07.689+0000] {processor.py:183} INFO - Processing /opt/airflow/dags/minio-to-kafka.py took 156.990 seconds
[2026-08-31T09:37:11.370+0000] {processor.py:161} INFO - Started process (PID=4055) to work on /opt/airflow/dags/minio-to-kafka.py
[2026-08-31T09:37:11.390+0000] {processor.py:830} INFO - Processing file /opt/airflow/dags/minio-to-kafka.py for tasks to queue
[2026-08-31T09:37:11.427+0000] {logging_mixin.py:188} INFO - [2026-08-31T09:37:11.423+0000] {dagbag.py:545} INFO - Filling up the DagBag from /opt/airflow/dags/minio-to-kafka.py
[2026-08-31T09:37:18.537+0000] {processor.py:840} INFO - DAG(s) 'spotify_minio_to_snowflake_bronze' retrieved from /opt/airflow/dags/minio-to-kafka.py
[2026-08-31T09:37:18.687+0000] {logging_mixin.py:188} INFO - [2026-08-31T09:37:18.686+0000] {dag.py:3089} INFO - Sync 1 DAGs
[2026-08-31T09:37:18.743+0000] {logging_mixin.py:188} INFO - [2026-08-31T09:37:18.743+0000] {dag.py:3947} INFO - Setting next_dagrun for spotify_minio_to_snowflake_bronze to 2026-08-31 09:00:00+00:00, run_after=2026-08-31 10:00:00+00:00
[2026-08-31T09:37:18.901+0000] {processor.py:183} INFO - Processing /opt/airflow/dags/minio-to-kafka.py took 7.542 seconds
[2026-08-31T09:37:49.060+0000] {processor.py:161} INFO - Started process (PID=4087) to work on /opt/airflow/dags/minio-to-kafka.py
[2026-08-31T09:37:49.062+0000] {processor.py:830} INFO - Processing file /opt/airflow/dags/minio-to-kafka.py for tasks to queue
[2026-08-31T09:37:49.065+0000] {logging_mixin.py:188} INFO - [2026-08-31T09:37:49.064+0000] {dagbag.py:545} INFO - Filling up the DagBag from /opt/airflow/dags/minio-to-kafka.py
[2026-08-31T09:37:50.690+0000] {processor.py:840} INFO - DAG(s) 'spotify_minio_to_snowflake_bronze' retrieved from /opt/airflow/dags/minio-to-kafka.py
[2026-08-31T09:37:50.741+0000] {logging_mixin.py:188} INFO - [2026-08-31T09:37:50.740+0000] {dag.py:3089} INFO - Sync 1 DAGs
[2026-08-31T09:37:50.771+0000] {logging_mixin.py:188} INFO - [2026-08-31T09:37:50.771+0000] {dag.py:3947} INFO - Setting next_dagrun for spotify_minio_to_snowflake_bronze to 2026-08-31 09:00:00+00:00, run_after=2026-08-31 10:00:00+00:00
[2026-08-31T09:37:50.854+0000] {processor.py:183} INFO - Processing /opt/airflow/dags/minio-to-kafka.py took 1.809 seconds
[2026-08-31T09:38:21.404+0000] {processor.py:161} INFO - Started process (PID=4093) to work on /opt/airflow/dags/minio-to-kafka.py
[2026-08-31T09:38:21.409+0000] {processor.py:830} INFO - Processing file /opt/airflow/dags/minio-to-kafka.py for tasks to queue
[2026-08-31T09:38:21.413+0000] {logging_mixin.py:188} INFO - [2026-08-31T09:38:21.412+0000] {dagbag.py:545} INFO - Filling up the DagBag from /opt/airflow/dags/minio-to-kafka.py
[2026-08-31T09:38:22.997+0000] {processor.py:840} INFO - DAG(s) 'spotify_minio_to_snowflake_bronze' retrieved from /opt/airflow/dags/minio-to-kafka.py
[2026-08-31T09:38:23.052+0000] {logging_mixin.py:188} INFO - [2026-08-31T09:38:23.051+0000] {dag.py:3089} INFO - Sync 1 DAGs
[2026-08-31T09:38:23.086+0000] {logging_mixin.py:188} INFO - [2026-08-31T09:38:23.086+0000] {dag.py:3947} INFO - Setting next_dagrun for spotify_minio_to_snowflake_bronze to 2026-08-31 09:00:00+00:00, run_after=2026-08-31 10:00:00+00:00
[2026-08-31T09:38:23.120+0000] {processor.py:183} INFO - Processing /opt/airflow/dags/minio-to-kafka.py took 1.735 seconds
[2026-08-31T09:38:53.810+0000] {processor.py:161} INFO - Started process (PID=4096) to work on /opt/airflow/dags/minio-to-kafka.py
[2026-08-31T09:38:53.818+0000] {processor.py:830} INFO - Processing file /opt/airflow/dags/minio-to-kafka.py for tasks to queue
[2026-08-31T09:38:53.825+0000] {logging_mixin.py:188} INFO - [2026-08-31T09:38:53.822+0000] {dagbag.py:545} INFO - Filling up the DagBag from /opt/airflow/dags/minio-to-kafka.py
[2026-08-31T09:38:58.639+0000] {processor.py:840} INFO - DAG(s) 'spotify_minio_to_snowflake_bronze' retrieved from /opt/airflow/dags/minio-to-kafka.py
[2026-08-31T09:38:58.949+0000] {logging_mixin.py:188} INFO - [2026-08-31T09:38:58.948+0000] {dag.py:3089} INFO - Sync 1 DAGs
[2026-08-31T09:38:59.167+0000] {logging_mixin.py:188} INFO - [2026-08-31T09:38:59.166+0000] {dag.py:3947} INFO - Setting next_dagrun for spotify_minio_to_snowflake_bronze to 2026-08-31 09:00:00+00:00, run_after=2026-08-31 10:00:00+00:00
[2026-08-31T09:38:59.278+0000] {processor.py:183} INFO - Processing /opt/airflow/dags/minio-to-kafka.py took 5.563 seconds
[2026-08-31T09:39:30.070+0000] {processor.py:161} INFO - Started process (PID=4099) to work on /opt/airflow/dags/minio-to-kafka.py
[2026-08-31T09:39:30.123+0000] {processor.py:830} INFO - Processing file /opt/airflow/dags/minio-to-kafka.py for tasks to queue
[2026-08-31T09:39:30.155+0000] {logging_mixin.py:188} INFO - [2026-08-31T09:39:30.142+0000] {dagbag.py:545} INFO - Filling up the DagBag from /opt/airflow/dags/minio-to-kafka.py
[2026-08-31T09:39:42.005+0000] {processor.py:840} INFO - DAG(s) 'spotify_minio_to_snowflake_bronze' retrieved from /opt/airflow/dags/minio-to-kafka.py
[2026-08-31T09:39:42.443+0000] {logging_mixin.py:188} INFO - [2026-08-31T09:39:42.441+0000] {dag.py:3089} INFO - Sync 1 DAGs
[2026-08-31T09:39:42.669+0000] {logging_mixin.py:188} INFO - [2026-08-31T09:39:42.669+0000] {dag.py:3947} INFO - Setting next_dagrun for spotify_minio_to_snowflake_bronze to 2026-08-31 09:00:00+00:00, run_after=2026-08-31 10:00:00+00:00
[2026-08-31T09:39:42.753+0000] {processor.py:183} INFO - Processing /opt/airflow/dags/minio-to-kafka.py took 12.952 seconds
[2026-08-31T09:40:13.045+0000] {processor.py:161} INFO - Started process (PID=4102) to work on /opt/airflow/dags/minio-to-kafka.py
[2026-08-31T09:40:13.057+0000] {processor.py:830} INFO - Processing file /opt/airflow/dags/minio-to-kafka.py for tasks to queue
[2026-08-31T09:40:13.069+0000] {logging_mixin.py:188} INFO - [2026-08-31T09:40:13.063+0000] {dagbag.py:545} INFO - Filling up the DagBag from /opt/airflow/dags/minio-to-kafka.py
[2026-08-31T09:40:16.944+0000] {processor.py:840} INFO - DAG(s) 'spotify_minio_to_snowflake_bronze' retrieved from /opt/airflow/dags/minio-to-kafka.py
[2026-08-31T09:40:17.037+0000] {logging_mixin.py:188} INFO - [2026-08-31T09:40:17.035+0000] {dag.py:3089} INFO - Sync 1 DAGs
[2026-08-31T09:40:17.119+0000] {logging_mixin.py:188} INFO - [2026-08-31T09:40:17.119+0000] {dag.py:3947} INFO - Setting next_dagrun for spotify_minio_to_snowflake_bronze to 2026-08-31 09:00:00+00:00, run_after=2026-08-31 10:00:00+00:00
[2026-08-31T09:40:17.163+0000] {processor.py:183} INFO - Processing /opt/airflow/dags/minio-to-kafka.py took 4.167 seconds
[2026-08-31T09:40:48.028+0000] {processor.py:161} INFO - Started process (PID=4105) to work on /opt/airflow/dags/minio-to-kafka.py
[2026-08-31T09:40:48.045+0000] {processor.py:830} INFO - Processing file /opt/airflow/dags/minio-to-kafka.py for tasks to queue
[2026-08-31T09:40:48.055+0000] {logging_mixin.py:188} INFO - [2026-08-31T09:40:48.050+0000] {dagbag.py:545} INFO - Filling up the DagBag from /opt/airflow/dags/minio-to-kafka.py
[2026-08-31T09:41:10.828+0000] {processor.py:840} INFO - DAG(s) 'spotify_minio_to_snowflake_bronze' retrieved from /opt/airflow/dags/minio-to-kafka.py
[2026-08-31T09:41:10.893+0000] {logging_mixin.py:188} INFO - [2026-08-31T09:41:10.892+0000] {dag.py:3089} INFO - Sync 1 DAGs
[2026-08-31T09:41:10.962+0000] {logging_mixin.py:188} INFO - [2026-08-31T09:41:10.961+0000] {dag.py:3947} INFO - Setting next_dagrun for spotify_minio_to_snowflake_bronze to 2026-08-31 09:00:00+00:00, run_after=2026-08-31 10:00:00+00:00
[2026-08-31T09:41:11.027+0000] {processor.py:183} INFO - Processing /opt/airflow/dags/minio-to-kafka.py took 23.335 seconds
[2026-08-31T09:41:43.344+0000] {processor.py:161} INFO - Started process (PID=4108) to work on /opt/airflow/dags/minio-to-kafka.py
[2026-08-31T09:41:43.346+0000] {processor.py:830} INFO - Processing file /opt/airflow/dags/minio-to-kafka.py for tasks to queue
[2026-08-31T09:41:43.350+0000] {logging_mixin.py:188} INFO - [2026-08-31T09:41:43.349+0000] {dagbag.py:545} INFO - Filling up the DagBag from /opt/airflow/dags/minio-to-kafka.py
[2026-08-31T09:41:44.837+0000] {processor.py:840} INFO - DAG(s) 'spotify_minio_to_snowflake_bronze' retrieved from /opt/airflow/dags/minio-to-kafka.py
[2026-08-31T09:41:45.032+0000] {logging_mixin.py:188} INFO - [2026-08-31T09:41:45.031+0000] {dag.py:3089} INFO - Sync 1 DAGs
[2026-08-31T09:41:45.116+0000] {logging_mixin.py:188} INFO - [2026-08-31T09:41:45.116+0000] {dag.py:3947} INFO - Setting next_dagrun for spotify_minio_to_snowflake_bronze to 2026-08-31 09:00:00+00:00, run_after=2026-08-31 10:00:00+00:00
[2026-08-31T09:41:45.156+0000] {processor.py:183} INFO - Processing /opt/airflow/dags/minio-to-kafka.py took 1.841 seconds
[2026-08-31T09:42:15.658+0000] {processor.py:161} INFO - Started process (PID=4111) to work on /opt/airflow/dags/minio-to-kafka.py
[2026-08-31T09:42:15.664+0000] {processor.py:830} INFO - Processing file /opt/airflow/dags/minio-to-kafka.py for tasks to queue
[2026-08-31T09:42:15.672+0000] {logging_mixin.py:188} INFO - [2026-08-31T09:42:15.669+0000] {dagbag.py:545} INFO - Filling up the DagBag from /opt/airflow/dags/minio-to-kafka.py
[2026-08-31T09:42:17.915+0000] {processor.py:840} INFO - DAG(s) 'spotify_minio_to_snowflake_bronze' retrieved from /opt/airflow/dags/minio-to-kafka.py
[2026-08-31T09:42:17.992+0000] {logging_mixin.py:188} INFO - [2026-08-31T09:42:17.991+0000] {dag.py:3089} INFO - Sync 1 DAGs
[2026-08-31T09:42:18.061+0000] {logging_mixin.py:188} INFO - [2026-08-31T09:42:18.061+0000] {dag.py:3947} INFO - Setting next_dagrun for spotify_minio_to_snowflake_bronze to 2026-08-31 09:00:00+00:00, run_after=2026-08-31 10:00:00+00:00
[2026-08-31T09:42:18.196+0000] {processor.py:183} INFO - Processing /opt/airflow/dags/minio-to-kafka.py took 2.589 seconds
[2026-08-31T09:42:48.913+0000] {processor.py:161} INFO - Started process (PID=4114) to work on /opt/airflow/dags/minio-to-kafka.py
[2026-08-31T09:42:48.925+0000] {processor.py:830} INFO - Processing file /opt/airflow/dags/minio-to-kafka.py for tasks to queue
[2026-08-31T09:42:48.936+0000] {logging_mixin.py:188} INFO - [2026-08-31T09:42:48.933+0000] {dagbag.py:545} INFO - Filling up the DagBag from /opt/airflow/dags/minio-to-kafka.py
[2026-08-31T09:42:51.440+0000] {processor.py:840} INFO - DAG(s) 'spotify_minio_to_snowflake_bronze' retrieved from /opt/airflow/dags/minio-to-kafka.py
[2026-08-31T09:42:51.563+0000] {logging_mixin.py:188} INFO - [2026-08-31T09:42:51.562+0000] {dag.py:3089} INFO - Sync 1 DAGs
[2026-08-31T09:42:51.642+0000] {logging_mixin.py:188} INFO - [2026-08-31T09:42:51.641+0000] {dag.py:3947} INFO - Setting next_dagrun for spotify_minio_to_snowflake_bronze to 2026-08-31 09:00:00+00:00, run_after=2026-08-31 10:00:00+00:00
[2026-08-31T09:42:51.711+0000] {processor.py:183} INFO - Processing /opt/airflow/dags/minio-to-kafka.py took 2.858 seconds
[2026-08-31T09:43:22.303+0000] {processor.py:161} INFO - Started process (PID=4117) to work on /opt/airflow/dags/minio-to-kafka.py
[2026-08-31T09:43:22.328+0000] {processor.py:830} INFO - Processing file /opt/airflow/dags/minio-to-kafka.py for tasks to queue
[2026-08-31T09:43:22.349+0000] {logging_mixin.py:188} INFO - [2026-08-31T09:43:22.342+0000] {dagbag.py:545} INFO - Filling up the DagBag from /opt/airflow/dags/minio-to-kafka.py
[2026-08-31T09:43:23.746+0000] {processor.py:840} INFO - DAG(s) 'spotify_minio_to_snowflake_bronze' retrieved from /opt/airflow/dags/minio-to-kafka.py
[2026-08-31T09:43:23.784+0000] {logging_mixin.py:188} INFO - [2026-08-31T09:43:23.783+0000] {dag.py:3089} INFO - Sync 1 DAGs
[2026-08-31T09:43:23.813+0000] {logging_mixin.py:188} INFO - [2026-08-31T09:43:23.813+0000] {dag.py:3947} INFO - Setting next_dagrun for spotify_minio_to_snowflake_bronze to 2026-08-31 09:00:00+00:00, run_after=2026-08-31 10:00:00+00:00
[2026-08-31T09:43:23.837+0000] {processor.py:183} INFO - Processing /opt/airflow/dags/minio-to-kafka.py took 1.703 seconds
[2026-08-31T09:43:54.182+0000] {processor.py:161} INFO - Started process (PID=4120) to work on /opt/airflow/dags/minio-to-kafka.py
[2026-08-31T09:43:54.185+0000] {processor.py:830} INFO - Processing file /opt/airflow/dags/minio-to-kafka.py for tasks to queue
[2026-08-31T09:43:54.188+0000] {logging_mixin.py:188} INFO - [2026-08-31T09:43:54.187+0000] {dagbag.py:545} INFO - Filling up the DagBag from /opt/airflow/dags/minio-to-kafka.py
[2026-08-31T09:43:57.861+0000] {processor.py:840} INFO - DAG(s) 'spotify_minio_to_snowflake_bronze' retrieved from /opt/airflow/dags/minio-to-kafka.py
[2026-08-31T09:43:58.049+0000] {logging_mixin.py:188} INFO - [2026-08-31T09:43:58.047+0000] {dag.py:3089} INFO - Sync 1 DAGs
[2026-08-31T09:43:58.214+0000] {logging_mixin.py:188} INFO - [2026-08-31T09:43:58.211+0000] {dag.py:3947} INFO - Setting next_dagrun for spotify_minio_to_snowflake_bronze to 2026-08-31 09:00:00+00:00, run_after=2026-08-31 10:00:00+00:00
[2026-08-31T09:43:58.652+0000] {processor.py:183} INFO - Processing /opt/airflow/dags/minio-to-kafka.py took 4.532 seconds
[2026-08-31T09:44:29.334+0000] {processor.py:161} INFO - Started process (PID=4123) to work on /opt/airflow/dags/minio-to-kafka.py
[2026-08-31T09:44:29.339+0000] {processor.py:830} INFO - Processing file /opt/airflow/dags/minio-to-kafka.py for tasks to queue
[2026-08-31T09:44:29.373+0000] {logging_mixin.py:188} INFO - [2026-08-31T09:44:29.371+0000] {dagbag.py:545} INFO - Filling up the DagBag from /opt/airflow/dags/minio-to-kafka.py
[2026-08-31T09:44:31.933+0000] {processor.py:840} INFO - DAG(s) 'spotify_minio_to_snowflake_bronze' retrieved from /opt/airflow/dags/minio-to-kafka.py
[2026-08-31T09:44:32.062+0000] {logging_mixin.py:188} INFO - [2026-08-31T09:44:32.061+0000] {dag.py:3089} INFO - Sync 1 DAGs
[2026-08-31T09:44:32.150+0000] {logging_mixin.py:188} INFO - [2026-08-31T09:44:32.150+0000] {dag.py:3947} INFO - Setting next_dagrun for spotify_minio_to_snowflake_bronze to 2026-08-31 09:00:00+00:00, run_after=2026-08-31 10:00:00+00:00
[2026-08-31T09:44:32.218+0000] {processor.py:183} INFO - Processing /opt/airflow/dags/minio-to-kafka.py took 2.941 seconds
[2026-08-31T09:45:02.713+0000] {processor.py:161} INFO - Started process (PID=4126) to work on /opt/airflow/dags/minio-to-kafka.py
[2026-08-31T09:45:02.725+0000] {processor.py:830} INFO - Processing file /opt/airflow/dags/minio-to-kafka.py for tasks to queue
[2026-08-31T09:45:02.732+0000] {logging_mixin.py:188} INFO - [2026-08-31T09:45:02.730+0000] {dagbag.py:545} INFO - Filling up the DagBag from /opt/airflow/dags/minio-to-kafka.py
[2026-08-31T09:45:05.183+0000] {processor.py:840} INFO - DAG(s) 'spotify_minio_to_snowflake_bronze' retrieved from /opt/airflow/dags/minio-to-kafka.py
[2026-08-31T09:45:05.299+0000] {logging_mixin.py:188} INFO - [2026-08-31T09:45:05.298+0000] {dag.py:3089} INFO - Sync 1 DAGs
[2026-08-31T09:45:05.379+0000] {logging_mixin.py:188} INFO - [2026-08-31T09:45:05.379+0000] {dag.py:3947} INFO - Setting next_dagrun for spotify_minio_to_snowflake_bronze to 2026-08-31 09:00:00+00:00, run_after=2026-08-31 10:00:00+00:00
[2026-08-31T09:45:05.438+0000] {processor.py:183} INFO - Processing /opt/airflow/dags/minio-to-kafka.py took 2.802 seconds
[2026-08-31T09:45:35.957+0000] {processor.py:161} INFO - Started process (PID=4129) to work on /opt/airflow/dags/minio-to-kafka.py
[2026-08-31T09:45:35.975+0000] {processor.py:830} INFO - Processing file /opt/airflow/dags/minio-to-kafka.py for tasks to queue
[2026-08-31T09:45:35.982+0000] {logging_mixin.py:188} INFO - [2026-08-31T09:45:35.980+0000] {dagbag.py:545} INFO - Filling up the DagBag from /opt/airflow/dags/minio-to-kafka.py
[2026-08-31T09:45:39.293+0000] {processor.py:840} INFO - DAG(s) 'spotify_minio_to_snowflake_bronze' retrieved from /opt/airflow/dags/minio-to-kafka.py
[2026-08-31T09:45:39.523+0000] {logging_mixin.py:188} INFO - [2026-08-31T09:45:39.522+0000] {dag.py:3089} INFO - Sync 1 DAGs
[2026-08-31T09:45:39.639+0000] {logging_mixin.py:188} INFO - [2026-08-31T09:45:39.638+0000] {dag.py:3947} INFO - Setting next_dagrun for spotify_minio_to_snowflake_bronze to 2026-08-31 09:00:00+00:00, run_after=2026-08-31 10:00:00+00:00
[2026-08-31T09:45:39.716+0000] {processor.py:183} INFO - Processing /opt/airflow/dags/minio-to-kafka.py took 3.831 seconds
[2026-08-31T09:46:10.345+0000] {processor.py:161} INFO - Started process (PID=4132) to work on /opt/airflow/dags/minio-to-kafka.py
[2026-08-31T09:46:10.350+0000] {processor.py:830} INFO - Processing file /opt/airflow/dags/minio-to-kafka.py for tasks to queue
[2026-08-31T09:46:10.354+0000] {logging_mixin.py:188} INFO - [2026-08-31T09:46:10.353+0000] {dagbag.py:545} INFO - Filling up the DagBag from /opt/airflow/dags/minio-to-kafka.py
[2026-08-31T09:46:12.358+0000] {processor.py:840} INFO - DAG(s) 'spotify_minio_to_snowflake_bronze' retrieved from /opt/airflow/dags/minio-to-kafka.py
[2026-08-31T09:46:12.423+0000] {logging_mixin.py:188} INFO - [2026-08-31T09:46:12.422+0000] {dag.py:3089} INFO - Sync 1 DAGs
[2026-08-31T09:46:12.454+0000] {logging_mixin.py:188} INFO - [2026-08-31T09:46:12.454+0000] {dag.py:3947} INFO - Setting next_dagrun for spotify_minio_to_snowflake_bronze to 2026-08-31 09:00:00+00:00, run_after=2026-08-31 10:00:00+00:00
[2026-08-31T09:46:12.489+0000] {processor.py:183} INFO - Processing /opt/airflow/dags/minio-to-kafka.py took 2.198 seconds
[2026-08-31T09:46:42.821+0000] {processor.py:161} INFO - Started process (PID=4135) to work on /opt/airflow/dags/minio-to-kafka.py
[2026-08-31T09:46:42.823+0000] {processor.py:830} INFO - Processing file /opt/airflow/dags/minio-to-kafka.py for tasks to queue
[2026-08-31T09:46:42.825+0000] {logging_mixin.py:188} INFO - [2026-08-31T09:46:42.825+0000] {dagbag.py:545} INFO - Filling up the DagBag from /opt/airflow/dags/minio-to-kafka.py
[2026-08-31T09:46:44.202+0000] {processor.py:840} INFO - DAG(s) 'spotify_minio_to_snowflake_bronze' retrieved from /opt/airflow/dags/minio-to-kafka.py
[2026-08-31T09:46:44.272+0000] {logging_mixin.py:188} INFO - [2026-08-31T09:46:44.272+0000] {dag.py:3089} INFO - Sync 1 DAGs
[2026-08-31T09:46:44.301+0000] {logging_mixin.py:188} INFO - [2026-08-31T09:46:44.301+0000] {dag.py:3947} INFO - Setting next_dagrun for spotify_minio_to_snowflake_bronze to 2026-08-31 09:00:00+00:00, run_after=2026-08-31 10:00:00+00:00
[2026-08-31T09:46:44.347+0000] {processor.py:183} INFO - Processing /opt/airflow/dags/minio-to-kafka.py took 1.537 seconds
[2026-08-31T09:47:15.104+0000] {processor.py:161} INFO - Started process (PID=4138) to work on /opt/airflow/dags/minio-to-kafka.py
[2026-08-31T09:47:15.108+0000] {processor.py:830} INFO - Processing file /opt/airflow/dags/minio-to-kafka.py for tasks to queue
[2026-08-31T09:47:15.112+0000] {logging_mixin.py:188} INFO - [2026-08-31T09:47:15.111+0000] {dagbag.py:545} INFO - Filling up the DagBag from /opt/airflow/dags/minio-to-kafka.py
[2026-08-31T09:47:16.959+0000] {processor.py:840} INFO - DAG(s) 'spotify_minio_to_snowflake_bronze' retrieved from /opt/airflow/dags/minio-to-kafka.py
[2026-08-31T09:47:17.038+0000] {logging_mixin.py:188} INFO - [2026-08-31T09:47:17.038+0000] {dag.py:3089} INFO - Sync 1 DAGs
[2026-08-31T09:47:17.096+0000] {logging_mixin.py:188} INFO - [2026-08-31T09:47:17.095+0000] {dag.py:3947} INFO - Setting next_dagrun for spotify_minio_to_snowflake_bronze to 2026-08-31 09:00:00+00:00, run_after=2026-08-31 10:00:00+00:00
[2026-08-31T09:47:17.143+0000] {processor.py:183} INFO - Processing /opt/airflow/dags/minio-to-kafka.py took 2.120 seconds
[2026-08-31T09:47:47.482+0000] {processor.py:161} INFO - Started process (PID=4141) to work on /opt/airflow/dags/minio-to-kafka.py
[2026-08-31T09:47:47.485+0000] {processor.py:830} INFO - Processing file /opt/airflow/dags/minio-to-kafka.py for tasks to queue
[2026-08-31T09:47:47.489+0000] {logging_mixin.py:188} INFO - [2026-08-31T09:47:47.488+0000] {dagbag.py:545} INFO - Filling up the DagBag from /opt/airflow/dags/minio-to-kafka.py
[2026-08-31T09:47:50.060+0000] {processor.py:840} INFO - DAG(s) 'spotify_minio_to_snowflake_bronze' retrieved from /opt/airflow/dags/minio-to-kafka.py
[2026-08-31T09:47:50.169+0000] {logging_mixin.py:188} INFO - [2026-08-31T09:47:50.169+0000] {dag.py:3089} INFO - Sync 1 DAGs
[2026-08-31T09:47:50.239+0000] {logging_mixin.py:188} INFO - [2026-08-31T09:47:50.239+0000] {dag.py:3947} INFO - Setting next_dagrun for spotify_minio_to_snowflake_bronze to 2026-08-31 09:00:00+00:00, run_after=2026-08-31 10:00:00+00:00
[2026-08-31T09:47:50.289+0000] {processor.py:183} INFO - Processing /opt/airflow/dags/minio-to-kafka.py took 2.818 seconds
[2026-08-31T09:48:20.926+0000] {processor.py:161} INFO - Started process (PID=4144) to work on /opt/airflow/dags/minio-to-kafka.py
[2026-08-31T09:48:20.934+0000] {processor.py:830} INFO - Processing file /opt/airflow/dags/minio-to-kafka.py for tasks to queue
[2026-08-31T09:48:20.941+0000] {logging_mixin.py:188} INFO - [2026-08-31T09:48:20.939+0000] {dagbag.py:545} INFO - Filling up the DagBag from /opt/airflow/dags/minio-to-kafka.py
[2026-08-31T09:48:22.224+0000] {processor.py:840} INFO - DAG(s) 'spotify_minio_to_snowflake_bronze' retrieved from /opt/airflow/dags/minio-to-kafka.py
[2026-08-31T09:48:22.270+0000] {logging_mixin.py:188} INFO - [2026-08-31T09:48:22.269+0000] {dag.py:3089} INFO - Sync 1 DAGs
[2026-08-31T09:48:22.296+0000] {logging_mixin.py:188} INFO - [2026-08-31T09:48:22.296+0000] {dag.py:3947} INFO - Setting next_dagrun for spotify_minio_to_snowflake_bronze to 2026-08-31 09:00:00+00:00, run_after=2026-08-31 10:00:00+00:00
[2026-08-31T09:48:22.334+0000] {processor.py:183} INFO - Processing /opt/airflow/dags/minio-to-kafka.py took 1.448 seconds
[2026-08-31T09:48:52.929+0000] {processor.py:161} INFO - Started process (PID=4147) to work on /opt/airflow/dags/minio-to-kafka.py
[2026-08-31T09:48:52.933+0000] {processor.py:830} INFO - Processing file /opt/airflow/dags/minio-to-kafka.py for tasks to queue
[2026-08-31T09:48:52.937+0000] {logging_mixin.py:188} INFO - [2026-08-31T09:48:52.936+0000] {dagbag.py:545} INFO - Filling up the DagBag from /opt/airflow/dags/minio-to-kafka.py
[2026-08-31T09:48:54.245+0000] {processor.py:840} INFO - DAG(s) 'spotify_minio_to_snowflake_bronze' retrieved from /opt/airflow/dags/minio-to-kafka.py
[2026-08-31T09:48:54.324+0000] {logging_mixin.py:188} INFO - [2026-08-31T09:48:54.323+0000] {dag.py:3089} INFO - Sync 1 DAGs
[2026-08-31T09:48:54.361+0000] {logging_mixin.py:188} INFO - [2026-08-31T09:48:54.361+0000] {dag.py:3947} INFO - Setting next_dagrun for spotify_minio_to_snowflake_bronze to 2026-08-31 09:00:00+00:00, run_after=2026-08-31 10:00:00+00:00
[2026-08-31T09:48:54.391+0000] {processor.py:183} INFO - Processing /opt/airflow/dags/minio-to-kafka.py took 1.488 seconds
[2026-08-31T09:49:24.838+0000] {processor.py:161} INFO - Started process (PID=4150) to work on /opt/airflow/dags/minio-to-kafka.py
[2026-08-31T09:49:24.840+0000] {processor.py:830} INFO - Processing file /opt/airflow/dags/minio-to-kafka.py for tasks to queue
[2026-08-31T09:49:24.843+0000] {logging_mixin.py:188} INFO - [2026-08-31T09:49:24.843+0000] {dagbag.py:545} INFO - Filling up the DagBag from /opt/airflow/dags/minio-to-kafka.py
[2026-08-31T09:49:26.018+0000] {processor.py:840} INFO - DAG(s) 'spotify_minio_to_snowflake_bronze' retrieved from /opt/airflow/dags/minio-to-kafka.py
[2026-08-31T09:49:26.089+0000] {logging_mixin.py:188} INFO - [2026-08-31T09:49:26.088+0000] {dag.py:3089} INFO - Sync 1 DAGs
[2026-08-31T09:49:26.140+0000] {logging_mixin.py:188} INFO - [2026-08-31T09:49:26.139+0000] {dag.py:3947} INFO - Setting next_dagrun for spotify_minio_to_snowflake_bronze to 2026-08-31 09:00:00+00:00, run_after=2026-08-31 10:00:00+00:00
[2026-08-31T09:49:26.212+0000] {processor.py:183} INFO - Processing /opt/airflow/dags/minio-to-kafka.py took 1.386 seconds
[2026-08-31T09:49:56.625+0000] {processor.py:161} INFO - Started process (PID=4153) to work on /opt/airflow/dags/minio-to-kafka.py
[2026-08-31T09:49:56.627+0000] {processor.py:830} INFO - Processing file /opt/airflow/dags/minio-to-kafka.py for tasks to queue
[2026-08-31T09:49:56.629+0000] {logging_mixin.py:188} INFO - [2026-08-31T09:49:56.628+0000] {dagbag.py:545} INFO - Filling up the DagBag from /opt/airflow/dags/minio-to-kafka.py
[2026-08-31T09:49:57.651+0000] {processor.py:840} INFO - DAG(s) 'spotify_minio_to_snowflake_bronze' retrieved from /opt/airflow/dags/minio-to-kafka.py
[2026-08-31T09:49:57.700+0000] {logging_mixin.py:188} INFO - [2026-08-31T09:49:57.700+0000] {dag.py:3089} INFO - Sync 1 DAGs
[2026-08-31T09:49:57.728+0000] {logging_mixin.py:188} INFO - [2026-08-31T09:49:57.728+0000] {dag.py:3947} INFO - Setting next_dagrun for spotify_minio_to_snowflake_bronze to 2026-08-31 09:00:00+00:00, run_after=2026-08-31 10:00:00+00:00
[2026-08-31T09:49:57.754+0000] {processor.py:183} INFO - Processing /opt/airflow/dags/minio-to-kafka.py took 1.143 seconds
[2026-08-31T09:50:28.084+0000] {processor.py:161} INFO - Started process (PID=4156) to work on /opt/airflow/dags/minio-to-kafka.py
[2026-08-31T09:50:28.088+0000] {processor.py:830} INFO - Processing file /opt/airflow/dags/minio-to-kafka.py for tasks to queue
[2026-08-31T09:50:28.093+0000] {logging_mixin.py:188} INFO - [2026-08-31T09:50:28.091+0000] {dagbag.py:545} INFO - Filling up the DagBag from /opt/airflow/dags/minio-to-kafka.py
[2026-08-31T09:50:29.725+0000] {processor.py:840} INFO - DAG(s) 'spotify_minio_to_snowflake_bronze' retrieved from /opt/airflow/dags/minio-to-kafka.py
[2026-08-31T09:50:29.862+0000] {logging_mixin.py:188} INFO - [2026-08-31T09:50:29.861+0000] {dag.py:3089} INFO - Sync 1 DAGs
[2026-08-31T09:50:29.974+0000] {logging_mixin.py:188} INFO - [2026-08-31T09:50:29.973+0000] {dag.py:3947} INFO - Setting next_dagrun for spotify_minio_to_snowflake_bronze to 2026-08-31 09:00:00+00:00, run_after=2026-08-31 10:00:00+00:00
[2026-08-31T09:50:30.020+0000] {processor.py:183} INFO - Processing /opt/airflow/dags/minio-to-kafka.py took 1.960 seconds
[2026-08-31T09:51:00.592+0000] {processor.py:161} INFO - Started process (PID=4159) to work on /opt/airflow/dags/minio-to-kafka.py
[2026-08-31T09:51:00.604+0000] {processor.py:830} INFO - Processing file /opt/airflow/dags/minio-to-kafka.py for tasks to queue
[2026-08-31T09:51:00.615+0000] {logging_mixin.py:188} INFO - [2026-08-31T09:51:00.612+0000] {dagbag.py:545} INFO - Filling up the DagBag from /opt/airflow/dags/minio-to-kafka.py
[2026-08-31T09:51:01.756+0000] {processor.py:840} INFO - DAG(s) 'spotify_minio_to_snowflake_bronze' retrieved from /opt/airflow/dags/minio-to-kafka.py
[2026-08-31T09:51:01.812+0000] {logging_mixin.py:188} INFO - [2026-08-31T09:51:01.811+0000] {dag.py:3089} INFO - Sync 1 DAGs
[2026-08-31T09:51:01.837+0000] {logging_mixin.py:188} INFO - [2026-08-31T09:51:01.836+0000] {dag.py:3947} INFO - Setting next_dagrun for spotify_minio_to_snowflake_bronze to 2026-08-31 09:00:00+00:00, run_after=2026-08-31 10:00:00+00:00
[2026-08-31T09:51:01.859+0000] {processor.py:183} INFO - Processing /opt/airflow/dags/minio-to-kafka.py took 1.315 seconds
[2026-08-31T09:51:32.507+0000] {processor.py:161} INFO - Started process (PID=4162) to work on /opt/airflow/dags/minio-to-kafka.py
[2026-08-31T09:51:32.522+0000] {processor.py:830} INFO - Processing file /opt/airflow/dags/minio-to-kafka.py for tasks to queue
[2026-08-31T09:51:32.535+0000] {logging_mixin.py:188} INFO - [2026-08-31T09:51:32.530+0000] {dagbag.py:545} INFO - Filling up the DagBag from /opt/airflow/dags/minio-to-kafka.py
[2026-08-31T09:51:37.321+0000] {processor.py:840} INFO - DAG(s) 'spotify_minio_to_snowflake_bronze' retrieved from /opt/airflow/dags/minio-to-kafka.py
[2026-08-31T09:51:37.447+0000] {logging_mixin.py:188} INFO - [2026-08-31T09:51:37.446+0000] {dag.py:3089} INFO - Sync 1 DAGs
[2026-08-31T09:51:37.520+0000] {logging_mixin.py:188} INFO - [2026-08-31T09:51:37.519+0000] {dag.py:3947} INFO - Setting next_dagrun for spotify_minio_to_snowflake_bronze to 2026-08-31 09:00:00+00:00, run_after=2026-08-31 10:00:00+00:00
[2026-08-31T09:51:37.578+0000] {processor.py:183} INFO - Processing /opt/airflow/dags/minio-to-kafka.py took 5.178 seconds
[2026-08-31T09:52:07.905+0000] {processor.py:161} INFO - Started process (PID=4165) to work on /opt/airflow/dags/minio-to-kafka.py
[2026-08-31T09:52:07.910+0000] {processor.py:830} INFO - Processing file /opt/airflow/dags/minio-to-kafka.py for tasks to queue
[2026-08-31T09:52:07.915+0000] {logging_mixin.py:188} INFO - [2026-08-31T09:52:07.914+0000] {dagbag.py:545} INFO - Filling up the DagBag from /opt/airflow/dags/minio-to-kafka.py
[2026-08-31T09:52:09.263+0000] {processor.py:840} INFO - DAG(s) 'spotify_minio_to_snowflake_bronze' retrieved from /opt/airflow/dags/minio-to-kafka.py
[2026-08-31T09:52:09.299+0000] {logging_mixin.py:188} INFO - [2026-08-31T09:52:09.299+0000] {dag.py:3089} INFO - Sync 1 DAGs
[2026-08-31T09:52:09.324+0000] {logging_mixin.py:188} INFO - [2026-08-31T09:52:09.323+0000] {dag.py:3947} INFO - Setting next_dagrun for spotify_minio_to_snowflake_bronze to 2026-08-31 09:00:00+00:00, run_after=2026-08-31 10:00:00+00:00
[2026-08-31T09:52:09.350+0000] {processor.py:183} INFO - Processing /opt/airflow/dags/minio-to-kafka.py took 1.456 seconds
[2026-08-31T09:52:39.724+0000] {processor.py:161} INFO - Started process (PID=4168) to work on /opt/airflow/dags/minio-to-kafka.py
[2026-08-31T09:52:39.894+0000] {processor.py:830} INFO - Processing file /opt/airflow/dags/minio-to-kafka.py for tasks to queue
[2026-08-31T09:52:39.900+0000] {logging_mixin.py:188} INFO - [2026-08-31T09:52:39.899+0000] {dagbag.py:545} INFO - Filling up the DagBag from /opt/airflow/dags/minio-to-kafka.py
[2026-08-31T09:52:42.896+0000] {processor.py:840} INFO - DAG(s) 'spotify_minio_to_snowflake_bronze' retrieved from /opt/airflow/dags/minio-to-kafka.py
[2026-08-31T09:52:42.950+0000] {logging_mixin.py:188} INFO - [2026-08-31T09:52:42.949+0000] {dag.py:3089} INFO - Sync 1 DAGs
[2026-08-31T09:52:42.989+0000] {logging_mixin.py:188} INFO - [2026-08-31T09:52:42.989+0000] {dag.py:3947} INFO - Setting next_dagrun for spotify_minio_to_snowflake_bronze to 2026-08-31 09:00:00+00:00, run_after=2026-08-31 10:00:00+00:00
[2026-08-31T09:52:43.021+0000] {processor.py:183} INFO - Processing /opt/airflow/dags/minio-to-kafka.py took 3.328 seconds
[2026-08-31T09:53:13.541+0000] {processor.py:161} INFO - Started process (PID=4171) to work on /opt/airflow/dags/minio-to-kafka.py
[2026-08-31T09:53:13.565+0000] {processor.py:830} INFO - Processing file /opt/airflow/dags/minio-to-kafka.py for tasks to queue
[2026-08-31T09:53:13.583+0000] {logging_mixin.py:188} INFO - [2026-08-31T09:53:13.574+0000] {dagbag.py:545} INFO - Filling up the DagBag from /opt/airflow/dags/minio-to-kafka.py
[2026-08-31T09:53:15.338+0000] {processor.py:840} INFO - DAG(s) 'spotify_minio_to_snowflake_bronze' retrieved from /opt/airflow/dags/minio-to-kafka.py
[2026-08-31T09:53:15.375+0000] {logging_mixin.py:188} INFO - [2026-08-31T09:53:15.374+0000] {dag.py:3089} INFO - Sync 1 DAGs
[2026-08-31T09:53:15.401+0000] {logging_mixin.py:188} INFO - [2026-08-31T09:53:15.401+0000] {dag.py:3947} INFO - Setting next_dagrun for spotify_minio_to_snowflake_bronze to 2026-08-31 09:00:00+00:00, run_after=2026-08-31 10:00:00+00:00
[2026-08-31T09:53:15.423+0000] {processor.py:183} INFO - Processing /opt/airflow/dags/minio-to-kafka.py took 2.014 seconds
[2026-08-31T09:53:45.855+0000] {processor.py:161} INFO - Started process (PID=4174) to work on /opt/airflow/dags/minio-to-kafka.py
[2026-08-31T09:53:45.858+0000] {processor.py:830} INFO - Processing file /opt/airflow/dags/minio-to-kafka.py for tasks to queue
[2026-08-31T09:53:45.861+0000] {logging_mixin.py:188} INFO - [2026-08-31T09:53:45.860+0000] {dagbag.py:545} INFO - Filling up the DagBag from /opt/airflow/dags/minio-to-kafka.py
[2026-08-31T09:53:47.068+0000] {processor.py:840} INFO - DAG(s) 'spotify_minio_to_snowflake_bronze' retrieved from /opt/airflow/dags/minio-to-kafka.py
[2026-08-31T09:53:47.109+0000] {logging_mixin.py:188} INFO - [2026-08-31T09:53:47.108+0000] {dag.py:3089} INFO - Sync 1 DAGs
[2026-08-31T09:53:47.136+0000] {logging_mixin.py:188} INFO - [2026-08-31T09:53:47.135+0000] {dag.py:3947} INFO - Setting next_dagrun for spotify_minio_to_snowflake_bronze to 2026-08-31 09:00:00+00:00, run_after=2026-08-31 10:00:00+00:00
[2026-08-31T09:53:47.161+0000] {processor.py:183} INFO - Processing /opt/airflow/dags/minio-to-kafka.py took 1.320 seconds
[2026-08-31T09:54:17.281+0000] {processor.py:161} INFO - Started process (PID=4177) to work on /opt/airflow/dags/minio-to-kafka.py
[2026-08-31T09:54:17.284+0000] {processor.py:830} INFO - Processing file /opt/airflow/dags/minio-to-kafka.py for tasks to queue
[2026-08-31T09:54:17.288+0000] {logging_mixin.py:188} INFO - [2026-08-31T09:54:17.287+0000] {dagbag.py:545} INFO - Filling up the DagBag from /opt/airflow/dags/minio-to-kafka.py
[2026-08-31T09:54:19.257+0000] {processor.py:840} INFO - DAG(s) 'spotify_minio_to_snowflake_bronze' retrieved from /opt/airflow/dags/minio-to-kafka.py
[2026-08-31T09:54:19.310+0000] {logging_mixin.py:188} INFO - [2026-08-31T09:54:19.310+0000] {dag.py:3089} INFO - Sync 1 DAGs
[2026-08-31T09:54:19.343+0000] {logging_mixin.py:188} INFO - [2026-08-31T09:54:19.343+0000] {dag.py:3947} INFO - Setting next_dagrun for spotify_minio_to_snowflake_bronze to 2026-08-31 09:00:00+00:00, run_after=2026-08-31 10:00:00+00:00
[2026-08-31T09:54:19.377+0000] {processor.py:183} INFO - Processing /opt/airflow/dags/minio-to-kafka.py took 2.112 seconds
[2026-08-31T09:54:50.388+0000] {processor.py:161} INFO - Started process (PID=4180) to work on /opt/airflow/dags/minio-to-kafka.py
[2026-08-31T09:54:50.393+0000] {processor.py:830} INFO - Processing file /opt/airflow/dags/minio-to-kafka.py for tasks to queue
[2026-08-31T09:54:50.396+0000] {logging_mixin.py:188} INFO - [2026-08-31T09:54:50.395+0000] {dagbag.py:545} INFO - Filling up the DagBag from /opt/airflow/dags/minio-to-kafka.py
[2026-08-31T09:54:52.296+0000] {processor.py:840} INFO - DAG(s) 'spotify_minio_to_snowflake_bronze' retrieved from /opt/airflow/dags/minio-to-kafka.py
[2026-08-31T09:54:52.344+0000] {logging_mixin.py:188} INFO - [2026-08-31T09:54:52.343+0000] {dag.py:3089} INFO - Sync 1 DAGs
[2026-08-31T09:54:52.375+0000] {logging_mixin.py:188} INFO - [2026-08-31T09:54:52.375+0000] {dag.py:3947} INFO - Setting next_dagrun for spotify_minio_to_snowflake_bronze to 2026-08-31 09:00:00+00:00, run_after=2026-08-31 10:00:00+00:00
[2026-08-31T09:54:52.404+0000] {processor.py:183} INFO - Processing /opt/airflow/dags/minio-to-kafka.py took 2.030 seconds
[2026-08-31T09:55:22.891+0000] {processor.py:161} INFO - Started process (PID=4183) to work on /opt/airflow/dags/minio-to-kafka.py
[2026-08-31T09:55:22.897+0000] {processor.py:830} INFO - Processing file /opt/airflow/dags/minio-to-kafka.py for tasks to queue
[2026-08-31T09:55:22.901+0000] {logging_mixin.py:188} INFO - [2026-08-31T09:55:22.900+0000] {dagbag.py:545} INFO - Filling up the DagBag from /opt/airflow/dags/minio-to-kafka.py
[2026-08-31T09:55:24.260+0000] {processor.py:840} INFO - DAG(s) 'spotify_minio_to_snowflake_bronze' retrieved from /opt/airflow/dags/minio-to-kafka.py
[2026-08-31T09:55:24.308+0000] {logging_mixin.py:188} INFO - [2026-08-31T09:55:24.308+0000] {dag.py:3089} INFO - Sync 1 DAGs
[2026-08-31T09:55:24.341+0000] {logging_mixin.py:188} INFO - [2026-08-31T09:55:24.341+0000] {dag.py:3947} INFO - Setting next_dagrun for spotify_minio_to_snowflake_bronze to 2026-08-31 09:00:00+00:00, run_after=2026-08-31 10:00:00+00:00
[2026-08-31T09:55:24.366+0000] {processor.py:183} INFO - Processing /opt/airflow/dags/minio-to-kafka.py took 1.496 seconds
[2026-08-31T09:55:54.838+0000] {processor.py:161} INFO - Started process (PID=4186) to work on /opt/airflow/dags/minio-to-kafka.py
[2026-08-31T09:55:54.842+0000] {processor.py:830} INFO - Processing file /opt/airflow/dags/minio-to-kafka.py for tasks to queue
[2026-08-31T09:55:54.847+0000] {logging_mixin.py:188} INFO - [2026-08-31T09:55:54.846+0000] {dagbag.py:545} INFO - Filling up the DagBag from /opt/airflow/dags/minio-to-kafka.py
[2026-08-31T09:55:55.739+0000] {processor.py:840} INFO - DAG(s) 'spotify_minio_to_snowflake_bronze' retrieved from /opt/airflow/dags/minio-to-kafka.py
[2026-08-31T09:55:55.841+0000] {logging_mixin.py:188} INFO - [2026-08-31T09:55:55.840+0000] {dag.py:3089} INFO - Sync 1 DAGs
[2026-08-31T09:55:55.918+0000] {logging_mixin.py:188} INFO - [2026-08-31T09:55:55.918+0000] {dag.py:3947} INFO - Setting next_dagrun for spotify_minio_to_snowflake_bronze to 2026-08-31 09:00:00+00:00, run_after=2026-08-31 10:00:00+00:00
[2026-08-31T09:55:55.975+0000] {processor.py:183} INFO - Processing /opt/airflow/dags/minio-to-kafka.py took 1.162 seconds
[2026-08-31T09:56:26.172+0000] {processor.py:161} INFO - Started process (PID=4189) to work on /opt/airflow/dags/minio-to-kafka.py
[2026-08-31T09:56:26.175+0000] {processor.py:830} INFO - Processing file /opt/airflow/dags/minio-to-kafka.py for tasks to queue
[2026-08-31T09:56:26.178+0000] {logging_mixin.py:188} INFO - [2026-08-31T09:56:26.178+0000] {dagbag.py:545} INFO - Filling up the DagBag from /opt/airflow/dags/minio-to-kafka.py
[2026-08-31T09:56:27.209+0000] {processor.py:840} INFO - DAG(s) 'spotify_minio_to_snowflake_bronze' retrieved from /opt/airflow/dags/minio-to-kafka.py
[2026-08-31T09:56:27.252+0000] {logging_mixin.py:188} INFO - [2026-08-31T09:56:27.251+0000] {dag.py:3089} INFO - Sync 1 DAGs
[2026-08-31T09:56:27.281+0000] {logging_mixin.py:188} INFO - [2026-08-31T09:56:27.281+0000] {dag.py:3947} INFO - Setting next_dagrun for spotify_minio_to_snowflake_bronze to 2026-08-31 09:00:00+00:00, run_after=2026-08-31 10:00:00+00:00
[2026-08-31T09:56:27.314+0000] {processor.py:183} INFO - Processing /opt/airflow/dags/minio-to-kafka.py took 1.161 seconds
[2026-08-31T09:56:57.975+0000] {processor.py:161} INFO - Started process (PID=4192) to work on /opt/airflow/dags/minio-to-kafka.py
[2026-08-31T09:56:58.017+0000] {processor.py:830} INFO - Processing file /opt/airflow/dags/minio-to-kafka.py for tasks to queue
[2026-08-31T09:56:58.038+0000] {logging_mixin.py:188} INFO - [2026-08-31T09:56:58.030+0000] {dagbag.py:545} INFO - Filling up the DagBag from /opt/airflow/dags/minio-to-kafka.py
[2026-08-31T09:56:59.945+0000] {processor.py:840} INFO - DAG(s) 'spotify_minio_to_snowflake_bronze' retrieved from /opt/airflow/dags/minio-to-kafka.py
[2026-08-31T09:57:00.040+0000] {logging_mixin.py:188} INFO - [2026-08-31T09:57:00.039+0000] {dag.py:3089} INFO - Sync 1 DAGs
[2026-08-31T09:57:00.083+0000] {logging_mixin.py:188} INFO - [2026-08-31T09:57:00.083+0000] {dag.py:3947} INFO - Setting next_dagrun for spotify_minio_to_snowflake_bronze to 2026-08-31 09:00:00+00:00, run_after=2026-08-31 10:00:00+00:00
[2026-08-31T09:57:00.172+0000] {processor.py:183} INFO - Processing /opt/airflow/dags/minio-to-kafka.py took 2.293 seconds
[2026-08-31T09:57:30.342+0000] {processor.py:161} INFO - Started process (PID=4195) to work on /opt/airflow/dags/minio-to-kafka.py
[2026-08-31T09:57:30.345+0000] {processor.py:830} INFO - Processing file /opt/airflow/dags/minio-to-kafka.py for tasks to queue
[2026-08-31T09:57:30.350+0000] {logging_mixin.py:188} INFO - [2026-08-31T09:57:30.348+0000] {dagbag.py:545} INFO - Filling up the DagBag from /opt/airflow/dags/minio-to-kafka.py
[2026-08-31T09:57:31.684+0000] {processor.py:840} INFO - DAG(s) 'spotify_minio_to_snowflake_bronze' retrieved from /opt/airflow/dags/minio-to-kafka.py
[2026-08-31T09:57:31.734+0000] {logging_mixin.py:188} INFO - [2026-08-31T09:57:31.733+0000] {dag.py:3089} INFO - Sync 1 DAGs
[2026-08-31T09:57:31.766+0000] {logging_mixin.py:188} INFO - [2026-08-31T09:57:31.766+0000] {dag.py:3947} INFO - Setting next_dagrun for spotify_minio_to_snowflake_bronze to 2026-08-31 09:00:00+00:00, run_after=2026-08-31 10:00:00+00:00
[2026-08-31T09:57:31.812+0000] {processor.py:183} INFO - Processing /opt/airflow/dags/minio-to-kafka.py took 1.480 seconds
[2026-08-31T09:58:02.204+0000] {processor.py:161} INFO - Started process (PID=4198) to work on /opt/airflow/dags/minio-to-kafka.py
[2026-08-31T09:58:02.218+0000] {processor.py:830} INFO - Processing file /opt/airflow/dags/minio-to-kafka.py for tasks to queue
[2026-08-31T09:58:02.227+0000] {logging_mixin.py:188} INFO - [2026-08-31T09:58:02.224+0000] {dagbag.py:545} INFO - Filling up the DagBag from /opt/airflow/dags/minio-to-kafka.py
[2026-08-31T09:58:03.675+0000] {processor.py:840} INFO - DAG(s) 'spotify_minio_to_snowflake_bronze' retrieved from /opt/airflow/dags/minio-to-kafka.py
[2026-08-31T09:58:03.725+0000] {logging_mixin.py:188} INFO - [2026-08-31T09:58:03.724+0000] {dag.py:3089} INFO - Sync 1 DAGs
[2026-08-31T09:58:03.756+0000] {logging_mixin.py:188} INFO - [2026-08-31T09:58:03.756+0000] {dag.py:3947} INFO - Setting next_dagrun for spotify_minio_to_snowflake_bronze to 2026-08-31 09:00:00+00:00, run_after=2026-08-31 10:00:00+00:00
[2026-08-31T09:58:03.793+0000] {processor.py:183} INFO - Processing /opt/airflow/dags/minio-to-kafka.py took 1.685 seconds
[2026-08-31T09:58:33.949+0000] {processor.py:161} INFO - Started process (PID=4201) to work on /opt/airflow/dags/minio-to-kafka.py
[2026-08-31T09:58:33.953+0000] {processor.py:830} INFO - Processing file /opt/airflow/dags/minio-to-kafka.py for tasks to queue
[2026-08-31T09:58:33.957+0000] {logging_mixin.py:188} INFO - [2026-08-31T09:58:33.956+0000] {dagbag.py:545} INFO - Filling up the DagBag from /opt/airflow/dags/minio-to-kafka.py
[2026-08-31T09:58:35.205+0000] {processor.py:840} INFO - DAG(s) 'spotify_minio_to_snowflake_bronze' retrieved from /opt/airflow/dags/minio-to-kafka.py
[2026-08-31T09:58:35.292+0000] {logging_mixin.py:188} INFO - [2026-08-31T09:58:35.292+0000] {dag.py:3089} INFO - Sync 1 DAGs
[2026-08-31T09:58:35.355+0000] {logging_mixin.py:188} INFO - [2026-08-31T09:58:35.354+0000] {dag.py:3947} INFO - Setting next_dagrun for spotify_minio_to_snowflake_bronze to 2026-08-31 09:00:00+00:00, run_after=2026-08-31 10:00:00+00:00
[2026-08-31T09:58:35.395+0000] {processor.py:183} INFO - Processing /opt/airflow/dags/minio-to-kafka.py took 1.470 seconds
[2026-08-31T09:59:05.769+0000] {processor.py:161} INFO - Started process (PID=4204) to work on /opt/airflow/dags/minio-to-kafka.py
[2026-08-31T09:59:05.781+0000] {processor.py:830} INFO - Processing file /opt/airflow/dags/minio-to-kafka.py for tasks to queue
[2026-08-31T09:59:05.790+0000] {logging_mixin.py:188} INFO - [2026-08-31T09:59:05.788+0000] {dagbag.py:545} INFO - Filling up the DagBag from /opt/airflow/dags/minio-to-kafka.py
[2026-08-31T09:59:06.697+0000] {processor.py:840} INFO - DAG(s) 'spotify_minio_to_snowflake_bronze' retrieved from /opt/airflow/dags/minio-to-kafka.py
[2026-08-31T09:59:06.780+0000] {logging_mixin.py:188} INFO - [2026-08-31T09:59:06.779+0000] {dag.py:3089} INFO - Sync 1 DAGs
[2026-08-31T09:59:06.823+0000] {logging_mixin.py:188} INFO - [2026-08-31T09:59:06.822+0000] {dag.py:3947} INFO - Setting next_dagrun for spotify_minio_to_snowflake_bronze to 2026-08-31 09:00:00+00:00, run_after=2026-08-31 10:00:00+00:00
[2026-08-31T09:59:06.854+0000] {processor.py:183} INFO - Processing /opt/airflow/dags/minio-to-kafka.py took 1.131 seconds
[2026-08-31T09:59:37.194+0000] {processor.py:161} INFO - Started process (PID=4207) to work on /opt/airflow/dags/minio-to-kafka.py
[2026-08-31T09:59:37.196+0000] {processor.py:830} INFO - Processing file /opt/airflow/dags/minio-to-kafka.py for tasks to queue
[2026-08-31T09:59:37.199+0000] {logging_mixin.py:188} INFO - [2026-08-31T09:59:37.198+0000] {dagbag.py:545} INFO - Filling up the DagBag from /opt/airflow/dags/minio-to-kafka.py
[2026-08-31T09:59:38.011+0000] {processor.py:840} INFO - DAG(s) 'spotify_minio_to_snowflake_bronze' retrieved from /opt/airflow/dags/minio-to-kafka.py
[2026-08-31T09:59:38.052+0000] {logging_mixin.py:188} INFO - [2026-08-31T09:59:38.052+0000] {dag.py:3089} INFO - Sync 1 DAGs
[2026-08-31T09:59:38.084+0000] {logging_mixin.py:188} INFO - [2026-08-31T09:59:38.084+0000] {dag.py:3947} INFO - Setting next_dagrun for spotify_minio_to_snowflake_bronze to 2026-08-31 09:00:00+00:00, run_after=2026-08-31 10:00:00+00:00
[2026-08-31T09:59:38.111+0000] {processor.py:183} INFO - Processing /opt/airflow/dags/minio-to-kafka.py took 0.926 seconds
